date,annee,mois,trimestre,jour_annee,sin_mois,cos_mois,region,culture,type_sol,saison,pluviometrie_mm,temperature_celsius,humidite_pct,periode_semis_optimale,rendement_tonnes_ha
2024-02-01,2024,2,1,32,0.866,0.5,Poro,Anacarde,Sablonneux,Seche,10.1,34.5,35.0,0,0.84
2024-12-30,2024,12,4,365,-0.0,1.0,Nawa,Cacao,Limoneux,Seche,59.5,33.2,64.4,0,1.2
2023-05-11,2023,5,2,131,0.5,-0.866,Poro,Maïs,Argileux,Seche,8.7,35.3,43.3,1,1.55
2024-07-18,2024,7,3,200,-0.5,-0.866,Haut-Sassandra,Manioc,Limoneux,Pluies,212.4,27.6,85.4,0,15.48
2024-02-05,2024,2,1,36,0.866,0.5,Nawa,Cacao,Argileux,Seche,64.9,29.8,81.0,0,0.97
2024-01-01,2024,1,1,1,0.5,0.866,Haut-Sassandra,Cacao,Argileux,Seche,84.9,27.9,56.1,0,1.07
2023-11-11,2023,11,4,315,-0.5,0.866,Poro,Anacarde,Limoneux,Seche,10.6,33.6,37.3,0,0.68
2021-05-02,2021,5,2,122,0.5,-0.866,Haut-Sassandra,Manioc,Limoneux,Pluies,126.7,26.9,92.5,1,16.81
2022-04-12,2022,4,2,102,0.866,-0.5,Haut-Sassandra,Cacao,Limoneux,Seche,54.0,32.2,67.1,1,0.95
2024-05-23,2024,5,2,144,0.5,-0.866,Poro,Manioc,Sablonneux,Seche,10.0,33.0,35.0,1,6.37
2021-11-27,2021,11,4,331,-0.5,0.866,Haut-Sassandra,Cacao,Limoneux,Seche,31.8,30.8,67.7,0,1.27
2021-03-29,2021,3,1,88,1.0,0.0,Haut-Sassandra,Manioc,Sablonneux,Seche,44.2,28.3,71.2,0,11.14
2024-10-28,2024,10,4,302,-0.866,0.5,Nawa,Manioc,Limoneux,Pluies,220.1,27.8,84.5,0,19.82
2024-01-29,2024,1,1,29,0.5,0.866,Nawa,Manioc,Limoneux,Seche,45.3,32.2,66.7,0,11.33
2023-05-22,2023,5,2,142,0.5,-0.866,Haut-Sassandra,Manioc,Argileux,Pluies,199.4,31.3,90.6,1,10.94
2021-05-11,2021,5,2,131,0.5,-0.866,Haut-Sassandra,Maïs,Argileux,Pluies,88.7,26.5,92.3,1,1.42
2024-08-25,2024,8,3,238,-0.866,-0.5,Haut-Sassandra,Maïs,Argileux,Seche,34.7,32.3,64.8,1,1.39
2023-02-09,2023,2,1,40,0.866,0.5,Nawa,Cacao,Limoneux,Seche,12.2,27.9,67.1,0,0.95
2021-12-10,2021,12,4,344,-0.0,1.0,Haut-Sassandra,Cacao,Limoneux,Seche,51.7,29.6,69.8,0,1.09
2024-12-08,2024,12,4,343,-0.0,1.0,Poro,Anacarde,Sablonneux,Seche,10.5,29.2,49.2,0,0.71
2023-03-17,2023,3,1,76,1.0,0.0,Haut-Sassandra,Maïs,Argileux,Seche,43.3,25.9,77.2,0,1.24
2022-01-21,2022,1,1,21,0.5,0.866,Poro,Maïs,Sablonneux,Seche,9.8,34.0,42.2,0,1.25
2024-04-30,2024,4,2,121,0.866,-0.5,Nawa,Maïs,Argileux,Seche,57.4,29.1,81.3,1,1.43
2023-08-14,2023,8,3,226,-0.866,-0.5,Haut-Sassandra,Manioc,Limoneux,Seche,57.1,29.3,62.1,1,11.45
2021-10-04,2021,10,4,277,-0.866,0.5,Poro,Maïs,Argileux,Seche,24.9,35.8,64.1,0,1.12
2024-03-30,2024,3,1,90,1.0,0.0,Nawa,Manioc,Sablonneux,Seche,48.8,31.4,59.3,0,11.2
2022-04-05,2022,4,2,95,0.866,-0.5,Poro,Maïs,Sablonneux,Seche,20.0,32.0,28.3,0,1.19
2024-08-30,2024,8,3,243,-0.866,-0.5,Haut-Sassandra,Cacao,Argileux,Seche,63.8,29.7,69.3,1,1.08
2021-01-22,2021,1,1,22,0.5,0.866,Poro,Manioc,Sablonneux,Seche,12.6,36.4,44.2,0,6.25
2021-09-10,2021,9,3,253,-1.0,-0.0,Nawa,Cacao,Limoneux,Pluies,191.9,27.5,86.7,1,1.55
2023-01-18,2023,1,1,18,0.5,0.866,Nawa,Cacao,Argileux,Seche,16.4,32.0,76.9,0,1.03
2023-05-07,2023,5,2,127,0.5,-0.866,Nawa,Cacao,Argileux,Pluies,151.7,25.9,92.0,0,1.58
2022-04-20,2022,4,2,110,0.866,-0.5,Nawa,Maïs,Argileux,Seche,26.3,30.6,72.8,1,1.24
2023-12-19,2023,12,4,353,-0.0,1.0,Nawa,Cacao,Argileux,Seche,56.8,31.7,60.9,0,1.19
2022-05-26,2022,5,2,146,0.5,-0.866,Nawa,Cacao,Argileux,Pluies,235.1,26.6,82.3,1,0.96
2022-12-01,2022,12,4,335,-0.0,1.0,Nawa,Manioc,Argileux,Seche,51.0,33.3,69.3,0,11.29
2023-09-03,2023,9,3,246,-1.0,-0.0,Nawa,Cacao,Limoneux,Pluies,220.0,24.2,81.1,1,1.56
2021-07-09,2021,7,3,190,-0.5,-0.866,Poro,Anacarde,Limoneux,Pluies,174.5,26.7,66.5,0,1.12
2023-08-16,2023,8,3,228,-0.866,-0.5,Haut-Sassandra,Cacao,Limoneux,Seche,18.7,28.4,74.9,1,1.23
2022-11-18,2022,11,4,322,-0.5,0.866,Poro,Anacarde,Argileux,Seche,0.2,35.8,52.4,0,0.71
2023-08-16,2023,8,3,228,-0.866,-0.5,Nawa,Manioc,Limoneux,Seche,60.6,31.3,61.3,1,12.8
2022-07-17,2022,7,3,198,-0.5,-0.866,Nawa,Anacarde,Argileux,Pluies,204.2,31.2,77.6,0,0.4
2024-06-21,2024,6,2,173,0.0,-1.0,Nawa,Cacao,Argileux,Pluies,122.5,26.8,89.2,0,1.68
2023-04-12,2023,4,2,102,0.866,-0.5,Haut-Sassandra,Manioc,Limoneux,Seche,18.4,29.5,62.3,1,12.18
2024-02-29,2024,2,1,60,0.866,0.5,Nawa,Cacao,Argileux,Seche,51.8,31.4,64.4,0,1.08
2022-10-09,2022,10,4,282,-0.866,0.5,Poro,Anacarde,Sablonneux,Seche,9.9,37.7,46.6,0,0.8
2021-01-21,2021,1,1,21,0.5,0.866,Poro,Anacarde,Argileux,Seche,11.2,36.2,41.7,0,0.89
2023-04-21,2023,4,2,111,0.866,-0.5,Poro,Maïs,Sablonneux,Seche,14.8,36.5,50.6,0,1.3
2021-06-16,2021,6,2,167,0.0,-1.0,Nawa,Cacao,Limoneux,Pluies,146.0,24.6,86.2,0,1.58
2024-07-21,2024,7,3,203,-0.5,-0.866,Haut-Sassandra,Anacarde,Argileux,Pluies,190.9,26.4,86.9,0,0.56
2022-01-23,2022,1,1,23,0.5,0.866,Poro,Maïs,Limoneux,Seche,15.4,35.7,37.7,0,1.2
2022-08-24,2022,8,3,236,-0.866,-0.5,Nawa,Maïs,Argileux,Seche,42.7,31.2,70.9,1,1.28
2021-11-12,2021,11,4,316,-0.5,0.866,Haut-Sassandra,Manioc,Argileux,Seche,55.2,29.3,60.1,0,12.03
2021-01-14,2021,1,1,14,0.5,0.866,Poro,Maïs,Sablonneux,Seche,0.0,33.1,54.9,0,1.31
2021-08-30,2021,8,3,242,-0.866,-0.5,Nawa,Manioc,Argileux,Seche,58.7,31.9,72.4,1,11.34
2023-02-16,2023,2,1,47,0.866,0.5,Haut-Sassandra,Manioc,Argileux,Seche,42.1,27.4,64.7,0,11.78
2024-10-01,2024,10,4,275,-0.866,0.5,Poro,Anacarde,Sablonneux,Seche,14.6,34.8,54.2,0,0.74
2022-07-19,2022,7,3,200,-0.5,-0.866,Haut-Sassandra,Maïs,Sablonneux,Pluies,159.5,26.9,86.1,0,2.25
2023-06-17,2023,6,2,168,0.0,-1.0,Haut-Sassandra,Manioc,Argileux,Pluies,135.8,26.9,91.0,0,17.35
2024-09-25,2024,9,3,269,-1.0,-0.0,Haut-Sassandra,Cacao,Limoneux,Pluies,133.2,24.5,83.9,1,1.72
2021-04-02,2021,4,2,92,0.866,-0.5,Poro,Manioc,Sablonneux,Seche,3.7,36.5,30.7,0,5.91
2024-10-22,2024,10,4,296,-0.866,0.5,Nawa,Manioc,Limoneux,Pluies,239.6,25.0,90.8,0,12.75
2023-08-14,2023,8,3,226,-0.866,-0.5,Haut-Sassandra,Manioc,Argileux,Seche,23.3,34.7,68.7,1,11.92
2024-12-22,2024,12,4,357,-0.0,1.0,Nawa,Cacao,Limoneux,Seche,55.1,28.7,71.4,0,1.1
2022-05-24,2022,5,2,144,0.5,-0.866,Poro,Maïs,Sablonneux,Seche,15.4,37.0,47.1,1,1.24
2023-02-15,2023,2,1,46,0.866,0.5,Haut-Sassandra,Manioc,Limoneux,Seche,32.4,30.6,62.9,0,13.0
2021-02-04,2021,2,1,35,0.866,0.5,Haut-Sassandra,Cacao,Sablonneux,Seche,48.8,27.9,68.2,0,1.08
2021-07-25,2021,7,3,206,-0.5,-0.866,Poro,Maïs,Sablonneux,Pluies,193.4,28.3,70.1,0,1.75
2024-01-10,2024,1,1,10,0.5,0.866,Haut-Sassandra,Cacao,Limoneux,Seche,66.1,31.5,75.8,0,1.15
2024-11-12,2024,11,4,317,-0.5,0.866,Haut-Sassandra,Manioc,Argileux,Seche,49.0,29.6,72.5,0,12.25
2023-10-23,2023,10,4,296,-0.866,0.5,Nawa,Cacao,Argileux,Pluies,216.6,27.4,91.8,0,1.56
2023-10-19,2023,10,4,292,-0.866,0.5,Poro,Maïs,Limoneux,Seche,18.0,33.6,27.2,0,1.3
2024-11-14,2024,11,4,319,-0.5,0.866,Haut-Sassandra,Manioc,Argileux,Seche,77.8,30.8,57.4,0,11.78
2022-07-20,2022,7,3,201,-0.5,-0.866,Nawa,Manioc,Argileux,Pluies,167.4,27.3,86.8,0,18.28
2024-02-04,2024,2,1,35,0.866,0.5,Poro,Maïs,Sablonneux,Seche,19.2,30.7,56.5,0,1.34
2022-12-04,2022,12,4,338,-0.0,1.0,Haut-Sassandra,Cacao,Argileux,Seche,31.4,25.9,71.6,0,0.98
2022-02-06,2022,2,1,37,0.866,0.5,Nawa,Cacao,Argileux,Seche,35.0,30.3,60.7,0,1.1
2022-12-31,2022,12,4,365,-0.0,1.0,Poro,Anacarde,Argileux,Seche,25.5,31.7,53.0,0,0.76
2021-06-11,2021,6,2,162,0.0,-1.0,Haut-Sassandra,Cacao,Limoneux,Pluies,196.2,28.4,93.1,0,1.64
2021-07-21,2021,7,3,202,-0.5,-0.866,Nawa,Cacao,Sablonneux,Pluies,157.0,22.7,91.3,0,1.11
2023-09-23,2023,9,3,266,-1.0,-0.0,Nawa,Manioc,Argileux,Pluies,193.6,27.3,84.8,1,17.01
2021-09-27,2021,9,3,270,-1.0,-0.0,Poro,Maïs,Sablonneux,Pluies,165.6,28.7,78.6,0,1.91
2023-03-27,2023,3,1,86,1.0,0.0,Nawa,Maïs,Limoneux,Seche,54.1,29.5,72.5,0,1.2
2024-07-18,2024,7,3,200,-0.5,-0.866,Nawa,Maïs,Argileux,Pluies,140.6,28.1,80.5,0,1.97
2022-04-01,2022,4,2,91,0.866,-0.5,Poro,Anacarde,Limoneux,Seche,4.3,38.0,47.3,0,0.78
2024-06-29,2024,6,2,181,0.0,-1.0,Poro,Manioc,Sablonneux,Pluies,147.2,26.4,74.9,1,9.8
2023-10-14,2023,10,4,287,-0.866,0.5,Haut-Sassandra,Maïs,Argileux,Pluies,191.5,23.5,84.2,0,1.93
2021-10-23,2021,10,4,296,-0.866,0.5,Nawa,Cacao,Argileux,Pluies,229.6,23.3,92.0,0,1.78
2022-12-21,2022,12,4,355,-0.0,1.0,Poro,Anacarde,Limoneux,Seche,15.7,38.4,39.9,0,0.69
2021-12-04,2021,12,4,338,-0.0,1.0,Haut-Sassandra,Manioc,Sablonneux,Seche,45.7,28.8,61.3,0,12.37
2023-05-29,2023,5,2,149,0.5,-0.866,Nawa,Cacao,Limoneux,Pluies,217.5,24.9,87.6,1,1.52
2023-12-13,2023,12,4,347,-0.0,1.0,Poro,Cacao,Argileux,Seche,1.8,35.6,42.4,0,0.65
2023-03-03,2023,3,1,62,1.0,0.0,Nawa,Manioc,Argileux,Seche,40.5,32.1,56.7,0,13.15
2021-08-05,2021,8,3,217,-0.866,-0.5,Nawa,Maïs,Argileux,Seche,60.8,26.5,72.4,1,1.36
2023-02-03,2023,2,1,34,0.866,0.5,Poro,Cacao,Sablonneux,Seche,0.2,32.5,31.1,0,0.5
2021-07-07,2021,7,3,188,-0.5,-0.866,Nawa,Manioc,Limoneux,Pluies,251.3,26.4,88.2,0,11.65
2022-01-15,2022,1,1,15,0.5,0.866,Poro,Anacarde,Sablonneux,Seche,13.7,32.3,49.7,0,0.77
2022-05-08,2022,5,2,128,0.5,-0.866,Nawa,Cacao,Argileux,Pluies,228.0,25.3,85.5,1,1.83
2023-12-01,2023,12,4,335,-0.0,1.0,Haut-Sassandra,Manioc,Limoneux,Seche,69.1,31.9,79.0,0,11.14
2024-03-26,2024,3,1,86,1.0,0.0,Nawa,Cacao,Argileux,Seche,29.0,30.6,70.6,0,1.12
2021-01-15,2021,1,1,15,0.5,0.866,Haut-Sassandra,Manioc,Sablonneux,Seche,50.4,28.2,62.6,0,12.9
2021-03-06,2021,3,1,65,1.0,0.0,Nawa,Cacao,Sablonneux,Seche,84.2,31.8,65.3,0,1.09
2022-06-05,2022,6,2,156,0.0,-1.0,Poro,Maïs,Sablonneux,Pluies,128.2,30.6,81.1,1,1.35
2024-09-29,2024,9,3,273,-1.0,-0.0,Poro,Maïs,Sablonneux,Pluies,188.9,26.5,68.3,0,1.92
2024-02-27,2024,2,1,58,0.866,0.5,Haut-Sassandra,Cacao,Argileux,Seche,62.8,33.5,66.8,0,1.1
2022-10-10,2022,10,4,283,-0.866,0.5,Poro,Anacarde,Sablonneux,Seche,9.7,33.4,48.6,0,0.73
2023-12-23,2023,12,4,357,-0.0,1.0,Nawa,Cacao,Limoneux,Seche,4.5,29.6,65.0,0,1.2
2024-03-08,2024,3,1,68,1.0,0.0,Nawa,Maïs,Argileux,Seche,67.8,34.6,68.7,0,1.32
2022-08-16,2022,8,3,228,-0.866,-0.5,Nawa,Manioc,Limoneux,Seche,24.4,27.1,64.1,1,11.65
2022-01-27,2022,1,1,27,0.5,0.866,Nawa,Cacao,Argileux,Seche,63.3,31.0,71.2,0,0.91
2022-02-23,2022,2,1,54,0.866,0.5,Poro,Anacarde,Sablonneux,Seche,5.0,35.4,35.7,0,0.69
2021-10-16,2021,10,4,289,-0.866,0.5,Nawa,Cacao,Sablonneux,Pluies,135.5,29.1,87.4,0,1.15
2022-01-14,2022,1,1,14,0.5,0.866,Haut-Sassandra,Manioc,Sablonneux,Seche,31.8,30.1,72.1,0,11.72
2021-08-19,2021,8,3,231,-0.866,-0.5,Nawa,Manioc,Argileux,Seche,40.7,26.2,65.0,1,13.43
2023-10-15,2023,10,4,288,-0.866,0.5,Poro,Manioc,Limoneux,Seche,6.9,37.0,46.0,0,5.59
2021-02-10,2021,2,1,41,0.866,0.5,Haut-Sassandra,Cacao,Argileux,Seche,57.6,29.7,72.0,0,1.08
2023-11-18,2023,11,4,322,-0.5,0.866,Haut-Sassandra,Manioc,Limoneux,Seche,40.9,28.9,70.6,0,10.15
2021-05-15,2021,5,2,135,0.5,-0.866,Poro,Maïs,Limoneux,Seche,21.9,31.8,46.0,1,1.31
2021-07-20,2021,7,3,201,-0.5,-0.866,Nawa,Maïs,Limoneux,Pluies,164.0,25.1,80.8,0,1.75
2023-02-19,2023,2,1,50,0.866,0.5,Haut-Sassandra,Maïs,Limoneux,Seche,75.0,28.8,66.1,0,1.23
2023-07-19,2023,7,3,200,-0.5,-0.866,Haut-Sassandra,Maïs,Argileux,Pluies,143.1,25.9,91.9,0,1.99
2023-11-23,2023,11,4,327,-0.5,0.866,Haut-Sassandra,Cacao,Limoneux,Seche,68.9,28.2,73.5,0,1.08
2023-12-08,2023,12,4,342,-0.0,1.0,Poro,Manioc,Argileux,Seche,6.0,32.6,47.7,0,5.88
2022-05-18,2022,5,2,138,0.5,-0.866,Nawa,Manioc,Limoneux,Pluies,241.2,26.3,84.4,1,11.05
2022-02-11,2022,2,1,42,0.866,0.5,Nawa,Maïs,Limoneux,Seche,9.8,26.6,68.3,0,1.23
2023-03-16,2023,3,1,75,1.0,0.0,Haut-Sassandra,Manioc,Sablonneux,Seche,18.9,28.5,61.7,0,12.35
2021-04-09,2021,4,2,99,0.866,-0.5,Nawa,Cacao,Limoneux,Seche,59.7,34.0,59.6,1,0.83
2022-11-15,2022,11,4,319,-0.5,0.866,Haut-Sassandra,Cacao,Argileux,Seche,42.5,30.2,61.3,0,1.18
2022-12-27,2022,12,4,361,-0.0,1.0,Poro,Maïs,Sablonneux,Seche,9.2,32.7,36.6,0,1.16
2023-08-19,2023,8,3,231,-0.866,-0.5,Haut-Sassandra,Cacao,Argileux,Seche,53.2,28.3,66.1,1,1.09
2022-09-05,2022,9,3,248,-1.0,-0.0,Nawa,Manioc,Limoneux,Pluies,253.7,27.7,85.1,1,10.92
2022-10-05,2022,10,4,278,-0.866,0.5,Poro,Anacarde,Limoneux,Seche,13.7,34.2,44.3,0,0.8
2023-10-26,2023,10,4,299,-0.866,0.5,Nawa,Maïs,Argileux,Pluies,200.8,26.8,84.2,0,1.9
2024-05-26,2024,5,2,147,0.5,-0.866,Haut-Sassandra,Manioc,Argileux,Pluies,199.8,23.0,83.1,1,16.52
2022-05-18,2022,5,2,138,0.5,-0.866,Poro,Anacarde,Sablonneux,Seche,21.5,29.9,39.2,1,0.87
2023-02-06,2023,2,1,37,0.866,0.5,Nawa,Cacao,Argileux,Seche,70.8,28.9,71.8,0,1.21
2022-02-02,2022,2,1,33,0.866,0.5,Poro,Anacarde,Limoneux,Seche,10.2,32.9,33.4,0,0.73
2023-05-21,2023,5,2,141,0.5,-0.866,Poro,Cacao,Sablonneux,Seche,19.2,28.8,38.3,1,0.7
2023-03-06,2023,3,1,65,1.0,0.0,Poro,Anacarde,Limoneux,Seche,3.9,34.8,32.5,1,0.79
2022-01-28,2022,1,1,28,0.5,0.866,Nawa,Manioc,Sablonneux,Seche,38.1,30.6,69.7,0,12.42
2021-07-26,2021,7,3,207,-0.5,-0.866,Nawa,Manioc,Sablonneux,Pluies,191.6,24.9,87.4,0,17.43
2023-11-05,2023,11,4,309,-0.5,0.866,Haut-Sassandra,Cacao,Limoneux,Seche,83.4,23.6,65.0,0,1.1
2023-06-11,2023,6,2,162,0.0,-1.0,Poro,Maïs,Argileux,Pluies,180.0,30.5,75.1,1,1.35
2023-05-14,2023,5,2,134,0.5,-0.866,Haut-Sassandra,Cacao,Argileux,Pluies,171.4,24.6,93.2,1,1.67
2023-01-13,2023,1,1,13,0.5,0.866,Nawa,Manioc,Argileux,Seche,39.5,27.2,69.1,0,10.81
2024-06-18,2024,6,2,170,0.0,-1.0,Haut-Sassandra,Cacao,Argileux,Pluies,236.4,29.9,88.5,0,1.16
2022-07-18,2022,7,3,199,-0.5,-0.866,Poro,Maïs,Sablonneux,Pluies,213.1,27.9,73.7,0,1.99
2023-10-18,2023,10,4,291,-0.866,0.5,Nawa,Maïs,Sablonneux,Pluies,175.7,28.3,89.9,0,2.04
2021-04-06,2021,4,2,96,0.866,-0.5,Nawa,Cacao,Limoneux,Seche,84.0,29.5,72.9,1,1.33
2022-04-30,2022,4,2,120,0.866,-0.5,Haut-Sassandra,Anacarde,Argileux,Seche,35.9,27.9,73.1,1,0.34
2024-12-01,2024,12,4,336,-0.0,1.0,Nawa,Manioc,Limoneux,Seche,23.9,32.3,71.6,0,11.75
2021-08-19,2021,8,3,231,-0.866,-0.5,Nawa,Cacao,Limoneux,Seche,47.5,28.5,59.9,1,1.05
2023-01-19,2023,1,1,19,0.5,0.866,Haut-Sassandra,Manioc,Argileux,Seche,36.8,32.2,69.6,0,12.03
2024-04-09,2024,4,2,100,0.866,-0.5,Haut-Sassandra,Anacarde,Limoneux,Seche,59.7,31.7,62.5,1,0.38
2022-06-25,2022,6,2,176,0.0,-1.0,Nawa,Manioc,Limoneux,Pluies,184.2,28.0,83.2,1,18.14
2023-11-26,2023,11,4,330,-0.5,0.866,Poro,Cacao,Limoneux,Seche,11.8,28.6,31.6,0,0.57
2022-06-09,2022,6,2,160,0.0,-1.0,Nawa,Cacao,Sablonneux,Pluies,131.6,27.0,79.8,0,1.7
2024-03-29,2024,3,1,89,1.0,0.0,Haut-Sassandra,Cacao,Sablonneux,Seche,50.5,31.7,70.3,0,1.15
2024-06-20,2024,6,2,172,0.0,-1.0,Haut-Sassandra,Manioc,Limoneux,Pluies,212.9,25.1,90.4,0,18.02
2024-01-15,2024,1,1,15,0.5,0.866,Poro,Anacarde,Sablonneux,Seche,19.3,29.1,49.5,0,0.84
2022-08-01,2022,8,3,213,-0.866,-0.5,Haut-Sassandra,Cacao,Argileux,Seche,25.0,29.9,57.5,1,1.06
2022-11-13,2022,11,4,317,-0.5,0.866,Poro,Cacao,Limoneux,Seche,12.7,33.7,34.2,0,0.53
2022-07-11,2022,7,3,192,-0.5,-0.866,Haut-Sassandra,Maïs,Limoneux,Pluies,264.5,28.4,86.9,0,1.34
2023-10-10,2023,10,4,283,-0.866,0.5,Haut-Sassandra,Cacao,Limoneux,Pluies,185.6,28.3,84.9,0,1.48
2022-10-08,2022,10,4,281,-0.866,0.5,Haut-Sassandra,Cacao,Limoneux,Pluies,241.0,26.4,83.0,0,1.16
2023-03-07,2023,3,1,66,1.0,0.0,Nawa,Cacao,Argileux,Seche,51.9,30.2,66.7,0,1.05
2023-11-18,2023,11,4,322,-0.5,0.866,Haut-Sassandra,Cacao,Sablonneux,Seche,62.1,32.7,66.6,0,1.14
2024-09-25,2024,9,3,269,-1.0,-0.0,Haut-Sassandra,Manioc,Argileux,Pluies,205.3,27.2,85.5,1,17.47
2024-09-16,2024,9,3,260,-1.0,-0.0,Poro,Anacarde,Limoneux,Pluies,124.3,26.2,80.1,0,1.0
2024-10-03,2024,10,4,277,-0.866,0.5,Nawa,Manioc,Argileux,Pluies,174.1,26.1,78.1,0,16.79
2024-06-08,2024,6,2,160,0.0,-1.0,Nawa,Cacao,Argileux,Pluies,167.7,24.9,90.8,0,1.46
2021-07-09,2021,7,3,190,-0.5,-0.866,Haut-Sassandra,Cacao,Limoneux,Pluies,177.4,27.0,88.7,0,1.7
2024-06-02,2024,6,2,154,0.0,-1.0,Haut-Sassandra,Manioc,Argileux,Pluies,248.4,28.5,85.3,1,11.23
2024-11-09,2024,11,4,314,-0.5,0.866,Nawa,Manioc,Argileux,Seche,46.7,30.2,81.8,0,11.58
2024-11-01,2024,11,4,306,-0.5,0.866,Haut-Sassandra,Cacao,Argileux,Seche,28.8,26.0,73.3,0,1.14
2024-07-30,2024,7,3,212,-0.5,-0.866,Poro,Anacarde,Sablonneux,Pluies,141.9,28.6,77.4,0,1.21
2022-09-25,2022,9,3,268,-1.0,-0.0,Poro,Maïs,Limoneux,Pluies,127.3,26.4,70.2,0,1.48
2022-09-20,2022,9,3,263,-1.0,-0.0,Nawa,Maïs,Sablonneux,Pluies,198.4,28.9,86.0,1,1.94
2023-08-31,2023,8,3,243,-0.866,-0.5,Haut-Sassandra,Cacao,Sablonneux,Seche,87.1,34.0,56.3,1,1.12
2024-07-06,2024,7,3,188,-0.5,-0.866,Nawa,Manioc,Sablonneux,Pluies,154.7,26.5,82.1,0,13.28
2024-10-14,2024,10,4,288,-0.866,0.5,Poro,Anacarde,Sablonneux,Seche,15.8,30.6,42.5,0,0.67
2022-12-11,2022,12,4,345,-0.0,1.0,Haut-Sassandra,Cacao,Sablonneux,Seche,23.2,30.6,73.0,0,1.11
2024-12-05,2024,12,4,340,-0.0,1.0,Poro,Anacarde,Sablonneux,Seche,5.8,38.3,31.2,0,0.83
2022-10-11,2022,10,4,284,-0.866,0.5,Haut-Sassandra,Manioc,Limoneux,Pluies,150.8,22.3,91.0,0,10.4
2021-11-14,2021,11,4,318,-0.5,0.866,Nawa,Maïs,Limoneux,Seche,53.0,31.8,71.5,0,1.15
2024-06-02,2024,6,2,154,0.0,-1.0,Poro,Manioc,Sablonneux,Pluies,199.7,30.1,76.7,1,6.16
2024-06-11,2024,6,2,163,0.0,-1.0,Nawa,Cacao,Limoneux,Pluies,159.0,29.8,87.5,0,1.09
2022-11-15,2022,11,4,319,-0.5,0.866,Haut-Sassandra,Cacao,Argileux,Seche,24.5,29.7,57.9,0,1.07
2022-10-26,2022,10,4,299,-0.866,0.5,Haut-Sassandra,Manioc,Sablonneux,Pluies,193.1,25.9,85.5,0,19.14
2024-10-29,2024,10,4,303,-0.866,0.5,Nawa,Cacao,Argileux,Pluies,210.4,27.4,81.2,0,1.55
2024-06-10,2024,6,2,162,0.0,-1.0,Nawa,Manioc,Limoneux,Pluies,195.2,26.2,82.6,0,15.84
2024-02-11,2024,2,1,42,0.866,0.5,Haut-Sassandra,Cacao,Argileux,Seche,62.8,30.2,67.8,0,1.24
2022-03-18,2022,3,1,77,1.0,0.0,Nawa,Cacao,Limoneux,Seche,38.4,28.7,64.0,0,1.24
2022-07-18,2022,7,3,199,-0.5,-0.866,Haut-Sassandra,Cacao,Argileux,Pluies,178.4,26.4,85.5,0,1.6
2024-07-15,2024,7,3,197,-0.5,-0.866,Poro,Anacarde,Argileux,Pluies,121.1,30.6,57.5,0,0.77
2024-11-10,2024,11,4,315,-0.5,0.866,Nawa,Cacao,Argileux,Seche,48.4,27.5,63.0,0,1.21
2024-11-11,2024,11,4,316,-0.5,0.866,Haut-Sassandra,Manioc,Argileux,Seche,29.5,30.4,68.6,0,11.41
2024-02-11,2024,2,1,42,0.866,0.5,Poro,Anacarde,Sablonneux,Seche,0.0,32.8,30.3,0,0.83
2023-08-10,2023,8,3,222,-0.866,-0.5,Haut-Sassandra,Cacao,Argileux,Seche,58.7,25.0,69.7,1,1.23
2024-01-10,2024,1,1,10,0.5,0.866,Haut-Sassandra,Manioc,Limoneux,Seche,20.2,32.4,73.6,0,11.18
2022-11-30,2022,11,4,334,-0.5,0.866,Haut-Sassandra,Manioc,Limoneux,Seche,41.1,29.5,69.5,0,11.79
2021-04-23,2021,4,2,113,0.866,-0.5,Nawa,Cacao,Argileux,Seche,47.5,30.0,79.1,1,1.0
2021-01-02,2021,1,1,2,0.5,0.866,Haut-Sassandra,Manioc,Argileux,Seche,56.6,31.1,72.7,0,12.28
2022-10-04,2022,10,4,277,-0.866,0.5,Nawa,Manioc,Limoneux,Pluies,157.2,27.8,81.3,0,17.24
2021-08-08,2021,8,3,220,-0.866,-0.5,Haut-Sassandra,Manioc,Argileux,Seche,46.9,31.9,67.3,1,11.15
2023-05-05,2023,5,2,125,0.5,-0.866,Haut-Sassandra,Cacao,Argileux,Pluies,173.7,27.9,86.3,1,1.95
2024-06-02,2024,6,2,154,0.0,-1.0,Nawa,Cacao,Limoneux,Pluies,174.2,24.8,85.9,0,1.61
2022-01-20,2022,1,1,20,0.5,0.866,Nawa,Cacao,Sablonneux,Seche,40.4,27.5,66.5,0,1.15
2024-11-27,2024,11,4,332,-0.5,0.866,Nawa,Cacao,Limoneux,Seche,47.4,30.3,68.2,1,1.32
2024-02-28,2024,2,1,59,0.866,0.5,Nawa,Manioc,Argileux,Seche,29.0,29.4,77.7,0,11.26
2023-12-13,2023,12,4,347,-0.0,1.0,Haut-Sassandra,Manioc,Sablonneux,Seche,48.5,29.1,75.9,0,11.14
2022-12-31,2022,12,4,365,-0.0,1.0,Haut-Sassandra,Manioc,Argileux,Seche,27.9,28.5,57.7,0,12.2
2024-12-10,2024,12,4,345,-0.0,1.0,Poro,Maïs,Argileux,Seche,0.5,34.4,51.1,0,1.21
2021-09-04,2021,9,3,247,-1.0,-0.0,Nawa,Maïs,Argileux,Pluies,213.1,27.6,80.6,1,1.86
2023-04-16,2023,4,2,106,0.866,-0.5,Nawa,Manioc,Limoneux,Seche,15.3,28.5,71.1,1,10.95
2021-07-22,2021,7,3,203,-0.5,-0.866,Haut-Sassandra,Cacao,Argileux,Pluies,216.9,27.8,94.9,0,1.51
2024-04-22,2024,4,2,113,0.866,-0.5,Poro,Manioc,Sablonneux,Seche,0.0,36.1,53.1,0,6.67
2021-05-03,2021,5,2,123,0.5,-0.866,Haut-Sassandra,Maïs,Argileux,Pluies,171.2,28.7,83.6,1,1.85
2022-02-05,2022,2,1,36,0.866,0.5,Nawa,Maïs,Argileux,Seche,72.0,35.5,61.2,0,1.25
2023-02-06,2023,2,1,37,0.866,0.5,Poro,Anacarde,Sablonneux,Seche,17.1,34.2,43.2,0,0.75
2021-10-21,2021,10,4,294,-0.866,0.5,Haut-Sassandra,Manioc,Sablonneux,Pluies,180.8,26.9,82.2,0,17.07
2021-10-07,2021,10,4,280,-0.866,0.5,Poro,Anacarde,Sablonneux,Seche,4.3,31.2,39.0,0,0.77
2023-06-03,2023,6,2,154,0.0,-1.0,Nawa,Manioc,Limoneux,Pluies,182.6,24.5,78.7,0,14.73
2021-07-17,2021,7,3,198,-0.5,-0.866,Nawa,Cacao,Sablonneux,Pluies,166.3,25.9,82.2,0,1.45
2023-09-09,2023,9,3,252,-1.0,-0.0,Haut-Sassandra,Manioc,Argileux,Pluies,220.6,28.1,87.7,1,16.39
2023-01-22,2023,1,1,22,0.5,0.866,Haut-Sassandra,Maïs,Limoneux,Seche,47.2,26.2,69.8,0,1.2
2021-05-24,2021,5,2,144,0.5,-0.866,Nawa,Cacao,Limoneux,Pluies,196.1,27.2,89.2,1,1.71
2022-09-01,2022,9,3,244,-1.0,-0.0,Nawa,Manioc,Argileux,Pluies,202.1,27.2,85.5,1,16.36
2024-05-09,2024,5,2,130,0.5,-0.866,Nawa,Maïs,Limoneux,Pluies,185.4,24.7,92.2,1,1.86
2024-02-22,2024,2,1,53,0.866,0.5,Haut-Sassandra,Cacao,Limoneux,Seche,56.5,29.6,66.2,0,1.25
2021-07-06,2021,7,3,187,-0.5,-0.866,Nawa,Manioc,Limoneux,Pluies,225.7,30.1,92.8,0,10.7
2024-09-11,2024,9,3,255,-1.0,-0.0,Haut-Sassandra,Cacao,Sablonneux,Pluies,201.1,27.5,92.8,1,1.72
2022-04-09,2022,4,2,99,0.866,-0.5,Nawa,Manioc,Limoneux,Seche,22.3,31.8,76.0,1,12.16
2024-10-04,2024,10,4,278,-0.866,0.5,Haut-Sassandra,Maïs,Limoneux,Pluies,273.3,28.0,81.5,0,1.47
2022-10-22,2022,10,4,295,-0.866,0.5,Poro,Maïs,Limoneux,Seche,15.9,30.3,45.9,0,1.39
2023-02-03,2023,2,1,34,0.866,0.5,Haut-Sassandra,Cacao,Limoneux,Seche,51.8,26.6,61.3,0,1.07
2023-08-13,2023,8,3,225,-0.866,-0.5,Nawa,Cacao,Limoneux,Seche,37.1,28.6,65.2,1,1.12
2022-02-07,2022,2,1,38,0.866,0.5,Nawa,Anacarde,Argileux,Seche,58.5,30.3,65.3,0,0.39
2024-10-01,2024,10,4,275,-0.866,0.5,Nawa,Maïs,Limoneux,Pluies,164.5,24.6,96.1,0,1.64
2021-05-27,2021,5,2,147,0.5,-0.866,Haut-Sassandra,Manioc,Sablonneux,Pluies,148.3,26.7,75.4,1,17.19
2024-03-17,2024,3,1,77,1.0,0.0,Poro,Anacarde,Limoneux,Seche,2.9,32.6,45.5,0,0.78
2023-05-14,2023,5,2,134,0.5,-0.866,Nawa,Manioc,Limoneux,Pluies,131.8,28.1,79.6,1,16.55
2022-05-04,2022,5,2,124,0.5,-0.866,Nawa,Cacao,Limoneux,Pluies,220.2,25.5,86.4,1,1.23
2023-07-18,2023,7,3,199,-0.5,-0.866,Haut-Sassandra,Cacao,Limoneux,Pluies,198.2,25.8,84.2,0,1.67
2022-07-05,2022,7,3,186,-0.5,-0.866,Haut-Sassandra,Cacao,Argileux,Pluies,150.1,26.6,84.8,0,1.42
2021-12-04,2021,12,4,338,-0.0,1.0,Nawa,Manioc,Limoneux,Seche,76.4,28.4,66.3,0,12.15
2023-05-22,2023,5,2,142,0.5,-0.866,Haut-Sassandra,Maïs,Argileux,Pluies,158.9,25.0,84.6,1,2.06
2022-10-03,2022,10,4,276,-0.866,0.5,Poro,Maïs,Sablonneux,Seche,16.4,33.7,33.5,0,1.21
2022-04-18,2022,4,2,108,0.866,-0.5,Haut-Sassandra,Cacao,Limoneux,Seche,18.3,31.9,75.9,1,1.13
2021-05-31,2021,5,2,151,0.5,-0.866,Poro,Manioc,Sablonneux,Seche,6.4,40.0,51.8,1,6.39
2024-12-09,2024,12,4,344,-0.0,1.0,Nawa,Cacao,Argileux,Seche,67.6,33.2,68.2,1,1.1
2024-08-14,2024,8,3,227,-0.866,-0.5,Poro,Anacarde,Limoneux,Pluies,149.6,27.6,78.7,0,1.05
2021-09-20,2021,9,3,263,-1.0,-0.0,Haut-Sassandra,Cacao,Limoneux,Pluies,235.8,24.8,89.6,1,1.14
2021-05-24,2021,5,2,144,0.5,-0.866,Poro,Maïs,Sablonneux,Seche,1.7,31.4,41.8,1,1.53
2021-12-12,2021,12,4,346,-0.0,1.0,Haut-Sassandra,Maïs,Argileux,Seche,38.3,30.8,66.4,0,1.35
2022-09-16,2022,9,3,259,-1.0,-0.0,Nawa,Cacao,Limoneux,Pluies,239.1,25.0,87.3,1,1.02
2023-10-14,2023,10,4,287,-0.866,0.5,Nawa,Maïs,Sablonneux,Pluies,108.7,25.5,88.4,0,1.13
2023-05-31,2023,5,2,151,0.5,-0.866,Haut-Sassandra,Cacao,Limoneux,Pluies,137.7,27.1,83.8,1,1.74
2021-01-02,2021,1,1,2,0.5,0.866,Nawa,Cacao,Limoneux,Seche,29.1,31.3,68.7,0,1.04
2023-06-16,2023,6,2,167,0.0,-1.0,Haut-Sassandra,Manioc,Limoneux,Pluies,169.0,27.8,81.9,0,19.8
2024-08-20,2024,8,3,233,-0.866,-0.5,Haut-Sassandra,Manioc,Argileux,Seche,101.9,29.3,71.7,0,12.0
2021-09-11,2021,9,3,254,-1.0,-0.0,Haut-Sassandra,Maïs,Argileux,Pluies,217.9,29.2,88.2,1,1.39
2022-03-29,2022,3,1,88,1.0,0.0,Nawa,Manioc,Limoneux,Seche,50.0,28.3,73.8,0,11.05
2023-11-27,2023,11,4,331,-0.5,0.866,Nawa,Cacao,Limoneux,Seche,52.5,29.2,66.4,0,1.12
2024-03-29,2024,3,1,89,1.0,0.0,Nawa,Cacao,Limoneux,Seche,41.9,29.2,69.7,0,1.2
2023-10-12,2023,10,4,285,-0.866,0.5,Poro,Cacao,Argileux,Seche,16.2,29.9,49.8,0,0.68
2021-01-09,2021,1,1,9,0.5,0.866,Poro,Anacarde,Argileux,Seche,16.1,29.0,35.1,0,0.8
2024-06-10,2024,6,2,162,0.0,-1.0,Haut-Sassandra,Manioc,Argileux,Pluies,191.3,26.2,81.7,0,17.21
2024-01-28,2024,1,1,28,0.5,0.866,Poro,Anacarde,Sablonneux,Seche,0.0,31.1,43.7,0,0.74
2023-03-27,2023,3,1,86,1.0,0.0,Poro,Anacarde,Limoneux,Seche,6.9,39.0,28.0,0,0.63
2021-07-27,2021,7,3,208,-0.5,-0.866,Nawa,Cacao,Argileux,Pluies,172.6,28.1,83.6,0,1.67
2024-02-29,2024,2,1,60,0.866,0.5,Nawa,Manioc,Limoneux,Seche,30.5,29.6,76.9,0,10.86
2022-02-08,2022,2,1,39,0.866,0.5,Haut-Sassandra,Manioc,Argileux,Seche,90.4,30.1,74.3,0,10.83
2021-06-01,2021,6,2,152,0.0,-1.0,Nawa,Manioc,Sablonneux,Pluies,269.8,25.2,86.1,0,12.14
2021-02-23,2021,2,1,54,0.866,0.5,Haut-Sassandra,Cacao,Argileux,Seche,31.9,30.3,73.5,0,1.08
2024-02-18,2024,2,1,49,0.866,0.5,Nawa,Cacao,Limoneux,Seche,30.9,28.2,71.2,0,1.13
2022-09-20,2022,9,3,263,-1.0,-0.0,Haut-Sassandra,Cacao,Argileux,Pluies,236.7,25.0,83.1,1,1.06
2022-08-10,2022,8,3,222,-0.866,-0.5,Nawa,Manioc,Argileux,Seche,31.4,27.9,64.9,1,12.2
2024-12-14,2024,12,4,349,-0.0,1.0,Nawa,Cacao,Argileux,Seche,24.9,32.8,70.6,0,1.11
2024-12-16,2024,12,4,351,-0.0,1.0,Haut-Sassandra,Anacarde,Argileux,Seche,51.9,30.6,69.7,0,0.44
2021-04-14,2021,4,2,104,0.866,-0.5,Nawa,Cacao,Sablonneux,Seche,68.7,29.5,56.2,1,1.12
2021-09-11,2021,9,3,254,-1.0,-0.0,Haut-Sassandra,Manioc,Argileux,Pluies,236.7,24.8,84.1,1,11.16
2024-06-04,2024,6,2,156,0.0,-1.0,Nawa,Cacao,Limoneux,Pluies,165.1,26.3,74.0,0,1.72
2024-02-10,2024,2,1,41,0.866,0.5,Nawa,Cacao,Argileux,Seche,63.8,32.3,76.9,0,1.14
2022-05-25,2022,5,2,145,0.5,-0.866,Haut-Sassandra,Manioc,Argileux,Pluies,191.2,26.4,76.4,1,15.86
2021-04-09,2021,4,2,99,0.866,-0.5,Poro,Manioc,Limoneux,Seche,5.4,32.1,40.9,0,6.51
2021-06-02,2021,6,2,153,0.0,-1.0,Poro,Anacarde,Sablonneux,Pluies,205.7,28.6,68.6,1,1.07
2023-07-03,2023,7,3,184,-0.5,-0.866,Poro,Manioc,Sablonneux,Pluies,180.2,27.5,80.3,0,8.37
2023-05-28,2023,5,2,148,0.5,-0.866,Poro,Maïs,Argileux,Seche,16.6,30.6,42.1,1,1.19
2021-12-04,2021,12,4,338,-0.0,1.0,Poro,Maïs,Limoneux,Seche,14.8,28.0,46.9,0,1.28
2023-04-02,2023,4,2,92,0.866,-0.5,Poro,Anacarde,Limoneux,Seche,10.8,34.3,50.0,0,0.75
2024-04-01,2024,4,2,92,0.866,-0.5,Haut-Sassandra,Cacao,Limoneux,Seche,77.1,26.1,76.1,1,0.96
2023-08-15,2023,8,3,227,-0.866,-0.5,Nawa,Cacao,Limoneux,Seche,23.2,29.5,83.6,1,1.16
2021-06-10,2021,6,2,161,0.0,-1.0,Nawa,Cacao,Argileux,Pluies,188.4,27.5,79.9,0,1.55
2023-03-12,2023,3,1,71,1.0,0.0,Haut-Sassandra,Manioc,Limoneux,Seche,66.9,28.4,68.9,0,11.69
2022-02-02,2022,2,1,33,0.866,0.5,Nawa,Cacao,Limoneux,Seche,45.6,26.9,71.7,0,1.15
2024-07-24,2024,7,3,206,-0.5,-0.866,Poro,Maïs,Limoneux,Pluies,130.5,28.0,79.1,0,1.67
2023-03-27,2023,3,1,86,1.0,0.0,Nawa,Cacao,Argileux,Seche,39.2,30.4,75.3,0,1.18
2024-11-16,2024,11,4,321,-0.5,0.866,Poro,Anacarde,Argileux,Seche,8.3,30.8,58.8,0,0.86
2024-03-04,2024,3,1,64,1.0,0.0,Haut-Sassandra,Manioc,Limoneux,Seche,62.8,28.9,77.9,0,11.3
2024-05-03,2024,5,2,124,0.5,-0.866,Haut-Sassandra,Manioc,Limoneux,Pluies,144.1,22.3,91.1,1,11.85
2022-02-05,2022,2,1,36,0.866,0.5,Nawa,Manioc,Sablonneux,Seche,18.2,32.7,70.3,0,13.13
2022-10-02,2022,10,4,275,-0.866,0.5,Haut-Sassandra,Cacao,Argileux,Pluies,209.0,26.8,91.0,0,1.73
2023-11-23,2023,11,4,327,-0.5,0.866,Haut-Sassandra,Manioc,Argileux,Seche,41.6,26.2,64.6,0,12.53
2022-11-19,2022,11,4,323,-0.5,0.866,Nawa,Anacarde,Argileux,Seche,26.9,29.5,64.3,0,0.4
2022-04-05,2022,4,2,95,0.866,-0.5,Nawa,Cacao,Limoneux,Seche,54.4,33.2,67.9,1,1.08
2023-08-13,2023,8,3,225,-0.866,-0.5,Poro,Anacarde,Limoneux,Pluies,153.5,26.9,66.5,0,1.08
2022-04-15,2022,4,2,105,0.866,-0.5,Haut-Sassandra,Manioc,Sablonneux,Seche,41.2,30.1,66.6,1,11.33
2024-10-30,2024,10,4,304,-0.866,0.5,Haut-Sassandra,Anacarde,Limoneux,Pluies,220.3,24.1,88.7,0,0.59
2023-11-12,2023,11,4,316,-0.5,0.866,Poro,Maïs,Sablonneux,Seche,0.0,37.4,48.7,0,1.18
2023-01-20,2023,1,1,20,0.5,0.866,Haut-Sassandra,Cacao,Limoneux,Seche,33.3,32.6,65.4,0,1.25
2021-02-07,2021,2,1,38,0.866,0.5,Poro,Maïs,Sablonneux,Seche,13.7,31.5,42.5,0,1.37
2021-08-18,2021,8,3,230,-0.866,-0.5,Poro,Maïs,Limoneux,Pluies,102.1,27.6,74.4,0,1.17
2024-10-20,2024,10,4,294,-0.866,0.5,Nawa,Maïs,Argileux,Pluies,219.3,28.9,85.2,0,1.83
2022-07-17,2022,7,3,198,-0.5,-0.866,Haut-Sassandra,Manioc,Argileux,Pluies,147.4,27.0,85.9,0,14.63
2022-03-14,2022,3,1,73,1.0,0.0,Nawa,Manioc,Argileux,Seche,50.0,32.8,62.8,0,13.13
2024-07-30,2024,7,3,212,-0.5,-0.866,Nawa,Cacao,Sablonneux,Pluies,212.1,27.9,80.3,0,1.67
2021-01-27,2021,1,1,27,0.5,0.866,Nawa,Cacao,Sablonneux,Seche,59.1,29.7,69.7,0,1.12
2021-08-14,2021,8,3,226,-0.866,-0.5,Nawa,Cacao,Sablonneux,Seche,41.4,33.6,65.2,1,1.07
2024-07-24,2024,7,3,206,-0.5,-0.866,Poro,Anacarde,Limoneux,Pluies,153.4,28.1,87.2,0,1.14
2023-03-09,2023,3,1,68,1.0,0.0,Nawa,Manioc,Sablonneux,Seche,30.7,32.3,70.0,0,11.83
2021-10-11,2021,10,4,284,-0.866,0.5,Haut-Sassandra,Manioc,Argileux,Pluies,164.7,26.9,88.1,0,18.27
2023-05-29,2023,5,2,149,0.5,-0.866,Poro,Anacarde,Sablonneux,Seche,10.8,31.1,62.2,1,0.7
2023-08-18,2023,8,3,230,-0.866,-0.5,Haut-Sassandra,Manioc,Limoneux,Seche,7.5,28.7,73.2,1,12.39
2022-03-29,2022,3,1,88,1.0,0.0,Poro,Maïs,Limoneux,Seche,22.7,31.3,32.4,0,1.32
2023-10-17,2023,10,4,290,-0.866,0.5,Nawa,Manioc,Argileux,Pluies,191.0,26.6,85.6,0,18.61
2023-03-27,2023,3,1,86,1.0,0.0,Nawa,Cacao,Limoneux,Seche,81.1,31.9,71.6,0,1.12
2022-10-21,2022,10,4,294,-0.866,0.5,Nawa,Manioc,Limoneux,Pluies,170.4,26.1,88.4,0,17.11
2022-07-01,2022,7,3,182,-0.5,-0.866,Poro,Anacarde,Sablonneux,Pluies,148.8,31.5,80.1,0,0.7
2024-04-30,2024,4,2,121,0.866,-0.5,Poro,Maïs,Argileux,Seche,10.5,34.8,40.7,0,1.34
2023-12-09,2023,12,4,343,-0.0,1.0,Nawa,Manioc,Limoneux,Seche,34.7,30.0,60.7,0,13.51
2021-01-17,2021,1,1,17,0.5,0.866,Poro,Manioc,Limoneux,Seche,10.7,33.6,46.7,0,5.33
2024-04-10,2024,4,2,101,0.866,-0.5,Nawa,Maïs,Sablonneux,Seche,57.4,30.4,74.4,1,1.2
2024-05-28,2024,5,2,149,0.5,-0.866,Poro,Cacao,Limoneux,Seche,19.3,29.4,33.8,0,0.58
2021-06-07,2021,6,2,158,0.0,-1.0,Nawa,Maïs,Argileux,Pluies,202.2,27.7,90.3,0,1.39
2022-04-22,2022,4,2,112,0.866,-0.5,Haut-Sassandra,Manioc,Limoneux,Seche,46.5,31.9,64.4,1,12.13
2023-12-06,2023,12,4,340,-0.0,1.0,Nawa,Cacao,Argileux,Seche,52.1,31.2,66.5,0,1.07
2024-10-28,2024,10,4,302,-0.866,0.5,Nawa,Manioc,Argileux,Pluies,203.8,26.1,89.8,1,18.01
2022-06-02,2022,6,2,153,0.0,-1.0,Nawa,Cacao,Limoneux,Pluies,200.5,25.1,81.7,0,1.45
2021-04-09,2021,4,2,99,0.866,-0.5,Poro,Anacarde,Sablonneux,Seche,4.8,30.5,43.9,0,0.66
2023-11-27,2023,11,4,331,-0.5,0.866,Nawa,Cacao,Limoneux,Seche,2.5,29.5,79.8,0,1.17
2021-10-07,2021,10,4,280,-0.866,0.5,Nawa,Cacao,Limoneux,Pluies,192.3,26.1,89.2,0,1.47
2024-10-04,2024,10,4,278,-0.866,0.5,Poro,Cacao,Limoneux,Seche,5.0,39.0,40.5,0,0.58
2022-05-12,2022,5,2,132,0.5,-0.866,Nawa,Manioc,Argileux,Pluies,208.2,28.2,85.3,1,16.41
2021-10-29,2021,10,4,302,-0.866,0.5,Poro,Anacarde,Limoneux,Seche,11.4,36.9,41.3,0,0.69
2021-06-30,2021,6,2,181,0.0,-1.0,Nawa,Cacao,Limoneux,Pluies,156.0,22.9,85.5,0,1.03
2022-08-30,2022,8,3,242,-0.866,-0.5,Nawa,Anacarde,Sablonneux,Seche,45.9,29.7,60.7,1,0.33
2024-01-28,2024,1,1,28,0.5,0.866,Haut-Sassandra,Cacao,Limoneux,Seche,0.0,28.2,68.8,0,1.23
2022-12-01,2022,12,4,335,-0.0,1.0,Nawa,Cacao,Argileux,Seche,65.4,24.8,70.8,0,1.1
2023-09-20,2023,9,3,263,-1.0,-0.0,Haut-Sassandra,Cacao,Limoneux,Pluies,144.9,25.9,86.1,1,1.57
2024-02-14,2024,2,1,45,0.866,0.5,Nawa,Manioc,Sablonneux,Seche,61.4,27.9,60.0,0,12.21
2021-07-10,2021,7,3,191,-0.5,-0.866,Poro,Manioc,Sablonneux,Pluies,204.8,29.7,80.1,0,4.45
2021-09-10,2021,9,3,253,-1.0,-0.0,Poro,Maïs,Limoneux,Pluies,126.8,28.0,70.8,0,1.99
2023-09-08,2023,9,3,251,-1.0,-0.0,Poro,Maïs,Limoneux,Pluies,151.1,32.5,81.0,0,1.44
2023-07-17,2023,7,3,198,-0.5,-0.866,Haut-Sassandra,Manioc,Argileux,Pluies,166.5,30.2,82.1,0,10.07
2024-03-30,2024,3,1,90,1.0,0.0,Haut-Sassandra,Anacarde,Limoneux,Seche,69.7,28.0,61.4,0,0.4
2024-07-03,2024,7,3,185,-0.5,-0.866,Poro,Maïs,Sablonneux,Pluies,180.6,27.6,70.2,0,1.95
2024-09-08,2024,9,3,252,-1.0,-0.0,Haut-Sassandra,Cacao,Argileux,Pluies,195.0,23.0,87.6,1,1.65
2021-05-08,2021,5,2,128,0.5,-0.866,Poro,Anacarde,Sablonneux,Seche,21.0,32.1,52.6,1,0.8
2021-01-18,2021,1,1,18,0.5,0.866,Haut-Sassandra,Manioc,Sablonneux,Seche,47.5,28.8,70.2,0,13.03
2022-07-20,2022,7,3,201,-0.5,-0.866,Nawa,Manioc,Limoneux,Pluies,174.2,26.8,89.2,0,17.41
2022-07-24,2022,7,3,205,-0.5,-0.866,Poro,Maïs,Sablonneux,Pluies,129.2,28.3,80.2,0,1.71
2024-09-08,2024,9,3,252,-1.0,-0.0,Haut-Sassandra,Cacao,Argileux,Pluies,153.8,29.8,88.1,1,1.1
2022-11-17,2022,11,4,321,-0.5,0.866,Poro,Anacarde,Sablonneux,Seche,5.5,33.8,39.1,0,0.85
2022-09-18,2022,9,3,261,-1.0,-0.0,Nawa,Manioc,Limoneux,Pluies,169.4,28.2,78.9,1,17.55
2024-08-04,2024,8,3,217,-0.866,-0.5,Haut-Sassandra,Cacao,Sablonneux,Seche,30.5,26.5,75.6,1,1.11
2023-05-04,2023,5,2,124,0.5,-0.866,Haut-Sassandra,Cacao,Limoneux,Pluies,302.3,25.0,83.4,1,1.05
2023-08-20,2023,8,3,232,-0.866,-0.5,Haut-Sassandra,Manioc,Limoneux,Seche,69.1,31.5,70.9,1,11.14
2021-06-04,2021,6,2,155,0.0,-1.0,Poro,Anacarde,Sablonneux,Pluies,147.1,24.1,69.5,1,1.0
2022-05-05,2022,5,2,125,0.5,-0.866,Poro,Anacarde,Argileux,Seche,10.0,32.9,56.0,1,0.84
2024-11-10,2024,11,4,315,-0.5,0.866,Poro,Cacao,Argileux,Seche,15.3,36.1,26.6,0,0.55
2023-02-24,2023,2,1,55,0.866,0.5,Haut-Sassandra,Cacao,Limoneux,Seche,14.1,30.9,76.3,0,1.13
2024-02-02,2024,2,1,33,0.866,0.5,Poro,Anacarde,Sablonneux,Seche,0.6,28.3,30.5,0,0.82
2024-11-17,2024,11,4,322,-0.5,0.866,Haut-Sassandra,Manioc,Argileux,Seche,69.1,29.1,64.7,0,11.86
2021-09-03,2021,9,3,246,-1.0,-0.0,Nawa,Maïs,Argileux,Pluies,183.0,25.8,87.0,1,1.64
2024-04-14,2024,4,2,105,0.866,-0.5,Nawa,Anacarde,Argileux,Seche,41.8,26.1,63.3,1,0.42
2023-11-29,2023,11,4,333,-0.5,0.866,Nawa,Manioc,Argileux,Seche,15.5,28.0,75.5,0,12.59
2023-01-29,2023,1,1,29,0.5,0.866,Haut-Sassandra,Manioc,Argileux,Seche,48.6,31.4,62.3,0,11.38
2022-06-22,2022,6,2,173,0.0,-1.0,Nawa,Maïs,Argileux,Pluies,135.3,27.8,84.6,0,1.95
2023-07-10,2023,7,3,191,-0.5,-0.866,Haut-Sassandra,Manioc,Argileux,Pluies,180.4,24.3,84.4,0,16.92
2022-02-12,2022,2,1,43,0.866,0.5,Nawa,Maïs,Limoneux,Seche,43.2,28.6,74.4,0,1.32
2022-06-09,2022,6,2,160,0.0,-1.0,Nawa,Maïs,Argileux,Pluies,189.5,22.8,82.6,0,1.37
2023-04-08,2023,4,2,98,0.866,-0.5,Nawa,Cacao,Argileux,Seche,52.9,30.9,61.2,1,1.14
2023-06-22,2023,6,2,173,0.0,-1.0,Nawa,Manioc,Limoneux,Pluies,193.3,23.0,85.0,0,19.2
2021-02-05,2021,2,1,36,0.866,0.5,Haut-Sassandra,Cacao,Sablonneux,Seche,30.6,30.1,72.6,0,1.21
2022-11-16,2022,11,4,320,-0.5,0.866,Haut-Sassandra,Cacao,Argileux,Seche,35.8,30.9,74.0,0,1.19
2021-01-20,2021,1,1,20,0.5,0.866,Nawa,Maïs,Sablonneux,Seche,49.3,30.4,78.5,0,1.23
2021-11-17,2021,11,4,321,-0.5,0.866,Nawa,Maïs,Argileux,Seche,13.0,28.2,64.4,0,1.39
2022-05-27,2022,5,2,147,0.5,-0.866,Nawa,Manioc,Limoneux,Pluies,171.7,24.9,90.6,1,15.22
2022-02-04,2022,2,1,35,0.866,0.5,Haut-Sassandra,Cacao,Argileux,Seche,9.7,35.3,70.1,0,1.05
2022-10-16,2022,10,4,289,-0.866,0.5,Nawa,Cacao,Sablonneux,Pluies,124.8,27.9,86.1,0,1.71
2023-08-30,2023,8,3,242,-0.866,-0.5,Nawa,Cacao,Argileux,Seche,23.2,28.2,64.8,1,0.94
2022-04-16,2022,4,2,106,0.866,-0.5,Haut-Sassandra,Cacao,Argileux,Seche,63.6,30.9,62.8,1,1.08
2024-03-12,2024,3,1,72,1.0,0.0,Haut-Sassandra,Manioc,Sablonneux,Seche,20.2,29.8,61.5,0,11.12
2024-01-21,2024,1,1,21,0.5,0.866,Nawa,Manioc,Argileux,Seche,43.6,35.0,71.3,0,10.86
2024-10-09,2024,10,4,283,-0.866,0.5,Haut-Sassandra,Maïs,Sablonneux,Pluies,146.3,24.4,85.4,1,1.95
2023-04-14,2023,4,2,104,0.866,-0.5,Haut-Sassandra,Manioc,Limoneux,Seche,38.9,31.1,68.9,1,12.44
2022-12-28,2022,12,4,362,-0.0,1.0,Haut-Sassandra,Maïs,Argileux,Seche,44.9,31.7,65.7,0,1.29
2023-05-04,2023,5,2,124,0.5,-0.866,Nawa,Cacao,Argileux,Pluies,283.8,25.8,80.5,1,1.28
2021-02-20,2021,2,1,51,0.866,0.5,Poro,Manioc,Limoneux,Seche,13.3,34.4,36.9,0,6.38
2022-07-29,2022,7,3,210,-0.5,-0.866,Haut-Sassandra,Anacarde,Sablonneux,Pluies,225.5,24.5,76.2,0,0.49
2024-04-28,2024,4,2,119,0.866,-0.5,Haut-Sassandra,Cacao,Limoneux,Seche,44.8,32.1,60.7,1,1.16
2024-02-23,2024,2,1,54,0.866,0.5,Nawa,Manioc,Argileux,Seche,64.9,32.0,79.1,0,11.89
2021-05-30,2021,5,2,150,0.5,-0.866,Haut-Sassandra,Cacao,Argileux,Pluies,153.5,22.3,89.5,1,1.04
2021-11-10,2021,11,4,314,-0.5,0.866,Nawa,Cacao,Argileux,Seche,56.4,33.8,68.7,0,1.18
2022-07-24,2022,7,3,205,-0.5,-0.866,Haut-Sassandra,Maïs,Argileux,Pluies,181.6,25.0,88.2,0,1.78
2024-09-27,2024,9,3,271,-1.0,-0.0,Haut-Sassandra,Cacao,Argileux,Pluies,212.6,25.5,85.3,1,1.61
2021-11-01,2021,11,4,305,-0.5,0.866,Haut-Sassandra,Manioc,Argileux,Seche,50.4,28.5,74.7,0,11.02
2022-11-13,2022,11,4,317,-0.5,0.866,Haut-Sassandra,Cacao,Argileux,Seche,47.1,31.3,70.9,0,1.11
2023-04-18,2023,4,2,108,0.866,-0.5,Poro,Anacarde,Sablonneux,Seche,10.1,34.2,43.5,0,0.88
2023-12-14,2023,12,4,348,-0.0,1.0,Haut-Sassandra,Manioc,Limoneux,Seche,52.1,29.1,67.7,0,12.88
2023-09-30,2023,9,3,273,-1.0,-0.0,Nawa,Cacao,Limoneux,Pluies,172.8,26.7,85.1,0,1.64
2022-03-20,2022,3,1,79,1.0,0.0,Poro,Anacarde,Sablonneux,Seche,0.0,33.8,34.5,0,0.84
2022-09-05,2022,9,3,248,-1.0,-0.0,Poro,Cacao,Limoneux,Pluies,164.7,24.3,71.6,0,0.9
2023-09-20,2023,9,3,263,-1.0,-0.0,Haut-Sassandra,Maïs,Limoneux,Pluies,244.7,26.5,89.5,1,1.16
2021-09-21,2021,9,3,264,-1.0,-0.0,Nawa,Cacao,Limoneux,Pluies,183.3,23.0,81.7,1,1.44
2023-12-13,2023,12,4,347,-0.0,1.0,Haut-Sassandra,Maïs,Limoneux,Seche,45.6,32.5,56.1,0,1.17
2023-10-01,2023,10,4,274,-0.866,0.5,Haut-Sassandra,Manioc,Sablonneux,Pluies,224.6,29.0,88.9,0,13.58
2021-01-05,2021,1,1,5,0.5,0.866,Nawa,Cacao,Argileux,Seche,34.7,28.1,77.1,0,1.15
2024-02-01,2024,2,1,32,0.866,0.5,Haut-Sassandra,Cacao,Limoneux,Seche,47.9,31.1,70.9,0,1.06
2024-05-04,2024,5,2,125,0.5,-0.866,Haut-Sassandra,Cacao,Argileux,Pluies,193.5,30.4,81.8,1,1.08
2023-02-13,2023,2,1,44,0.866,0.5,Haut-Sassandra,Cacao,Limoneux,Seche,46.1,31.2,56.1,0,1.25
2023-05-27,2023,5,2,147,0.5,-0.866,Nawa,Manioc,Sablonneux,Pluies,284.7,28.7,90.7,1,12.91
2023-09-19,2023,9,3,262,-1.0,-0.0,Nawa,Maïs,Limoneux,Pluies,185.8,24.8,83.7,1,1.8
2023-06-03,2023,6,2,154,0.0,-1.0,Nawa,Cacao,Limoneux,Pluies,154.6,26.3,83.1,0,1.86
2024-10-05,2024,10,4,279,-0.866,0.5,Haut-Sassandra,Manioc,Limoneux,Pluies,186.6,28.7,82.5,0,18.09
2021-02-16,2021,2,1,47,0.866,0.5,Poro,Anacarde,Sablonneux,Seche,26.0,27.9,31.3,0,0.74
2023-05-17,2023,5,2,137,0.5,-0.866,Nawa,Cacao,Limoneux,Pluies,158.0,28.1,88.2,1,1.5
2023-04-03,2023,4,2,93,0.866,-0.5,Nawa,Cacao,Limoneux,Seche,22.9,30.0,70.7,1,1.31
2023-07-25,2023,7,3,206,-0.5,-0.866,Haut-Sassandra,Cacao,Argileux,Pluies,210.5,26.9,84.7,0,1.58
2022-10-18,2022,10,4,291,-0.866,0.5,Haut-Sassandra,Cacao,Sablonneux,Pluies,213.4,30.6,83.9,0,1.32
2021-09-26,2021,9,3,269,-1.0,-0.0,Haut-Sassandra,Cacao,Argileux,Pluies,158.1,26.1,83.0,1,1.51
2022-01-05,2022,1,1,5,0.5,0.866,Nawa,Cacao,Argileux,Seche,66.3,30.6,67.1,0,1.13
2022-09-28,2022,9,3,271,-1.0,-0.0,Poro,Maïs,Argileux,Pluies,186.5,27.5,77.6,0,1.6
2024-02-04,2024,2,1,35,0.866,0.5,Poro,Maïs,Limoneux,Seche,9.5,30.3,45.9,0,1.38
2022-10-19,2022,10,4,292,-0.866,0.5,Poro,Maïs,Limoneux,Seche,3.0,32.3,36.4,0,1.32
2021-04-30,2021,4,2,120,0.866,-0.5,Haut-Sassandra,Maïs,Limoneux,Seche,38.1,31.6,61.8,1,1.37
2023-04-11,2023,4,2,101,0.866,-0.5,Haut-Sassandra,Cacao,Argileux,Seche,57.0,30.6,69.2,1,1.03
2023-12-18,2023,12,4,352,-0.0,1.0,Haut-Sassandra,Manioc,Limoneux,Seche,52.1,27.4,71.0,0,12.41
2024-10-01,2024,10,4,275,-0.866,0.5,Poro,Anacarde,Sablonneux,Seche,12.7,35.8,29.7,0,0.77
2023-01-11,2023,1,1,11,0.5,0.866,Poro,Manioc,Sablonneux,Seche,15.9,32.6,36.0,0,4.98
2021-04-27,2021,4,2,117,0.866,-0.5,Haut-Sassandra,Maïs,Argileux,Seche,47.9,29.1,69.2,1,1.24
2023-03-02,2023,3,1,61,1.0,0.0,Nawa,Cacao,Argileux,Seche,43.1,34.1,63.2,0,1.11
2024-02-25,2024,2,1,56,0.866,0.5,Nawa,Anacarde,Limoneux,Seche,38.6,31.1,56.5,0,0.39
2024-11-17,2024,11,4,322,-0.5,0.866,Haut-Sassandra,Manioc,Argileux,Seche,50.2,33.6,61.0,0,13.85
2023-10-10,2023,10,4,283,-0.866,0.5,Haut-Sassandra,Cacao,Argileux,Pluies,160.3,24.8,81.3,0,1.71
2023-12-18,2023,12,4,352,-0.0,1.0,Haut-Sassandra,Manioc,Limoneux,Seche,51.1,29.8,67.6,1,12.28
2022-09-26,2022,9,3,269,-1.0,-0.0,Nawa,Manioc,Argileux,Pluies,183.0,24.4,76.4,1,17.14
2022-05-28,2022,5,2,148,0.5,-0.866,Poro,Anacarde,Limoneux,Seche,18.0,36.5,49.0,1,0.82
2023-03-13,2023,3,1,72,1.0,0.0,Nawa,Maïs,Argileux,Seche,41.9,30.1,69.5,0,1.27
2024-01-25,2024,1,1,25,0.5,0.866,Nawa,Cacao,Sablonneux,Seche,45.9,32.1,74.8,0,1.12
2024-02-16,2024,2,1,47,0.866,0.5,Haut-Sassandra,Manioc,Limoneux,Seche,58.2,29.7,67.2,0,12.2
2022-07-14,2022,7,3,195,-0.5,-0.866,Poro,Manioc,Sablonneux,Pluies,187.4,28.5,63.0,0,8.99
2022-05-03,2022,5,2,123,0.5,-0.866,Poro,Maïs,Limoneux,Seche,4.4,27.6,48.4,1,1.15
2024-06-14,2024,6,2,166,0.0,-1.0,Haut-Sassandra,Cacao,Argileux,Pluies,154.0,27.1,88.5,0,1.69
2023-06-16,2023,6,2,167,0.0,-1.0,Nawa,Cacao,Argileux,Pluies,149.9,27.3,89.5,0,1.64
2024-07-19,2024,7,3,201,-0.5,-0.866,Haut-Sassandra,Manioc,Argileux,Pluies,147.8,29.8,81.0,0,12.29
2024-04-27,2024,4,2,118,0.866,-0.5,Nawa,Cacao,Argileux,Seche,25.5,27.9,64.9,1,1.04
2022-12-05,2022,12,4,339,-0.0,1.0,Nawa,Cacao,Limoneux,Seche,22.3,28.3,73.0,0,1.13
2022-08-04,2022,8,3,216,-0.866,-0.5,Poro,Anacarde,Sablonneux,Pluies,170.0,26.8,77.5,0,0.99
2023-03-01,2023,3,1,60,1.0,0.0,Haut-Sassandra,Anacarde,Argileux,Seche,68.1,31.0,67.9,0,0.39
2023-05-11,2023,5,2,131,0.5,-0.866,Poro,Maïs,Argileux,Seche,18.2,32.1,39.8,1,1.27
2021-09-04,2021,9,3,247,-1.0,-0.0,Poro,Anacarde,Limoneux,Pluies,137.9,27.7,85.7,0,1.1
2024-01-05,2024,1,1,5,0.5,0.866,Poro,Cacao,Sablonneux,Seche,1.9,38.1,50.1,0,0.53
2021-06-03,2021,6,2,154,0.0,-1.0,Haut-Sassandra,Cacao,Argileux,Pluies,268.4,23.1,96.5,0,1.13
2024-12-29,2024,12,4,364,-0.0,1.0,Haut-Sassandra,Cacao,Sablonneux,Seche,43.0,30.7,74.4,0,0.97
2023-09-24,2023,9,3,267,-1.0,-0.0,Nawa,Cacao,Argileux,Pluies,195.5,28.1,90.3,1,1.57
2024-01-15,2024,1,1,15,0.5,0.866,Poro,Anacarde,Limoneux,Seche,2.3,31.3,31.3,0,0.8
2022-11-28,2022,11,4,332,-0.5,0.866,Poro,Anacarde,Sablonneux,Seche,18.3,35.7,32.5,0,0.82
2024-08-01,2024,8,3,214,-0.866,-0.5,Haut-Sassandra,Cacao,Argileux,Seche,54.0,28.2,69.7,1,1.2
2024-05-28,2024,5,2,149,0.5,-0.866,Nawa,Cacao,Argileux,Pluies,143.2,27.5,85.8,1,1.74
2023-12-29,2023,12,4,363,-0.0,1.0,Haut-Sassandra,Cacao,Argileux,Seche,34.9,32.0,57.5,0,1.03
2023-12-07,2023,12,4,341,-0.0,1.0,Nawa,Manioc,Limoneux,Seche,25.3,27.7,76.4,0,11.67
2023-10-06,2023,10,4,279,-0.866,0.5,Haut-Sassandra,Cacao,Limoneux,Pluies,207.6,27.8,82.6,0,1.67
2021-04-04,2021,4,2,94,0.866,-0.5,Poro,Cacao,Argileux,Seche,19.4,37.4,45.4,0,0.56
2023-08-16,2023,8,3,228,-0.866,-0.5,Haut-Sassandra,Manioc,Argileux,Seche,40.6,31.3,48.7,1,12.03
2023-10-09,2023,10,4,282,-0.866,0.5,Nawa,Maïs,Limoneux,Pluies,191.2,28.6,89.5,0,1.94
2022-03-29,2022,3,1,88,1.0,0.0,Nawa,Manioc,Argileux,Seche,76.1,31.5,78.3,0,10.78
2024-05-12,2024,5,2,133,0.5,-0.866,Poro,Maïs,Sablonneux,Seche,10.8,33.3,46.8,1,1.2
2023-07-01,2023,7,3,182,-0.5,-0.866,Nawa,Cacao,Argileux,Pluies,177.2,25.7,83.2,0,1.64
2021-08-06,2021,8,3,218,-0.866,-0.5,Haut-Sassandra,Cacao,Argileux,Seche,52.1,31.4,66.2,1,1.21
2022-04-19,2022,4,2,109,0.866,-0.5,Haut-Sassandra,Manioc,Sablonneux,Seche,18.3,27.6,60.1,1,13.69
2022-03-08,2022,3,1,67,1.0,0.0,Nawa,Cacao,Limoneux,Seche,44.5,30.5,62.6,0,1.16
2021-12-07,2021,12,4,341,-0.0,1.0,Nawa,Maïs,Limoneux,Seche,43.6,31.0,70.3,0,1.38
2022-07-05,2022,7,3,186,-0.5,-0.866,Poro,Anacarde,Argileux,Pluies,160.3,28.2,78.7,0,1.19
2024-08-05,2024,8,3,218,-0.866,-0.5,Nawa,Manioc,Argileux,Seche,24.6,28.0,63.3,1,12.59
2024-07-01,2024,7,3,183,-0.5,-0.866,Haut-Sassandra,Manioc,Argileux,Pluies,249.5,28.0,82.7,0,9.8
2021-12-23,2021,12,4,357,-0.0,1.0,Haut-Sassandra,Maïs,Sablonneux,Seche,61.9,30.6,57.0,0,1.2
2021-01-23,2021,1,1,23,0.5,0.866,Haut-Sassandra,Cacao,Argileux,Seche,47.3,30.9,78.7,0,1.17
2022-06-06,2022,6,2,157,0.0,-1.0,Haut-Sassandra,Manioc,Limoneux,Pluies,157.9,24.8,75.4,0,18.12
2024-01-29,2024,1,1,29,0.5,0.866,Haut-Sassandra,Cacao,Argileux,Seche,22.6,30.4,56.7,0,1.18
2023-03-13,2023,3,1,72,1.0,0.0,Poro,Manioc,Sablonneux,Seche,18.4,29.8,39.5,0,6.67
2024-04-18,2024,4,2,109,0.866,-0.5,Poro,Anacarde,Limoneux,Seche,8.3,29.6,34.3,0,0.78
2024-05-31,2024,5,2,152,0.5,-0.866,Haut-Sassandra,Anacarde,Sablonneux,Pluies,201.4,27.8,87.8,1,0.5
2023-02-01,2023,2,1,32,0.866,0.5,Nawa,Maïs,Limoneux,Seche,37.4,30.7,69.7,0,1.27
2022-03-18,2022,3,1,77,1.0,0.0,Nawa,Manioc,Sablonneux,Seche,65.9,30.1,63.2,0,11.51
2023-02-08,2023,2,1,39,0.866,0.5,Nawa,Manioc,Limoneux,Seche,20.4,26.4,65.5,0,10.72
2023-10-13,2023,10,4,286,-0.866,0.5,Poro,Anacarde,Limoneux,Seche,12.5,38.7,47.0,0,0.82
2024-09-10,2024,9,3,254,-1.0,-0.0,Haut-Sassandra,Manioc,Limoneux,Pluies,168.1,28.6,83.4,1,15.32
2022-05-31,2022,5,2,151,0.5,-0.866,Nawa,Cacao,Argileux,Pluies,157.3,26.3,85.7,1,1.52
2023-11-06,2023,11,4,310,-0.5,0.866,Haut-Sassandra,Cacao,Limoneux,Seche,48.9,32.4,72.8,0,1.17
2023-03-03,2023,3,1,62,1.0,0.0,Nawa,Cacao,Argileux,Seche,42.5,25.3,61.2,0,1.01
2021-12-02,2021,12,4,336,-0.0,1.0,Haut-Sassandra,Cacao,Sablonneux,Seche,38.7,28.3,60.5,0,1.16
2021-09-15,2021,9,3,258,-1.0,-0.0,Nawa,Manioc,Argileux,Pluies,177.2,26.3,86.4,1,17.8
2022-05-12,2022,5,2,132,0.5,-0.866,Nawa,Cacao,Argileux,Pluies,235.6,25.1,79.5,1,1.13
2023-06-15,2023,6,2,166,0.0,-1.0,Nawa,Anacarde,Limoneux,Pluies,187.5,26.8,91.5,0,0.57
2021-06-09,2021,6,2,160,0.0,-1.0,Haut-Sassandra,Manioc,Argileux,Pluies,199.8,26.2,84.5,0,15.9
2023-05-02,2023,5,2,122,0.5,-0.866,Poro,Manioc,Limoneux,Seche,13.9,34.2,37.7,1,6.71
2022-11-21,2022,11,4,325,-0.5,0.866,Haut-Sassandra,Cacao,Limoneux,Seche,23.6,32.3,70.8,0,1.25
2022-01-15,2022,1,1,15,0.5,0.866,Haut-Sassandra,Cacao,Argileux,Seche,88.9,27.1,65.6,0,1.11
2023-08-15,2023,8,3,227,-0.866,-0.5,Haut-Sassandra,Maïs,Sablonneux,Seche,65.8,31.7,68.1,1,1.41
2022-11-22,2022,11,4,326,-0.5,0.866,Haut-Sassandra,Cacao,Argileux,Seche,85.0,30.7,62.1,0,1.05
2024-12-21,2024,12,4,356,-0.0,1.0,Poro,Maïs,Sablonneux,Seche,6.9,33.2,40.7,0,1.15
2024-07-15,2024,7,3,197,-0.5,-0.866,Nawa,Maïs,Argileux,Pluies,187.6,26.2,86.9,1,1.86
2024-12-11,2024,12,4,346,-0.0,1.0,Poro,Manioc,Limoneux,Seche,2.3,32.6,43.6,0,5.66
2024-04-06,2024,4,2,97,0.866,-0.5,Poro,Anacarde,Sablonneux,Seche,5.2,36.2,40.6,0,0.78
2023-12-03,2023,12,4,337,-0.0,1.0,Nawa,Manioc,Sablonneux,Seche,34.1,28.2,67.6,0,11.72
2021-10-12,2021,10,4,285,-0.866,0.5,Nawa,Maïs,Limoneux,Pluies,258.4,27.7,81.6,0,1.12
2022-02-01,2022,2,1,32,0.866,0.5,Haut-Sassandra,Cacao,Argileux,Seche,45.5,29.2,55.7,0,1.22
2021-01-12,2021,1,1,12,0.5,0.866,Haut-Sassandra,Anacarde,Argileux,Seche,32.8,31.1,72.9,1,0.42
2024-08-18,2024,8,3,231,-0.866,-0.5,Poro,Anacarde,Limoneux,Pluies,172.3,30.6,72.9,0,0.74
2024-06-30,2024,6,2,182,0.0,-1.0,Nawa,Maïs,Limoneux,Pluies,168.2,28.0,85.7,0,1.95
2022-05-14,2022,5,2,134,0.5,-0.866,Haut-Sassandra,Maïs,Limoneux,Pluies,201.9,27.6,85.7,1,1.77
2023-01-24,2023,1,1,24,0.5,0.866,Poro,Maïs,Argileux,Seche,7.1,32.8,42.2,0,1.35
2021-02-04,2021,2,1,35,0.866,0.5,Poro,Manioc,Sablonneux,Seche,27.8,31.7,46.9,0,6.29
2022-12-28,2022,12,4,362,-0.0,1.0,Poro,Maïs,Limoneux,Seche,9.9,34.4,31.6,0,1.22
2023-04-29,2023,4,2,119,0.866,-0.5,Nawa,Manioc,Argileux,Seche,50.2,29.0,73.0,1,12.95
2021-03-31,2021,3,1,90,1.0,0.0,Poro,Manioc,Argileux,Seche,16.7,37.9,54.6,0,5.98
2023-02-15,2023,2,1,46,0.866,0.5,Poro,Maïs,Sablonneux,Seche,3.8,30.8,47.7,0,1.31
2022-08-28,2022,8,3,240,-0.866,-0.5,Haut-Sassandra,Manioc,Limoneux,Seche,65.7,28.2,78.5,1,9.93
2023-08-28,2023,8,3,240,-0.866,-0.5,Haut-Sassandra,Manioc,Sablonneux,Seche,27.8,30.3,79.5,1,10.34
2023-10-19,2023,10,4,292,-0.866,0.5,Poro,Anacarde,Sablonneux,Seche,5.6,31.3,40.1,0,0.79
2022-02-22,2022,2,1,53,0.866,0.5,Poro,Maïs,Limoneux,Seche,16.7,34.6,50.2,0,1.32
2021-04-25,2021,4,2,115,0.866,-0.5,Nawa,Cacao,Argileux,Seche,63.6,24.4,76.0,1,1.0
2022-09-09,2022,9,3,252,-1.0,-0.0,Poro,Maïs,Sablonneux,Pluies,180.6,23.6,73.9,0,2.04
2024-05-04,2024,5,2,125,0.5,-0.866,Haut-Sassandra,Manioc,Sablonneux,Pluies,208.8,28.0,96.3,1,16.12
2023-04-06,2023,4,2,96,0.866,-0.5,Poro,Manioc,Limoneux,Seche,20.5,36.3,30.2,0,4.85
2024-01-04,2024,1,1,4,0.5,0.866,Haut-Sassandra,Cacao,Limoneux,Seche,38.3,31.3,61.8,0,1.12
2022-02-17,2022,2,1,48,0.866,0.5,Poro,Anacarde,Argileux,Seche,21.3,38.2,36.0,0,0.65
2024-10-31,2024,10,4,305,-0.866,0.5,Haut-Sassandra,Cacao,Limoneux,Pluies,285.7,24.9,88.3,0,1.21
2024-12-14,2024,12,4,349,-0.0,1.0,Haut-Sassandra,Cacao,Sablonneux,Seche,27.3,31.7,66.9,0,1.05
2022-12-30,2022,12,4,364,-0.0,1.0,Poro,Manioc,Sablonneux,Seche,12.7,31.8,48.5,0,5.69
2024-07-24,2024,7,3,206,-0.5,-0.866,Haut-Sassandra,Cacao,Limoneux,Pluies,177.8,29.5,89.4,0,1.09
2023-10-18,2023,10,4,291,-0.866,0.5,Nawa,Manioc,Limoneux,Pluies,169.2,29.8,91.3,0,11.24
2023-01-31,2023,1,1,31,0.5,0.866,Poro,Maïs,Limoneux,Seche,5.3,31.8,49.0,0,1.19
2022-11-07,2022,11,4,311,-0.5,0.866,Haut-Sassandra,Cacao,Argileux,Seche,35.9,32.0,69.5,0,1.08
2024-11-18,2024,11,4,323,-0.5,0.866,Haut-Sassandra,Cacao,Argileux,Seche,62.6,30.4,69.4,0,1.26
2022-04-02,2022,4,2,92,0.866,-0.5,Nawa,Cacao,Argileux,Seche,60.7,30.8,74.3,1,1.09
2023-07-09,2023,7,3,190,-0.5,-0.866,Haut-Sassandra,Manioc,Argileux,Pluies,209.8,28.4,78.4,0,18.88
2021-07-11,2021,7,3,192,-0.5,-0.866,Nawa,Cacao,Argileux,Pluies,221.4,27.4,83.1,0,1.83
2023-01-09,2023,1,1,9,0.5,0.866,Poro,Anacarde,Sablonneux,Seche,12.6,31.4,44.6,0,0.81
2024-01-28,2024,1,1,28,0.5,0.866,Haut-Sassandra,Cacao,Sablonneux,Seche,46.2,32.0,66.2,0,1.15
2023-09-05,2023,9,3,248,-1.0,-0.0,Haut-Sassandra,Maïs,Sablonneux,Pluies,161.1,25.3,87.6,1,1.81
2023-10-06,2023,10,4,279,-0.866,0.5,Nawa,Manioc,Argileux,Pluies,168.6,28.2,94.3,0,17.13
2021-04-06,2021,4,2,96,0.866,-0.5,Nawa,Cacao,Argileux,Seche,43.6,29.7,72.1,1,1.2
2022-10-25,2022,10,4,298,-0.866,0.5,Nawa,Cacao,Limoneux,Pluies,241.7,27.8,84.5,0,1.1
2024-04-28,2024,4,2,119,0.866,-0.5,Poro,Manioc,Argileux,Seche,0.0,34.2,30.8,0,5.89
2021-02-06,2021,2,1,37,0.866,0.5,Haut-Sassandra,Cacao,Argileux,Seche,40.8,29.4,68.1,0,1.12
2024-10-24,2024,10,4,298,-0.866,0.5,Nawa,Maïs,Sablonneux,Pluies,185.3,25.2,85.4,0,1.6
2021-10-06,2021,10,4,279,-0.866,0.5,Nawa,Cacao,Argileux,Pluies,185.8,26.6,91.3,0,1.9
2021-08-05,2021,8,3,217,-0.866,-0.5,Poro,Anacarde,Sablonneux,Pluies,161.9,26.5,80.2,0,1.03
2023-05-17,2023,5,2,137,0.5,-0.866,Haut-Sassandra,Manioc,Argileux,Pluies,176.6,28.1,88.9,1,16.57
2023-05-23,2023,5,2,143,0.5,-0.866,Haut-Sassandra,Cacao,Limoneux,Pluies,184.0,24.8,81.5,1,1.75
2024-07-20,2024,7,3,202,-0.5,-0.866,Poro,Maïs,Sablonneux,Pluies,182.9,28.6,72.4,0,1.66
2021-03-03,2021,3,1,62,1.0,0.0,Poro,Maïs,Sablonneux,Seche,19.1,32.0,38.4,0,1.18
2022-08-19,2022,8,3,231,-0.866,-0.5,Nawa,Manioc,Argileux,Seche,57.2,28.7,59.3,1,12.77
2022-12-30,2022,12,4,364,-0.0,1.0,Poro,Anacarde,Sablonneux,Seche,5.4,34.2,32.2,0,0.91
2024-09-27,2024,9,3,271,-1.0,-0.0,Nawa,Cacao,Argileux,Pluies,221.0,28.5,89.1,1,1.6
2022-02-01,2022,2,1,32,0.866,0.5,Haut-Sassandra,Cacao,Argileux,Seche,75.1,30.2,69.7,0,1.23
2022-11-30,2022,11,4,334,-0.5,0.866,Haut-Sassandra,Manioc,Argileux,Seche,14.0,33.1,64.8,0,11.5
2023-11-09,2023,11,4,313,-0.5,0.866,Nawa,Manioc,Limoneux,Seche,38.9,27.2,69.8,0,9.48
2021-06-26,2021,6,2,177,0.0,-1.0,Poro,Anacarde,Argileux,Pluies,128.1,32.1,81.5,1,0.8
2022-01-31,2022,1,1,31,0.5,0.866,Haut-Sassandra,Cacao,Limoneux,Seche,43.6,32.6,60.1,0,1.13
2022-03-21,2022,3,1,80,1.0,0.0,Poro,Maïs,Sablonneux,Seche,17.9,36.1,47.8,0,1.13
2024-06-10,2024,6,2,162,0.0,-1.0,Nawa,Cacao,Argileux,Pluies,121.4,27.5,85.5,0,1.46
2021-03-17,2021,3,1,76,1.0,0.0,Haut-Sassandra,Cacao,Argileux,Seche,11.6,29.5,65.6,0,1.22
2021-09-22,2021,9,3,265,-1.0,-0.0,Haut-Sassandra,Cacao,Limoneux,Pluies,193.2,25.8,88.3,1,1.92
2022-03-31,2022,3,1,90,1.0,0.0,Poro,Anacarde,Argileux,Seche,5.4,34.6,42.2,0,0.83
2022-12-19,2022,12,4,353,-0.0,1.0,Haut-Sassandra,Manioc,Limoneux,Seche,21.7,31.3,61.5,0,12.9
2023-01-05,2023,1,1,5,0.5,0.866,Haut-Sassandra,Maïs,Argileux,Seche,18.8,31.5,77.7,0,1.24
2024-11-08,2024,11,4,313,-0.5,0.866,Haut-Sassandra,Manioc,Sablonneux,Seche,63.0,34.2,70.0,0,11.48
2023-05-01,2023,5,2,121,0.5,-0.866,Haut-Sassandra,Maïs,Argileux,Pluies,205.4,28.6,86.6,1,1.91
2024-10-22,2024,10,4,296,-0.866,0.5,Nawa,Maïs,Argileux,Pluies,206.1,24.1,83.4,0,2.01
2021-05-24,2021,5,2,144,0.5,-0.866,Nawa,Manioc,Sablonneux,Pluies,182.8,27.0,74.8,1,16.75
2023-06-04,2023,6,2,155,0.0,-1.0,Haut-Sassandra,Cacao,Limoneux,Pluies,180.5,23.2,82.8,1,1.39
2023-12-29,2023,12,4,363,-0.0,1.0,Poro,Maïs,Limoneux,Seche,9.2,36.3,39.6,0,1.28
2024-01-28,2024,1,1,28,0.5,0.866,Poro,Maïs,Sablonneux,Seche,10.8,32.7,55.7,0,1.35
2022-01-31,2022,1,1,31,0.5,0.866,Haut-Sassandra,Cacao,Argileux,Seche,63.1,31.1,78.0,0,1.06
2023-11-15,2023,11,4,319,-0.5,0.866,Haut-Sassandra,Manioc,Limoneux,Seche,48.9,28.8,67.1,0,11.99
2023-08-06,2023,8,3,218,-0.866,-0.5,Nawa,Cacao,Argileux,Seche,74.4,29.8,77.0,1,1.12
2023-06-10,2023,6,2,161,0.0,-1.0,Haut-Sassandra,Cacao,Limoneux,Pluies,148.5,26.5,84.7,0,1.79
2024-03-20,2024,3,1,80,1.0,0.0,Poro,Maïs,Sablonneux,Seche,2.3,34.2,45.3,1,1.36
2024-03-13,2024,3,1,73,1.0,0.0,Nawa,Cacao,Limoneux,Seche,52.1,26.4,66.0,0,1.12
2022-07-23,2022,7,3,204,-0.5,-0.866,Nawa,Anacarde,Limoneux,Pluies,169.2,27.2,91.2,1,0.49
2023-11-29,2023,11,4,333,-0.5,0.866,Haut-Sassandra,Anacarde,Argileux,Seche,88.7,31.1,70.3,0,0.34
2021-04-19,2021,4,2,109,0.866,-0.5,Nawa,Manioc,Argileux,Seche,11.9,31.0,59.0,0,10.25
2023-12-02,2023,12,4,336,-0.0,1.0,Poro,Manioc,Sablonneux,Seche,15.7,38.8,45.0,0,6.21
2024-04-24,2024,4,2,115,0.866,-0.5,Nawa,Cacao,Argileux,Seche,62.4,36.1,70.3,1,1.21
2023-07-24,2023,7,3,205,-0.5,-0.866,Nawa,Cacao,Argileux,Pluies,153.2,23.9,86.8,0,1.62
2022-02-02,2022,2,1,33,0.866,0.5,Haut-Sassandra,Anacarde,Limoneux,Seche,52.1,27.7,69.5,0,0.36
2024-05-31,2024,5,2,152,0.5,-0.866,Nawa,Cacao,Limoneux,Pluies,184.4,29.1,91.6,1,1.16
2022-09-26,2022,9,3,269,-1.0,-0.0,Haut-Sassandra,Manioc,Argileux,Pluies,232.3,27.6,93.8,1,10.46
2024-03-02,2024,3,1,62,1.0,0.0,Poro,Anacarde,Sablonneux,Seche,7.0,31.8,45.3,0,0.82
2024-04-01,2024,4,2,92,0.866,-0.5,Nawa,Cacao,Argileux,Seche,73.4,29.5,58.8,1,0.99
2024-05-23,2024,5,2,144,0.5,-0.866,Haut-Sassandra,Manioc,Limoneux,Pluies,233.4,26.5,78.9,1,12.56
2023-01-03,2023,1,1,3,0.5,0.866,Haut-Sassandra,Manioc,Limoneux,Seche,40.2,31.1,74.8,0,12.21
2021-08-23,2021,8,3,235,-0.866,-0.5,Haut-Sassandra,Cacao,Argileux,Seche,69.7,32.2,58.1,1,1.11
2022-10-20,2022,10,4,293,-0.866,0.5,Haut-Sassandra,Cacao,Argileux,Pluies,156.6,24.0,89.3,0,1.66
2023-01-21,2023,1,1,21,0.5,0.866,Poro,Anacarde,Sablonneux,Seche,6.1,30.3,41.0,0,0.79
2022-08-11,2022,8,3,223,-0.866,-0.5,Haut-Sassandra,Cacao,Limoneux,Seche,68.6,30.3,74.6,1,1.27
2023-10-30,2023,10,4,303,-0.866,0.5,Nawa,Manioc,Argileux,Pluies,179.6,23.1,89.1,0,13.52
2024-01-03,2024,1,1,3,0.5,0.866,Haut-Sassandra,Manioc,Argileux,Seche,72.8,30.9,74.1,0,11.02
2023-08-12,2023,8,3,224,-0.866,-0.5,Nawa,Manioc,Argileux,Seche,59.0,30.6,71.3,1,11.51
2022-05-07,2022,5,2,127,0.5,-0.866,Nawa,Cacao,Argileux,Pluies,191.4,23.0,84.4,1,1.49
2023-07-02,2023,7,3,183,-0.5,-0.866,Haut-Sassandra,Cacao,Limoneux,Pluies,182.6,25.2,86.8,0,1.54
2024-06-30,2024,6,2,182,0.0,-1.0,Nawa,Cacao,Limoneux,Pluies,104.2,26.1,86.9,0,1.06
2024-06-07,2024,6,2,159,0.0,-1.0,Nawa,Manioc,Argileux,Pluies,209.6,28.5,95.9,0,15.53
2024-04-12,2024,4,2,103,0.866,-0.5,Haut-Sassandra,Anacarde,Argileux,Seche,58.1,30.3,64.8,1,0.41
2024-04-06,2024,4,2,97,0.866,-0.5,Nawa,Manioc,Sablonneux,Seche,45.3,30.7,69.7,1,12.95
2021-06-19,2021,6,2,170,0.0,-1.0,Nawa,Manioc,Argileux,Pluies,169.5,29.4,95.9,0,11.3
2024-11-17,2024,11,4,322,-0.5,0.866,Haut-Sassandra,Manioc,Limoneux,Seche,35.0,29.4,65.8,0,11.44
2023-08-04,2023,8,3,216,-0.866,-0.5,Nawa,Manioc,Sablonneux,Seche,60.6,27.6,67.0,1,11.53
2023-03-06,2023,3,1,65,1.0,0.0,Haut-Sassandra,Cacao,Argileux,Seche,48.7,30.4,68.1,0,1.2
2022-09-26,2022,9,3,269,-1.0,-0.0,Nawa,Maïs,Limoneux,Pluies,236.3,22.1,85.6,1,1.29
2024-05-02,2024,5,2,123,0.5,-0.866,Nawa,Manioc,Argileux,Pluies,224.4,25.9,91.0,1,18.2
2021-01-29,2021,1,1,29,0.5,0.866,Haut-Sassandra,Cacao,Argileux,Seche,41.6,27.7,66.1,0,1.17
2024-04-03,2024,4,2,94,0.866,-0.5,Nawa,Manioc,Argileux,Seche,58.9,28.0,78.8,1,12.31
2024-12-16,2024,12,4,351,-0.0,1.0,Haut-Sassandra,Cacao,Argileux,Seche,64.8,28.0,69.7,0,1.09
2021-12-05,2021,12,4,339,-0.0,1.0,Poro,Manioc,Limoneux,Seche,6.8,33.4,30.5,0,6.96
2024-10-20,2024,10,4,294,-0.866,0.5,Nawa,Cacao,Argileux,Pluies,191.4,25.3,81.4,0,1.67
2024-09-27,2024,9,3,271,-1.0,-0.0,Nawa,Manioc,Argileux,Pluies,179.8,25.8,81.6,1,16.05
2022-05-15,2022,5,2,135,0.5,-0.866,Nawa,Maïs,Limoneux,Pluies,194.1,27.8,86.2,1,1.77
2022-05-26,2022,5,2,146,0.5,-0.866,Nawa,Anacarde,Limoneux,Pluies,180.2,25.4,87.8,1,0.59
2024-09-12,2024,9,3,256,-1.0,-0.0,Poro,Manioc,Sablonneux,Pluies,201.2,30.5,64.7,0,6.24
2021-08-05,2021,8,3,217,-0.866,-0.5,Nawa,Cacao,Limoneux,Seche,27.7,27.6,70.1,1,1.09
2024-08-17,2024,8,3,230,-0.866,-0.5,Poro,Anacarde,Limoneux,Pluies,148.6,26.9,79.6,0,1.24
2024-03-01,2024,3,1,61,1.0,0.0,Haut-Sassandra,Manioc,Limoneux,Seche,76.3,28.0,64.2,0,13.45
2023-12-30,2023,12,4,364,-0.0,1.0,Poro,Anacarde,Limoneux,Seche,10.2,40.6,46.9,0,0.72
2024-06-29,2024,6,2,181,0.0,-1.0,Haut-Sassandra,Cacao,Argileux,Pluies,155.3,21.9,89.4,0,1.2
2024-12-09,2024,12,4,344,-0.0,1.0,Poro,Anacarde,Limoneux,Seche,25.2,33.0,35.3,0,0.78
2022-03-21,2022,3,1,80,1.0,0.0,Poro,Anacarde,Sablonneux,Seche,11.8,33.8,39.0,0,0.69
2023-05-26,2023,5,2,146,0.5,-0.866,Haut-Sassandra,Maïs,Sablonneux,Pluies,203.4,25.7,82.6,1,1.87
2024-04-20,2024,4,2,111,0.866,-0.5,Nawa,Cacao,Limoneux,Seche,16.2,30.6,68.9,1,1.13
2021-06-16,2021,6,2,167,0.0,-1.0,Haut-Sassandra,Maïs,Limoneux,Pluies,210.4,26.6,85.7,0,1.66
2021-04-01,2021,4,2,91,0.866,-0.5,Poro,Manioc,Limoneux,Seche,9.2,31.1,48.2,0,5.2
2022-12-15,2022,12,4,349,-0.0,1.0,Nawa,Maïs,Limoneux,Seche,35.5,30.8,66.2,0,1.39
2021-02-08,2021,2,1,39,0.866,0.5,Poro,Anacarde,Sablonneux,Seche,12.7,31.5,62.8,0,0.85
2024-02-24,2024,2,1,55,0.866,0.5,Haut-Sassandra,Cacao,Argileux,Seche,67.3,30.0,67.1,0,1.1
2021-06-22,2021,6,2,173,0.0,-1.0,Haut-Sassandra,Cacao,Argileux,Pluies,118.9,29.0,85.6,0,1.86
2022-10-15,2022,10,4,288,-0.866,0.5,Poro,Anacarde,Argileux,Seche,2.2,30.0,45.0,0,0.75
2023-01-24,2023,1,1,24,0.5,0.866,Haut-Sassandra,Maïs,Limoneux,Seche,52.7,33.0,60.7,0,1.4
2024-05-28,2024,5,2,149,0.5,-0.866,Nawa,Manioc,Sablonneux,Pluies,212.6,25.6,88.3,1,13.9
2023-12-18,2023,12,4,352,-0.0,1.0,Nawa,Manioc,Argileux,Seche,41.8,30.6,59.3,0,13.34
2022-04-21,2022,4,2,111,0.866,-0.5,Haut-Sassandra,Manioc,Argileux,Seche,49.9,30.7,63.4,1,11.88
2022-04-01,2022,4,2,91,0.866,-0.5,Nawa,Cacao,Limoneux,Seche,63.6,30.2,73.6,1,1.19
2023-04-09,2023,4,2,99,0.866,-0.5,Haut-Sassandra,Manioc,Argileux,Seche,58.4,33.8,70.5,1,10.62
2023-06-14,2023,6,2,165,0.0,-1.0,Haut-Sassandra,Cacao,Sablonneux,Pluies,207.9,29.5,76.4,0,1.28
2024-10-16,2024,10,4,290,-0.866,0.5,Haut-Sassandra,Manioc,Sablonneux,Pluies,199.0,24.6,87.8,0,17.05
2023-10-22,2023,10,4,295,-0.866,0.5,Haut-Sassandra,Maïs,Limoneux,Pluies,201.5,24.8,82.9,0,1.91
2022-01-22,2022,1,1,22,0.5,0.866,Haut-Sassandra,Maïs,Sablonneux,Seche,68.1,29.6,66.7,0,1.21
2021-12-14,2021,12,4,348,-0.0,1.0,Haut-Sassandra,Manioc,Limoneux,Seche,70.1,30.4,84.1,0,11.16
2021-07-09,2021,7,3,190,-0.5,-0.866,Poro,Anacarde,Sablonneux,Pluies,179.2,27.3,78.1,0,1.21
2022-05-20,2022,5,2,140,0.5,-0.866,Haut-Sassandra,Manioc,Sablonneux,Pluies,173.4,26.3,90.4,1,15.94
2024-04-29,2024,4,2,120,0.866,-0.5,Haut-Sassandra,Manioc,Argileux,Seche,56.9,31.7,80.2,1,12.66
2024-10-24,2024,10,4,298,-0.866,0.5,Haut-Sassandra,Maïs,Argileux,Pluies,201.7,25.2,85.3,0,1.59
2024-12-03,2024,12,4,338,-0.0,1.0,Haut-Sassandra,Manioc,Limoneux,Seche,72.6,28.2,80.6,0,9.95
2023-04-04,2023,4,2,94,0.866,-0.5,Haut-Sassandra,Cacao,Sablonneux,Seche,39.8,30.5,62.4,1,1.17
2023-07-18,2023,7,3,199,-0.5,-0.866,Haut-Sassandra,Cacao,Limoneux,Pluies,240.5,24.9,80.4,0,1.07
2023-07-23,2023,7,3,204,-0.5,-0.866,Haut-Sassandra,Cacao,Limoneux,Pluies,216.0,25.2,85.1,0,1.52
2024-02-15,2024,2,1,46,0.866,0.5,Nawa,Maïs,Argileux,Seche,63.4,27.6,63.5,0,1.15
2021-05-14,2021,5,2,134,0.5,-0.866,Poro,Anacarde,Sablonneux,Seche,8.2,36.5,43.9,1,0.75
2021-02-27,2021,2,1,58,0.866,0.5,Haut-Sassandra,Maïs,Argileux,Seche,50.7,30.7,70.2,0,1.23
2022-11-16,2022,11,4,320,-0.5,0.866,Haut-Sassandra,Cacao,Limoneux,Seche,70.0,29.4,64.3,0,1.25
2022-11-03,2022,11,4,307,-0.5,0.866,Haut-Sassandra,Manioc,Limoneux,Seche,42.4,29.2,67.7,0,10.96
2021-06-22,2021,6,2,173,0.0,-1.0,Haut-Sassandra,Manioc,Sablonneux,Pluies,205.9,26.9,87.8,0,15.85
2023-03-26,2023,3,1,85,1.0,0.0,Haut-Sassandra,Cacao,Argileux,Seche,39.2,32.2,74.9,0,0.95
2024-03-18,2024,3,1,78,1.0,0.0,Nawa,Manioc,Limoneux,Seche,67.3,28.8,66.6,0,10.31
2021-03-21,2021,3,1,80,1.0,0.0,Poro,Manioc,Sablonneux,Seche,18.6,42.1,38.8,0,5.61
2023-06-05,2023,6,2,156,0.0,-1.0,Poro,Anacarde,Sablonneux,Pluies,140.6,27.7,75.6,1,1.02
2024-05-21,2024,5,2,142,0.5,-0.866,Nawa,Manioc,Limoneux,Pluies,226.0,25.1,86.9,1,15.03
2021-07-22,2021,7,3,203,-0.5,-0.866,Poro,Anacarde,Sablonneux,Pluies,207.6,32.1,80.9,0,0.8
2023-02-03,2023,2,1,34,0.866,0.5,Haut-Sassandra,Cacao,Sablonneux,Seche,62.7,34.6,73.5,0,0.96
2024-06-06,2024,6,2,158,0.0,-1.0,Haut-Sassandra,Cacao,Argileux,Pluies,125.0,24.0,85.9,0,1.66
2024-06-04,2024,6,2,156,0.0,-1.0,Haut-Sassandra,Manioc,Limoneux,Pluies,181.6,25.5,82.9,0,18.73
2024-11-26,2024,11,4,331,-0.5,0.866,Haut-Sassandra,Anacarde,Sablonneux,Seche,49.8,26.6,71.8,0,0.36
2021-02-16,2021,2,1,47,0.866,0.5,Haut-Sassandra,Manioc,Argileux,Seche,31.5,30.5,59.2,0,11.72
2024-06-10,2024,6,2,162,0.0,-1.0,Poro,Manioc,Sablonneux,Pluies,151.1,27.4,68.5,1,8.29
2024-08-21,2024,8,3,234,-0.866,-0.5,Haut-Sassandra,Maïs,Argileux,Seche,23.8,30.7,62.8,1,1.35
2024-03-12,2024,3,1,72,1.0,0.0,Haut-Sassandra,Cacao,Argileux,Seche,47.9,30.2,66.4,0,1.13
2024-12-09,2024,12,4,344,-0.0,1.0,Haut-Sassandra,Cacao,Argileux,Seche,27.3,30.7,68.4,0,0.97
2024-10-28,2024,10,4,302,-0.866,0.5,Nawa,Maïs,Argileux,Pluies,144.5,25.8,83.7,0,1.71
2024-07-06,2024,7,3,188,-0.5,-0.866,Haut-Sassandra,Anacarde,Argileux,Pluies,188.7,27.0,87.1,0,0.58
2022-10-18,2022,10,4,291,-0.866,0.5,Poro,Maïs,Limoneux,Seche,3.6,34.3,31.9,0,1.13
2022-04-16,2022,4,2,106,0.866,-0.5,Poro,Manioc,Sablonneux,Seche,12.4,32.4,39.1,0,6.92
2023-08-29,2023,8,3,241,-0.866,-0.5,Nawa,Cacao,Argileux,Seche,58.5,30.6,74.5,1,1.09
2023-11-02,2023,11,4,306,-0.5,0.866,Nawa,Manioc,Argileux,Seche,38.9,31.0,73.3,0,10.81
2024-09-15,2024,9,3,259,-1.0,-0.0,Haut-Sassandra,Cacao,Argileux,Pluies,229.8,28.0,84.9,1,1.57
2023-01-06,2023,1,1,6,0.5,0.866,Haut-Sassandra,Cacao,Sablonneux,Seche,63.0,32.5,73.7,0,1.02
2023-02-23,2023,2,1,54,0.866,0.5,Haut-Sassandra,Manioc,Limoneux,Seche,59.8,27.3,67.1,0,12.97
2023-08-26,2023,8,3,238,-0.866,-0.5,Haut-Sassandra,Cacao,Limoneux,Seche,23.7,28.2,64.6,1,1.11
2021-12-24,2021,12,4,358,-0.0,1.0,Poro,Anacarde,Limoneux,Seche,4.6,31.7,53.4,0,0.7
2023-08-30,2023,8,3,242,-0.866,-0.5,Poro,Anacarde,Sablonneux,Pluies,176.6,26.4,79.5,0,1.05
2024-12-02,2024,12,4,337,-0.0,1.0,Nawa,Cacao,Limoneux,Seche,50.8,31.7,75.4,0,1.29
2022-10-30,2022,10,4,303,-0.866,0.5,Nawa,Maïs,Sablonneux,Pluies,214.0,25.4,87.8,0,1.77
2022-01-08,2022,1,1,8,0.5,0.866,Nawa,Manioc,Sablonneux,Seche,44.8,28.2,73.4,0,11.47
2023-10-29,2023,10,4,302,-0.866,0.5,Nawa,Manioc,Limoneux,Pluies,147.2,23.4,88.8,0,17.08
2024-02-20,2024,2,1,51,0.866,0.5,Poro,Anacarde,Sablonneux,Seche,7.1,37.9,48.0,0,0.68
2024-10-03,2024,10,4,277,-0.866,0.5,Nawa,Manioc,Limoneux,Pluies,202.4,26.9,87.7,0,16.77
2022-11-07,2022,11,4,311,-0.5,0.866,Nawa,Cacao,Limoneux,Seche,48.3,29.3,79.4,0,1.14
2021-03-31,2021,3,1,90,1.0,0.0,Haut-Sassandra,Manioc,Argileux,Seche,64.2,27.8,76.0,0,11.25
2022-11-29,2022,11,4,333,-0.5,0.866,Nawa,Manioc,Argileux,Seche,45.3,30.0,64.6,0,10.25
2024-09-01,2024,9,3,245,-1.0,-0.0,Nawa,Cacao,Argileux,Pluies,171.0,29.0,82.6,0,1.71
2024-04-16,2024,4,2,107,0.866,-0.5,Poro,Manioc,Argileux,Seche,10.5,37.2,46.5,0,6.69
2022-06-24,2022,6,2,175,0.0,-1.0,Nawa,Manioc,Argileux,Pluies,196.0,25.8,92.2,0,20.5
2023-01-02,2023,1,1,2,0.5,0.866,Haut-Sassandra,Cacao,Argileux,Seche,27.3,32.6,61.1,0,1.07
2023-05-19,2023,5,2,139,0.5,-0.866,Haut-Sassandra,Anacarde,Sablonneux,Pluies,136.5,23.8,80.5,1,0.58
2021-02-10,2021,2,1,41,0.866,0.5,Haut-Sassandra,Manioc,Argileux,Seche,49.6,32.3,66.6,0,11.49
2023-01-10,2023,1,1,10,0.5,0.866,Nawa,Maïs,Argileux,Seche,84.2,28.5,72.6,0,1.32
2022-05-17,2022,5,2,137,0.5,-0.866,Poro,Maïs,Argileux,Seche,13.6,34.7,42.3,1,1.11
2023-08-17,2023,8,3,229,-0.866,-0.5,Nawa,Manioc,Sablonneux,Seche,49.0,31.0,61.9,1,11.21
2024-03-14,2024,3,1,74,1.0,0.0,Haut-Sassandra,Cacao,Limoneux,Seche,23.6,30.1,69.0,0,1.17
2024-05-09,2024,5,2,130,0.5,-0.866,Poro,Anacarde,Limoneux,Seche,3.7,32.9,44.4,1,0.75
2023-07-18,2023,7,3,199,-0.5,-0.866,Haut-Sassandra,Cacao,Argileux,Pluies,197.7,27.5,87.4,0,1.7
2022-04-06,2022,4,2,96,0.866,-0.5,Poro,Anacarde,Argileux,Seche,14.7,31.7,46.1,0,0.79
2023-01-02,2023,1,1,2,0.5,0.866,Nawa,Manioc,Argileux,Seche,43.2,29.1,77.4,0,12.31
2023-01-22,2023,1,1,22,0.5,0.866,Poro,Maïs,Sablonneux,Seche,6.0,31.2,40.8,0,1.34
2023-07-14,2023,7,3,195,-0.5,-0.866,Haut-Sassandra,Manioc,Sablonneux,Pluies,226.1,29.6,92.7,0,10.64
2023-06-28,2023,6,2,179,0.0,-1.0,Poro,Maïs,Sablonneux,Pluies,130.2,24.6,77.6,1,1.74
2024-06-30,2024,6,2,182,0.0,-1.0,Haut-Sassandra,Manioc,Limoneux,Pluies,156.3,26.8,88.1,0,17.4
2022-01-25,2022,1,1,25,0.5,0.866,Haut-Sassandra,Maïs,Sablonneux,Seche,65.8,28.1,75.7,0,1.29
2023-06-02,2023,6,2,153,0.0,-1.0,Haut-Sassandra,Cacao,Limoneux,Pluies,225.0,26.9,88.6,0,1.76
2021-09-13,2021,9,3,256,-1.0,-0.0,Poro,Anacarde,Sablonneux,Pluies,153.5,28.1,87.5,0,1.22
2022-12-10,2022,12,4,344,-0.0,1.0,Haut-Sassandra,Manioc,Argileux,Seche,42.8,27.9,53.6,0,11.65
2022-03-26,2022,3,1,85,1.0,0.0,Haut-Sassandra,Cacao,Limoneux,Seche,45.8,30.0,72.1,0,0.98
2021-01-10,2021,1,1,10,0.5,0.866,Nawa,Cacao,Argileux,Seche,62.1,29.0,64.4,0,1.08
2023-04-04,2023,4,2,94,0.866,-0.5,Nawa,Anacarde,Sablonneux,Seche,40.9,29.7,73.1,1,0.43
2023-03-09,2023,3,1,68,1.0,0.0,Poro,Maïs,Sablonneux,Seche,4.3,34.3,37.6,0,1.29
2024-06-19,2024,6,2,171,0.0,-1.0,Nawa,Cacao,Argileux,Pluies,124.3,27.1,82.9,0,1.43
2024-06-28,2024,6,2,180,0.0,-1.0,Nawa,Maïs,Limoneux,Pluies,117.3,25.1,86.0,0,1.85
2023-05-27,2023,5,2,147,0.5,-0.866,Poro,Anacarde,Sablonneux,Seche,23.2,31.8,57.1,1,0.67
2023-10-26,2023,10,4,299,-0.866,0.5,Poro,Maïs,Limoneux,Seche,17.9,33.5,33.0,0,1.16
2024-02-17,2024,2,1,48,0.866,0.5,Haut-Sassandra,Maïs,Argileux,Seche,21.8,29.2,52.1,0,1.31
2023-10-13,2023,10,4,286,-0.866,0.5,Nawa,Cacao,Argileux,Pluies,193.7,27.9,82.9,0,1.54
2022-01-09,2022,1,1,9,0.5,0.866,Haut-Sassandra,Cacao,Limoneux,Seche,53.4,27.9,69.5,0,1.26
2023-12-25,2023,12,4,359,-0.0,1.0,Nawa,Cacao,Limoneux,Seche,67.3,29.7,65.7,0,1.05
2021-05-26,2021,5,2,146,0.5,-0.866,Poro,Anacarde,Limoneux,Seche,22.7,33.4,39.2,1,0.71
2021-08-12,2021,8,3,224,-0.866,-0.5,Nawa,Cacao,Argileux,Seche,28.6,33.4,73.8,1,1.13
2024-06-16,2024,6,2,168,0.0,-1.0,Haut-Sassandra,Cacao,Argileux,Pluies,201.3,25.3,83.2,0,1.52
2021-06-26,2021,6,2,177,0.0,-1.0,Nawa,Manioc,Sablonneux,Pluies,146.4,27.3,89.5,0,15.8
2023-05-03,2023,5,2,123,0.5,-0.866,Poro,Cacao,Limoneux,Seche,12.8,32.2,49.1,1,0.57
2024-07-29,2024,7,3,211,-0.5,-0.866,Nawa,Cacao,Argileux,Pluies,187.3,28.1,90.5,0,1.59
2021-03-04,2021,3,1,63,1.0,0.0,Haut-Sassandra,Cacao,Argileux,Seche,76.6,27.2,68.4,0,1.06
2024-05-25,2024,5,2,146,0.5,-0.866,Poro,Cacao,Limoneux,Seche,12.6,37.3,57.2,1,0.62
2023-04-07,2023,4,2,97,0.866,-0.5,Haut-Sassandra,Manioc,Argileux,Seche,39.5,29.8,72.6,1,12.29
2023-03-06,2023,3,1,65,1.0,0.0,Poro,Maïs,Argileux,Seche,7.1,35.2,55.8,0,1.12
2022-11-20,2022,11,4,324,-0.5,0.866,Haut-Sassandra,Anacarde,Limoneux,Seche,72.2,30.1,69.8,0,0.41
2021-04-15,2021,4,2,105,0.866,-0.5,Haut-Sassandra,Anacarde,Limoneux,Seche,42.8,29.4,72.2,1,0.49
2024-01-28,2024,1,1,28,0.5,0.866,Haut-Sassandra,Cacao,Argileux,Seche,40.1,30.9,64.2,0,0.98
2022-05-26,2022,5,2,146,0.5,-0.866,Nawa,Manioc,Argileux,Pluies,163.4,27.3,83.8,1,16.89
2022-01-20,2022,1,1,20,0.5,0.866,Haut-Sassandra,Manioc,Argileux,Seche,55.7,30.7,59.6,0,11.04
2022-02-09,2022,2,1,40,0.866,0.5,Haut-Sassandra,Anacarde,Limoneux,Seche,64.4,32.3,75.4,0,0.31
2023-04-03,2023,4,2,93,0.866,-0.5,Haut-Sassandra,Manioc,Argileux,Seche,18.6,30.8,77.7,1,11.93
2022-06-02,2022,6,2,153,0.0,-1.0,Poro,Anacarde,Limoneux,Pluies,156.2,26.5,79.5,1,1.23
2022-04-21,2022,4,2,111,0.866,-0.5,Nawa,Cacao,Sablonneux,Seche,21.8,31.3,61.5,1,1.23
2022-12-10,2022,12,4,344,-0.0,1.0,Nawa,Cacao,Argileux,Seche,72.3,27.2,67.3,0,1.16
2023-02-10,2023,2,1,41,0.866,0.5,Nawa,Cacao,Argileux,Seche,52.1,28.6,63.0,0,1.24
2023-11-13,2023,11,4,317,-0.5,0.866,Haut-Sassandra,Manioc,Limoneux,Seche,46.3,30.8,59.1,0,11.52
2023-09-24,2023,9,3,267,-1.0,-0.0,Nawa,Cacao,Limoneux,Pluies,179.8,27.8,89.4,1,1.73
2022-11-08,2022,11,4,312,-0.5,0.866,Nawa,Cacao,Limoneux,Seche,38.0,30.5,62.8,0,1.11
2022-12-15,2022,12,4,349,-0.0,1.0,Nawa,Manioc,Argileux,Seche,62.4,34.1,66.3,1,11.64
2021-03-24,2021,3,1,83,1.0,0.0,Nawa,Cacao,Limoneux,Seche,54.9,29.4,57.5,0,1.13
2024-03-14,2024,3,1,74,1.0,0.0,Haut-Sassandra,Cacao,Argileux,Seche,47.4,30.5,61.6,0,1.24
2024-01-14,2024,1,1,14,0.5,0.866,Nawa,Maïs,Limoneux,Seche,81.7,28.8,60.5,0,1.31
2024-01-07,2024,1,1,7,0.5,0.866,Nawa,Anacarde,Limoneux,Seche,42.3,27.3,66.5,0,0.48
2022-04-02,2022,4,2,92,0.866,-0.5,Haut-Sassandra,Cacao,Argileux,Seche,80.9,26.6,67.5,1,1.14
2021-01-01,2021,1,1,1,0.5,0.866,Nawa,Manioc,Limoneux,Seche,53.7,31.1,69.7,0,11.0
2021-02-20,2021,2,1,51,0.866,0.5,Haut-Sassandra,Cacao,Limoneux,Seche,17.2,30.5,68.3,0,1.09
2022-11-16,2022,11,4,320,-0.5,0.866,Haut-Sassandra,Manioc,Argileux,Seche,84.3,25.6,66.1,0,12.37
2022-12-18,2022,12,4,352,-0.0,1.0,Haut-Sassandra,Anacarde,Argileux,Seche,58.4,29.1,64.5,0,0.43
2022-03-25,2022,3,1,84,1.0,0.0,Nawa,Cacao,Limoneux,Seche,24.9,30.8,73.1,0,1.04
2023-05-31,2023,5,2,151,0.5,-0.866,Haut-Sassandra,Cacao,Limoneux,Pluies,197.9,28.9,82.9,1,1.57
2022-05-03,2022,5,2,123,0.5,-0.866,Nawa,Maïs,Argileux,Pluies,120.1,24.0,90.4,1,1.78
2021-02-03,2021,2,1,34,0.866,0.5,Nawa,Cacao,Limoneux,Seche,63.4,27.0,64.5,0,1.04
2024-10-03,2024,10,4,277,-0.866,0.5,Haut-Sassandra,Maïs,Argileux,Pluies,187.9,25.1,84.9,0,1.81
2021-04-05,2021,4,2,95,0.866,-0.5,Nawa,Cacao,Limoneux,Seche,15.5,29.5,77.8,1,1.12
2024-01-01,2024,1,1,1,0.5,0.866,Haut-Sassandra,Manioc,Argileux,Seche,39.0,28.1,65.2,0,11.16
2021-06-03,2021,6,2,154,0.0,-1.0,Nawa,Manioc,Argileux,Pluies,192.0,23.7,96.1,0,17.75
2021-09-07,2021,9,3,250,-1.0,-0.0,Nawa,Maïs,Limoneux,Pluies,198.1,25.9,89.6,1,1.77
2022-11-05,2022,11,4,309,-0.5,0.866,Nawa,Manioc,Argileux,Seche,24.5,33.5,72.0,0,12.08
2022-03-14,2022,3,1,73,1.0,0.0,Haut-Sassandra,Cacao,Argileux,Seche,35.7,29.2,75.7,0,1.13
2021-04-28,2021,4,2,118,0.866,-0.5,Nawa,Maïs,Argileux,Seche,31.6,25.3,72.6,1,1.35
2023-02-10,2023,2,1,41,0.866,0.5,Poro,Cacao,Argileux,Seche,11.9,30.4,56.6,0,0.57
2024-08-22,2024,8,3,235,-0.866,-0.5,Nawa,Cacao,Sablonneux,Seche,15.0,30.5,69.4,1,1.03
2021-09-25,2021,9,3,268,-1.0,-0.0,Haut-Sassandra,Cacao,Limoneux,Pluies,168.0,23.7,81.5,1,1.63
2023-12-14,2023,12,4,348,-0.0,1.0,Poro,Anacarde,Sablonneux,Seche,21.2,32.6,44.1,0,0.83
2021-08-24,2021,8,3,236,-0.866,-0.5,Nawa,Cacao,Limoneux,Seche,82.2,33.3,61.5,1,1.01
2022-01-24,2022,1,1,24,0.5,0.866,Haut-Sassandra,Manioc,Argileux,Seche,43.2,32.2,66.1,0,12.24
2023-09-17,2023,9,3,260,-1.0,-0.0,Nawa,Cacao,Limoneux,Pluies,95.3,27.4,85.3,1,1.21
2023-02-02,2023,2,1,33,0.866,0.5,Haut-Sassandra,Cacao,Argileux,Seche,32.1,31.9,78.6,0,1.16
2022-02-05,2022,2,1,36,0.866,0.5,Poro,Anacarde,Sablonneux,Seche,8.3,33.4,52.8,0,0.73
2022-09-16,2022,9,3,259,-1.0,-0.0,Nawa,Anacarde,Sablonneux,Pluies,248.3,27.0,82.8,0,0.38
2023-02-06,2023,2,1,37,0.866,0.5,Haut-Sassandra,Manioc,Limoneux,Seche,50.4,33.7,68.4,0,11.77
2024-08-19,2024,8,3,232,-0.866,-0.5,Haut-Sassandra,Cacao,Limoneux,Seche,22.0,29.0,79.4,1,1.16
2023-07-08,2023,7,3,189,-0.5,-0.866,Nawa,Cacao,Limoneux,Pluies,127.6,23.2,89.9,0,1.62
2024-05-15,2024,5,2,136,0.5,-0.866,Poro,Manioc,Argileux,Seche,14.1,37.1,56.2,1,6.23
2024-06-06,2024,6,2,158,0.0,-1.0,Poro,Manioc,Sablonneux,Pluies,161.8,27.2,81.2,1,8.54
2023-05-03,2023,5,2,123,0.5,-0.866,Poro,Anacarde,Limoneux,Seche,19.8,40.0,51.8,1,0.82
2022-08-01,2022,8,3,213,-0.866,-0.5,Poro,Maïs,Argileux,Pluies,148.7,27.9,80.8,0,1.84
2021-03-16,2021,3,1,75,1.0,0.0,Poro,Manioc,Sablonneux,Seche,18.8,38.3,37.3,0,6.93
2022-03-11,2022,3,1,70,1.0,0.0,Poro,Maïs,Argileux,Seche,6.9,35.7,30.5,0,1.49
2021-04-13,2021,4,2,103,0.866,-0.5,Poro,Manioc,Sablonneux,Seche,17.5,33.6,37.7,0,5.77
2024-12-16,2024,12,4,351,-0.0,1.0,Nawa,Maïs,Limoneux,Seche,53.3,29.1,63.9,0,1.25
2023-02-03,2023,2,1,34,0.866,0.5,Nawa,Cacao,Limoneux,Seche,57.6,34.4,64.4,0,1.03
2023-01-08,2023,1,1,8,0.5,0.866,Poro,Anacarde,Argileux,Seche,18.9,35.6,44.4,0,0.85
2023-03-17,2023,3,1,76,1.0,0.0,Haut-Sassandra,Cacao,Argileux,Seche,48.9,30.1,72.3,0,1.01
2024-08-22,2024,8,3,235,-0.866,-0.5,Nawa,Cacao,Limoneux,Seche,35.8,26.4,62.8,1,1.28
2021-04-08,2021,4,2,98,0.866,-0.5,Nawa,Cacao,Argileux,Seche,46.4,28.5,73.3,1,1.31
2023-03-09,2023,3,1,68,1.0,0.0,Nawa,Manioc,Argileux,Seche,40.3,25.3,67.8,0,10.51
2024-09-20,2024,9,3,264,-1.0,-0.0,Haut-Sassandra,Manioc,Sablonneux,Pluies,122.1,24.9,91.0,1,16.36
2023-05-09,2023,5,2,129,0.5,-0.866,Poro,Anacarde,Argileux,Seche,10.1,32.9,60.1,1,0.77
2022-03-11,2022,3,1,70,1.0,0.0,Nawa,Cacao,Sablonneux,Seche,78.2,32.8,64.7,0,1.11
2022-03-23,2022,3,1,82,1.0,0.0,Poro,Maïs,Sablonneux,Seche,17.4,34.1,39.1,0,1.29
2024-08-24,2024,8,3,237,-0.866,-0.5,Nawa,Cacao,Limoneux,Seche,37.7,30.7,73.9,1,1.11
2021-09-06,2021,9,3,249,-1.0,-0.0,Haut-Sassandra,Manioc,Argileux,Pluies,170.2,27.1,83.2,1,16.18
2021-06-15,2021,6,2,166,0.0,-1.0,Haut-Sassandra,Manioc,Limoneux,Pluies,230.3,24.4,86.6,0,12.24
2023-09-11,2023,9,3,254,-1.0,-0.0,Haut-Sassandra,Cacao,Sablonneux,Pluies,187.1,26.2,88.4,0,1.66
2024-09-20,2024,9,3,264,-1.0,-0.0,Poro,Anacarde,Sablonneux,Pluies,154.6,28.7,75.2,0,1.05
2023-10-17,2023,10,4,290,-0.866,0.5,Haut-Sassandra,Maïs,Argileux,Pluies,157.5,28.5,83.8,0,1.51
2022-06-26,2022,6,2,177,0.0,-1.0,Nawa,Cacao,Limoneux,Pluies,227.1,28.3,81.5,0,1.6
2023-01-29,2023,1,1,29,0.5,0.866,Nawa,Manioc,Limoneux,Seche,58.2,27.3,71.6,0,11.57
2024-02-04,2024,2,1,35,0.866,0.5,Nawa,Manioc,Argileux,Seche,51.4,25.4,74.7,0,12.54
2021-03-22,2021,3,1,81,1.0,0.0,Poro,Maïs,Limoneux,Seche,0.0,39.2,34.0,0,1.29
2021-05-13,2021,5,2,133,0.5,-0.866,Poro,Maïs,Sablonneux,Seche,0.0,36.6,37.8,1,1.17
2023-03-08,2023,3,1,67,1.0,0.0,Nawa,Cacao,Argileux,Seche,53.6,30.7,61.9,0,1.24
2023-06-19,2023,6,2,170,0.0,-1.0,Haut-Sassandra,Cacao,Limoneux,Pluies,183.2,26.1,85.0,0,1.6
2021-05-18,2021,5,2,138,0.5,-0.866,Poro,Cacao,Sablonneux,Seche,20.7,32.8,47.5,1,0.59
2021-07-03,2021,7,3,184,-0.5,-0.866,Nawa,Cacao,Argileux,Pluies,182.6,24.8,89.1,0,1.57
2024-11-25,2024,11,4,330,-0.5,0.866,Nawa,Anacarde,Limoneux,Seche,59.5,35.7,68.0,0,0.39
2024-09-15,2024,9,3,259,-1.0,-0.0,Haut-Sassandra,Cacao,Argileux,Pluies,179.4,27.7,92.9,1,1.73
2023-02-24,2023,2,1,55,0.866,0.5,Haut-Sassandra,Cacao,Limoneux,Seche,18.6,32.4,71.4,0,1.03
2023-09-11,2023,9,3,254,-1.0,-0.0,Nawa,Cacao,Argileux,Pluies,175.7,27.9,89.2,1,1.52
2021-03-10,2021,3,1,69,1.0,0.0,Haut-Sassandra,Maïs,Argileux,Seche,45.4,30.1,81.5,0,1.27
2022-06-30,2022,6,2,181,0.0,-1.0,Poro,Anacarde,Limoneux,Pluies,187.1,27.4,76.1,1,1.07
2021-02-22,2021,2,1,53,0.866,0.5,Haut-Sassandra,Maïs,Argileux,Seche,43.5,26.1,60.9,0,1.24
2021-07-24,2021,7,3,205,-0.5,-0.866,Poro,Anacarde,Sablonneux,Pluies,156.7,28.7,72.5,0,1.12
2021-05-06,2021,5,2,126,0.5,-0.866,Nawa,Manioc,Argileux,Pluies,181.8,24.8,86.3,1,16.67
2021-02-12,2021,2,1,43,0.866,0.5,Poro,Anacarde,Sablonneux,Seche,13.0,32.6,39.2,0,0.7
2021-04-21,2021,4,2,111,0.866,-0.5,Nawa,Cacao,Argileux,Seche,31.9,29.2,79.1,1,1.27
2023-01-31,2023,1,1,31,0.5,0.866,Nawa,Cacao,Limoneux,Seche,32.9,26.8,75.4,0,1.18
2024-04-21,2024,4,2,112,0.866,-0.5,Poro,Anacarde,Limoneux,Seche,8.4,37.2,52.9,0,0.67
2023-04-28,2023,4,2,118,0.866,-0.5,Haut-Sassandra,Cacao,Argileux,Seche,93.3,33.3,61.2,1,1.15
2021-04-05,2021,4,2,95,0.866,-0.5,Nawa,Cacao,Sablonneux,Seche,41.8,28.0,75.4,1,1.01
2024-10-29,2024,10,4,303,-0.866,0.5,Poro,Maïs,Sablonneux,Seche,14.5,36.7,40.1,0,1.01
2023-06-19,2023,6,2,170,0.0,-1.0,Haut-Sassandra,Cacao,Limoneux,Pluies,208.4,27.7,78.9,0,1.62
2021-12-26,2021,12,4,360,-0.0,1.0,Nawa,Cacao,Limoneux,Seche,45.1,30.9,78.6,0,1.17
2023-06-19,2023,6,2,170,0.0,-1.0,Nawa,Maïs,Sablonneux,Pluies,249.7,25.0,91.0,0,1.37
2021-10-08,2021,10,4,281,-0.866,0.5,Poro,Manioc,Sablonneux,Seche,4.2,32.6,46.6,0,6.06
2024-05-03,2024,5,2,124,0.5,-0.866,Nawa,Cacao,Limoneux,Pluies,252.2,25.8,81.0,1,1.09
2024-05-03,2024,5,2,124,0.5,-0.866,Poro,Anacarde,Sablonneux,Seche,11.0,34.0,45.6,1,0.7
2022-10-29,2022,10,4,302,-0.866,0.5,Haut-Sassandra,Cacao,Argileux,Pluies,156.3,27.1,91.2,0,1.47
2021-04-03,2021,4,2,93,0.866,-0.5,Haut-Sassandra,Maïs,Argileux,Seche,61.0,29.5,74.1,1,1.19
2022-11-03,2022,11,4,307,-0.5,0.866,Poro,Maïs,Limoneux,Seche,16.3,34.9,41.3,0,1.13
2021-03-02,2021,3,1,61,1.0,0.0,Haut-Sassandra,Maïs,Limoneux,Seche,84.2,28.8,64.4,0,1.12
2022-09-26,2022,9,3,269,-1.0,-0.0,Poro,Manioc,Limoneux,Pluies,194.2,28.3,82.0,0,9.77
2023-12-11,2023,12,4,345,-0.0,1.0,Nawa,Maïs,Limoneux,Seche,24.1,28.5,63.9,0,1.29
2024-11-27,2024,11,4,332,-0.5,0.866,Haut-Sassandra,Maïs,Sablonneux,Seche,89.4,30.1,65.7,0,1.14
2023-10-26,2023,10,4,299,-0.866,0.5,Haut-Sassandra,Cacao,Limoneux,Pluies,173.6,25.1,82.6,1,1.77
2022-08-27,2022,8,3,239,-0.866,-0.5,Nawa,Cacao,Limoneux,Seche,55.4,28.9,66.6,1,1.12
2022-11-13,2022,11,4,317,-0.5,0.866,Haut-Sassandra,Cacao,Argileux,Seche,27.7,30.0,65.6,0,1.19
2022-06-18,2022,6,2,169,0.0,-1.0,Nawa,Cacao,Argileux,Pluies,223.7,26.4,83.8,0,1.49
2024-11-29,2024,11,4,334,-0.5,0.866,Poro,Anacarde,Argileux,Seche,10.4,31.9,46.3,0,0.7
2023-04-18,2023,4,2,108,0.866,-0.5,Nawa,Cacao,Sablonneux,Seche,25.1,30.3,67.3,1,1.15
2022-10-07,2022,10,4,280,-0.866,0.5,Poro,Anacarde,Sablonneux,Seche,2.3,36.8,58.4,0,0.78
2021-08-21,2021,8,3,233,-0.866,-0.5,Haut-Sassandra,Cacao,Argileux,Seche,38.6,30.1,63.1,1,1.06
2022-06-08,2022,6,2,159,0.0,-1.0,Nawa,Maïs,Limoneux,Pluies,213.8,26.2,88.7,0,1.88
2021-12-12,2021,12,4,346,-0.0,1.0,Haut-Sassandra,Cacao,Argileux,Seche,91.3,30.5,57.7,0,0.97
2023-12-06,2023,12,4,340,-0.0,1.0,Nawa,Cacao,Limoneux,Seche,37.6,31.8,69.5,0,1.1
2022-06-30,2022,6,2,181,0.0,-1.0,Nawa,Cacao,Sablonneux,Pluies,195.3,27.6,86.0,0,1.46
2024-01-07,2024,1,1,7,0.5,0.866,Poro,Anacarde,Sablonneux,Seche,14.4,34.8,35.1,0,0.85
2024-01-02,2024,1,1,2,0.5,0.866,Poro,Anacarde,Sablonneux,Seche,8.6,31.0,56.2,0,0.62
2023-03-05,2023,3,1,64,1.0,0.0,Poro,Anacarde,Limoneux,Seche,17.6,32.6,58.3,0,0.86
2021-09-06,2021,9,3,249,-1.0,-0.0,Haut-Sassandra,Anacarde,Sablonneux,Pluies,151.8,25.9,84.8,1,0.59
2021-02-16,2021,2,1,47,0.866,0.5,Nawa,Anacarde,Argileux,Seche,61.6,27.4,67.1,0,0.4
2024-02-19,2024,2,1,50,0.866,0.5,Poro,Manioc,Sablonneux,Seche,14.3,35.1,32.9,0,5.9
2021-08-02,2021,8,3,214,-0.866,-0.5,Nawa,Cacao,Argileux,Seche,61.8,27.1,69.0,1,1.12
2021-08-27,2021,8,3,239,-0.866,-0.5,Nawa,Manioc,Argileux,Seche,41.1,30.6,74.5,1,10.75
2023-12-16,2023,12,4,350,-0.0,1.0,Nawa,Cacao,Limoneux,Seche,86.3,29.1,66.4,0,1.27
2021-12-16,2021,12,4,350,-0.0,1.0,Haut-Sassandra,Manioc,Limoneux,Seche,66.9,29.7,66.3,0,11.01
2021-04-17,2021,4,2,107,0.866,-0.5,Poro,Maïs,Sablonneux,Seche,11.0,38.9,31.1,0,1.13
2023-04-11,2023,4,2,101,0.866,-0.5,Nawa,Cacao,Limoneux,Seche,30.2,28.0,74.3,1,1.15
2021-02-17,2021,2,1,48,0.866,0.5,Haut-Sassandra,Manioc,Argileux,Seche,42.0,27.7,79.7,0,13.01
2021-12-03,2021,12,4,337,-0.0,1.0,Nawa,Cacao,Argileux,Seche,52.9,29.1,68.9,0,0.99
2023-11-16,2023,11,4,320,-0.5,0.866,Nawa,Cacao,Sablonneux,Seche,44.5,28.3,57.8,0,1.11
2023-03-15,2023,3,1,74,1.0,0.0,Poro,Anacarde,Limoneux,Seche,4.4,32.0,34.6,0,0.76
2024-07-04,2024,7,3,186,-0.5,-0.866,Haut-Sassandra,Manioc,Sablonneux,Pluies,225.0,28.1,89.8,0,16.96
2021-01-08,2021,1,1,8,0.5,0.866,Nawa,Manioc,Argileux,Seche,11.8,28.1,61.7,0,12.47
2022-09-17,2022,9,3,260,-1.0,-0.0,Haut-Sassandra,Cacao,Limoneux,Pluies,249.8,28.5,91.5,1,1.06
2024-06-30,2024,6,2,182,0.0,-1.0,Nawa,Cacao,Limoneux,Pluies,229.5,24.9,82.8,0,1.58
2022-12-20,2022,12,4,354,-0.0,1.0,Haut-Sassandra,Maïs,Limoneux,Seche,13.4,27.4,68.0,0,1.29
2021-10-30,2021,10,4,303,-0.866,0.5,Poro,Anacarde,Argileux,Seche,19.2,31.3,56.6,0,0.89
2022-10-01,2022,10,4,274,-0.866,0.5,Nawa,Cacao,Argileux,Pluies,205.8,25.5,87.1,0,1.44
2021-02-25,2021,2,1,56,0.866,0.5,Poro,Maïs,Argileux,Seche,0.0,35.8,35.7,1,1.3
2022-12-27,2022,12,4,361,-0.0,1.0,Nawa,Cacao,Sablonneux,Seche,52.3,27.6,61.9,0,1.14
2022-06-10,2022,6,2,161,0.0,-1.0,Poro,Anacarde,Limoneux,Pluies,148.0,29.2,71.5,1,0.73
2022-04-19,2022,4,2,109,0.866,-0.5,Nawa,Cacao,Limoneux,Seche,44.3,31.0,54.4,1,1.25
2021-01-28,2021,1,1,28,0.5,0.866,Haut-Sassandra,Maïs,Argileux,Seche,72.7,29.1,69.5,0,1.33
2021-03-19,2021,3,1,78,1.0,0.0,Poro,Maïs,Limoneux,Seche,4.0,32.4,48.7,0,1.1
2024-05-24,2024,5,2,145,0.5,-0.866,Poro,Manioc,Limoneux,Seche,16.6,33.0,33.6,1,6.22
2024-11-10,2024,11,4,315,-0.5,0.866,Poro,Maïs,Sablonneux,Seche,4.9,32.2,43.2,0,1.25
2021-12-31,2021,12,4,365,-0.0,1.0,Haut-Sassandra,Maïs,Argileux,Seche,42.8,30.4,71.4,0,1.41
2022-10-28,2022,10,4,301,-0.866,0.5,Haut-Sassandra,Cacao,Argileux,Pluies,136.6,29.0,89.4,0,1.33
2022-06-10,2022,6,2,161,0.0,-1.0,Nawa,Cacao,Sablonneux,Pluies,189.1,26.6,81.3,0,1.83
2022-11-30,2022,11,4,334,-0.5,0.866,Haut-Sassandra,Manioc,Sablonneux,Seche,65.5,29.0,74.3,0,10.43
2024-08-28,2024,8,3,241,-0.866,-0.5,Haut-Sassandra,Anacarde,Limoneux,Seche,28.3,25.8,60.6,1,0.36
2023-06-02,2023,6,2,153,0.0,-1.0,Nawa,Cacao,Argileux,Pluies,225.2,24.9,85.7,0,1.58
2023-10-28,2023,10,4,301,-0.866,0.5,Nawa,Cacao,Argileux,Pluies,201.3,26.1,77.9,0,1.7
2023-10-24,2023,10,4,297,-0.866,0.5,Nawa,Cacao,Argileux,Pluies,187.5,28.1,90.5,0,1.53
2023-07-08,2023,7,3,189,-0.5,-0.866,Haut-Sassandra,Cacao,Sablonneux,Pluies,184.3,26.4,85.8,1,1.62
2023-01-20,2023,1,1,20,0.5,0.866,Haut-Sassandra,Maïs,Argileux,Seche,28.7,34.7,69.4,0,1.22
2021-12-29,2021,12,4,363,-0.0,1.0,Poro,Anacarde,Limoneux,Seche,16.4,30.0,66.2,0,0.84
2024-07-21,2024,7,3,203,-0.5,-0.866,Nawa,Maïs,Limoneux,Pluies,170.9,27.9,82.5,0,1.94
2023-03-17,2023,3,1,76,1.0,0.0,Nawa,Manioc,Argileux,Seche,60.6,28.9,60.9,0,13.35
2023-01-09,2023,1,1,9,0.5,0.866,Haut-Sassandra,Manioc,Sablonneux,Seche,53.8,30.5,71.9,0,13.34
2023-11-05,2023,11,4,309,-0.5,0.866,Nawa,Cacao,Argileux,Seche,74.0,26.9,56.0,0,1.15
2024-04-30,2024,4,2,121,0.866,-0.5,Haut-Sassandra,Cacao,Argileux,Seche,71.7,29.0,59.0,1,1.12
2022-04-30,2022,4,2,120,0.866,-0.5,Poro,Manioc,Sablonneux,Seche,9.2,29.3,39.8,0,6.28
2021-01-28,2021,1,1,28,0.5,0.866,Haut-Sassandra,Cacao,Argileux,Seche,37.5,30.1,66.3,0,1.06
2022-12-15,2022,12,4,349,-0.0,1.0,Haut-Sassandra,Cacao,Limoneux,Seche,55.7,32.7,62.8,0,1.12
2023-11-29,2023,11,4,333,-0.5,0.866,Haut-Sassandra,Manioc,Limoneux,Seche,43.3,31.9,58.4,0,10.57
2024-07-20,2024,7,3,202,-0.5,-0.866,Poro,Anacarde,Argileux,Pluies,186.1,31.4,80.5,0,0.8
2024-06-08,2024,6,2,160,0.0,-1.0,Poro,Maïs,Sablonneux,Pluies,164.9,28.4,70.0,1,1.88
2021-03-27,2021,3,1,86,1.0,0.0,Haut-Sassandra,Cacao,Sablonneux,Seche,49.6,31.0,64.4,0,1.25
2021-05-06,2021,5,2,126,0.5,-0.866,Poro,Maïs,Sablonneux,Seche,22.5,29.1,35.8,1,1.29
2023-03-23,2023,3,1,82,1.0,0.0,Haut-Sassandra,Maïs,Argileux,Seche,22.2,26.5,67.2,0,1.49
2022-06-21,2022,6,2,172,0.0,-1.0,Haut-Sassandra,Cacao,Limoneux,Pluies,205.8,22.9,86.3,0,1.2
2021-05-25,2021,5,2,145,0.5,-0.866,Poro,Manioc,Limoneux,Seche,1.0,33.0,49.4,1,5.4
2024-05-20,2024,5,2,141,0.5,-0.866,Haut-Sassandra,Cacao,Argileux,Pluies,222.9,26.9,91.6,1,1.45
2021-01-25,2021,1,1,25,0.5,0.866,Poro,Maïs,Sablonneux,Seche,9.7,31.3,39.4,0,1.29
2024-11-18,2024,11,4,323,-0.5,0.866,Haut-Sassandra,Manioc,Argileux,Seche,56.6,31.9,64.1,0,12.45
2021-03-08,2021,3,1,67,1.0,0.0,Poro,Maïs,Sablonneux,Seche,0.6,32.9,38.2,0,1.24
2021-08-21,2021,8,3,233,-0.866,-0.5,Poro,Anacarde,Limoneux,Pluies,189.0,31.3,86.5,0,0.76
2021-04-19,2021,4,2,109,0.866,-0.5,Nawa,Manioc,Sablonneux,Seche,31.8,28.9,76.3,1,11.27
2024-03-15,2024,3,1,75,1.0,0.0,Poro,Anacarde,Limoneux,Seche,20.3,31.0,37.3,0,0.8
2021-04-21,2021,4,2,111,0.866,-0.5,Haut-Sassandra,Maïs,Argileux,Seche,25.6,30.5,73.3,1,1.37
2021-08-16,2021,8,3,228,-0.866,-0.5,Nawa,Manioc,Sablonneux,Seche,32.1,29.9,57.9,1,11.78
2021-04-21,2021,4,2,111,0.866,-0.5,Nawa,Maïs,Argileux,Seche,45.1,30.8,63.2,1,1.27
2021-02-03,2021,2,1,34,0.866,0.5,Haut-Sassandra,Cacao,Limoneux,Seche,24.5,29.5,71.6,0,0.97
2022-09-15,2022,9,3,258,-1.0,-0.0,Poro,Anacarde,Limoneux,Pluies,220.2,28.6,77.7,0,1.03
2024-10-24,2024,10,4,298,-0.866,0.5,Nawa,Manioc,Argileux,Pluies,191.1,27.2,78.4,0,13.93
2023-01-18,2023,1,1,18,0.5,0.866,Haut-Sassandra,Maïs,Argileux,Seche,69.6,29.9,78.8,0,1.26
2022-08-18,2022,8,3,230,-0.866,-0.5,Nawa,Cacao,Limoneux,Seche,17.0,29.9,65.5,1,1.18
2022-03-01,2022,3,1,60,1.0,0.0,Nawa,Maïs,Limoneux,Seche,54.6,27.8,65.7,0,1.14
2022-09-05,2022,9,3,248,-1.0,-0.0,Nawa,Manioc,Argileux,Pluies,166.8,23.7,84.3,1,17.61
2022-11-23,2022,11,4,327,-0.5,0.866,Poro,Maïs,Sablonneux,Seche,9.7,27.2,48.0,0,1.12
2024-07-29,2024,7,3,211,-0.5,-0.866,Poro,Anacarde,Limoneux,Pluies,175.4,26.0,79.6,0,1.1
2024-09-05,2024,9,3,249,-1.0,-0.0,Nawa,Anacarde,Argileux,Pluies,152.3,24.8,87.6,1,0.51
2021-11-11,2021,11,4,315,-0.5,0.866,Nawa,Manioc,Limoneux,Seche,35.0,28.2,73.6,0,13.83
2023-05-27,2023,5,2,147,0.5,-0.866,Nawa,Cacao,Argileux,Pluies,251.5,29.1,86.5,1,1.03
2024-11-01,2024,11,4,306,-0.5,0.866,Nawa,Cacao,Argileux,Seche,43.7,31.6,72.3,0,1.12
2024-08-05,2024,8,3,218,-0.866,-0.5,Poro,Anacarde,Sablonneux,Pluies,149.1,28.0,70.9,0,1.15
2022-10-24,2022,10,4,297,-0.866,0.5,Nawa,Cacao,Limoneux,Pluies,193.6,28.4,84.2,0,1.71
2021-10-04,2021,10,4,277,-0.866,0.5,Haut-Sassandra,Cacao,Limoneux,Pluies,172.7,24.5,84.0,0,1.32
2022-09-16,2022,9,3,259,-1.0,-0.0,Haut-Sassandra,Manioc,Limoneux,Pluies,184.8,27.3,86.7,1,15.18
2022-05-31,2022,5,2,151,0.5,-0.866,Nawa,Cacao,Argileux,Pluies,180.8,28.6,85.7,1,1.62
2024-10-05,2024,10,4,279,-0.866,0.5,Nawa,Maïs,Argileux,Pluies,168.9,30.2,87.3,0,1.35
2023-04-23,2023,4,2,113,0.866,-0.5,Nawa,Manioc,Limoneux,Seche,42.6,32.1,75.4,1,12.54
2021-12-16,2021,12,4,350,-0.0,1.0,Poro,Cacao,Limoneux,Seche,15.8,34.2,36.0,0,0.57
2023-04-03,2023,4,2,93,0.866,-0.5,Poro,Anacarde,Sablonneux,Seche,14.3,31.1,36.5,0,0.86
2024-03-06,2024,3,1,66,1.0,0.0,Poro,Anacarde,Sablonneux,Seche,16.3,32.5,27.9,0,0.79
2023-01-29,2023,1,1,29,0.5,0.866,Haut-Sassandra,Manioc,Limoneux,Seche,52.9,31.6,72.4,0,10.61
2023-06-18,2023,6,2,169,0.0,-1.0,Haut-Sassandra,Manioc,Limoneux,Pluies,216.5,23.4,82.6,0,18.68
2021-08-31,2021,8,3,243,-0.866,-0.5,Nawa,Manioc,Argileux,Seche,60.2,29.5,62.7,1,11.16
2022-06-27,2022,6,2,178,0.0,-1.0,Poro,Anacarde,Argileux,Pluies,179.7,29.0,83.3,1,1.15
2023-11-30,2023,11,4,334,-0.5,0.866,Poro,Anacarde,Limoneux,Seche,18.5,30.5,44.2,0,0.82
2021-08-17,2021,8,3,229,-0.866,-0.5,Poro,Anacarde,Limoneux,Pluies,159.1,25.0,67.8,0,1.2
2022-07-02,2022,7,3,183,-0.5,-0.866,Haut-Sassandra,Cacao,Argileux,Pluies,278.2,29.0,75.6,0,1.11
2023-07-09,2023,7,3,190,-0.5,-0.866,Haut-Sassandra,Cacao,Limoneux,Pluies,206.3,26.2,81.3,0,1.36
2024-05-31,2024,5,2,152,0.5,-0.866,Haut-Sassandra,Maïs,Argileux,Pluies,168.7,26.5,85.5,1,2.0
2021-01-06,2021,1,1,6,0.5,0.866,Haut-Sassandra,Cacao,Limoneux,Seche,23.2,33.0,73.2,0,1.15
2024-09-07,2024,9,3,251,-1.0,-0.0,Haut-Sassandra,Cacao,Argileux,Pluies,186.7,22.6,81.8,1,1.11
2022-04-13,2022,4,2,103,0.866,-0.5,Nawa,Manioc,Argileux,Seche,79.3,29.8,65.1,1,13.3
2021-03-16,2021,3,1,75,1.0,0.0,Haut-Sassandra,Cacao,Argileux,Seche,44.6,30.2,66.9,0,1.34
2021-01-04,2021,1,1,4,0.5,0.866,Nawa,Cacao,Argileux,Seche,35.5,29.9,73.6,1,0.97
2022-10-08,2022,10,4,281,-0.866,0.5,Nawa,Cacao,Argileux,Pluies,241.7,29.1,91.1,0,0.93
2021-04-28,2021,4,2,118,0.866,-0.5,Poro,Cacao,Sablonneux,Seche,11.6,28.3,50.8,0,0.49
2023-05-31,2023,5,2,151,0.5,-0.866,Nawa,Cacao,Argileux,Pluies,178.3,25.4,84.3,1,1.58
2022-05-19,2022,5,2,139,0.5,-0.866,Poro,Anacarde,Sablonneux,Seche,10.1,32.9,34.9,1,0.73
2023-08-05,2023,8,3,217,-0.866,-0.5,Haut-Sassandra,Cacao,Argileux,Seche,33.6,33.7,64.6,1,1.07
2022-07-28,2022,7,3,209,-0.5,-0.866,Haut-Sassandra,Cacao,Argileux,Pluies,140.3,27.5,78.8,0,1.8
2021-07-13,2021,7,3,194,-0.5,-0.866,Poro,Anacarde,Limoneux,Pluies,150.9,27.6,81.3,0,1.14
2023-04-27,2023,4,2,117,0.866,-0.5,Poro,Manioc,Sablonneux,Seche,0.0,35.2,47.8,0,5.67
2022-12-16,2022,12,4,350,-0.0,1.0,Haut-Sassandra,Anacarde,Limoneux,Seche,50.5,28.2,73.7,0,0.41
2024-11-16,2024,11,4,321,-0.5,0.866,Poro,Anacarde,Argileux,Seche,13.9,38.4,37.0,0,0.73
2023-11-16,2023,11,4,320,-0.5,0.866,Haut-Sassandra,Maïs,Argileux,Seche,77.1,32.2,65.8,0,1.09
2024-12-29,2024,12,4,364,-0.0,1.0,Poro,Manioc,Sablonneux,Seche,10.3,31.0,40.9,0,6.14
2021-06-22,2021,6,2,173,0.0,-1.0,Nawa,Cacao,Limoneux,Pluies,160.1,25.0,90.2,0,1.6
2024-08-16,2024,8,3,229,-0.866,-0.5,Poro,Anacarde,Argileux,Pluies,171.1,25.7,78.4,0,1.04
2021-11-22,2021,11,4,326,-0.5,0.866,Nawa,Cacao,Argileux,Seche,33.2,32.4,74.6,0,1.08
2024-12-04,2024,12,4,339,-0.0,1.0,Poro,Anacarde,Sablonneux,Seche,28.3,36.1,41.5,0,0.78
2024-02-16,2024,2,1,47,0.866,0.5,Haut-Sassandra,Cacao,Limoneux,Seche,62.9,30.6,72.3,0,0.94
2023-04-16,2023,4,2,106,0.866,-0.5,Poro,Anacarde,Sablonneux,Seche,6.0,32.3,56.8,0,0.76
2022-12-25,2022,12,4,359,-0.0,1.0,Poro,Maïs,Limoneux,Seche,0.0,34.8,37.7,0,1.46
2021-08-13,2021,8,3,225,-0.866,-0.5,Nawa,Manioc,Limoneux,Seche,25.3,30.4,60.7,1,12.03
2022-06-16,2022,6,2,167,0.0,-1.0,Poro,Maïs,Sablonneux,Pluies,193.5,30.1,72.6,1,1.29
2021-04-23,2021,4,2,113,0.866,-0.5,Nawa,Cacao,Limoneux,Seche,43.4,30.3,68.7,0,1.12
2021-05-20,2021,5,2,140,0.5,-0.866,Poro,Anacarde,Limoneux,Seche,15.7,38.5,56.3,1,0.79
2022-07-13,2022,7,3,194,-0.5,-0.866,Nawa,Cacao,Argileux,Pluies,188.4,27.3,87.3,0,1.53
2021-01-01,2021,1,1,1,0.5,0.866,Nawa,Maïs,Argileux,Seche,9.7,27.7,66.4,0,1.28
2021-03-31,2021,3,1,90,1.0,0.0,Poro,Anacarde,Sablonneux,Seche,16.1,33.6,39.1,0,0.74
2022-10-16,2022,10,4,289,-0.866,0.5,Haut-Sassandra,Cacao,Limoneux,Pluies,186.5,25.3,87.2,0,1.81
2021-11-16,2021,11,4,320,-0.5,0.866,Haut-Sassandra,Cacao,Limoneux,Seche,54.4,32.4,65.4,0,1.0
2021-05-19,2021,5,2,139,0.5,-0.866,Haut-Sassandra,Cacao,Sablonneux,Pluies,210.6,25.6,92.7,1,1.71
2023-04-25,2023,4,2,115,0.866,-0.5,Haut-Sassandra,Cacao,Limoneux,Seche,34.5,29.9,69.8,1,1.15
2021-09-16,2021,9,3,259,-1.0,-0.0,Haut-Sassandra,Cacao,Limoneux,Pluies,173.8,28.3,86.8,1,1.66
2023-06-21,2023,6,2,172,0.0,-1.0,Haut-Sassandra,Manioc,Argileux,Pluies,176.4,27.6,86.6,0,15.58
2022-11-21,2022,11,4,325,-0.5,0.866,Haut-Sassandra,Cacao,Sablonneux,Seche,75.9,26.3,58.4,0,1.15
2021-01-10,2021,1,1,10,0.5,0.866,Haut-Sassandra,Manioc,Limoneux,Seche,45.3,27.7,68.6,0,11.99
2021-09-18,2021,9,3,261,-1.0,-0.0,Haut-Sassandra,Cacao,Sablonneux,Pluies,203.5,26.3,85.3,1,1.41
2021-06-21,2021,6,2,172,0.0,-1.0,Poro,Manioc,Sablonneux,Pluies,194.8,27.0,71.9,1,8.46
2023-06-17,2023,6,2,168,0.0,-1.0,Poro,Maïs,Argileux,Pluies,198.6,29.3,75.8,1,1.29
2021-01-13,2021,1,1,13,0.5,0.866,Haut-Sassandra,Manioc,Limoneux,Seche,15.6,26.4,63.2,1,13.06
2024-04-06,2024,4,2,97,0.866,-0.5,Haut-Sassandra,Cacao,Limoneux,Seche,28.5,32.4,76.6,1,1.22
2021-11-17,2021,11,4,321,-0.5,0.866,Nawa,Cacao,Argileux,Seche,31.0,30.2,68.6,0,1.14
2024-09-04,2024,9,3,248,-1.0,-0.0,Poro,Anacarde,Sablonneux,Pluies,155.2,28.4,81.1,0,1.11
2021-11-25,2021,11,4,329,-0.5,0.866,Poro,Manioc,Sablonneux,Seche,17.9,38.2,51.4,0,6.38
2023-02-24,2023,2,1,55,0.866,0.5,Nawa,Cacao,Sablonneux,Seche,56.6,31.7,63.6,0,1.19
2023-02-16,2023,2,1,47,0.866,0.5,Haut-Sassandra,Manioc,Argileux,Seche,21.0,32.5,62.9,0,13.24
2023-06-30,2023,6,2,181,0.0,-1.0,Poro,Anacarde,Sablonneux,Pluies,175.1,26.6,83.0,1,1.08
2024-12-13,2024,12,4,348,-0.0,1.0,Haut-Sassandra,Anacarde,Argileux,Seche,18.3,32.5,68.0,0,0.38
2024-01-24,2024,1,1,24,0.5,0.866,Poro,Anacarde,Sablonneux,Seche,22.1,31.9,50.8,1,0.76
2021-11-14,2021,11,4,318,-0.5,0.866,Haut-Sassandra,Manioc,Argileux,Seche,12.9,31.8,69.6,0,12.17
2021-08-24,2021,8,3,236,-0.866,-0.5,Haut-Sassandra,Manioc,Limoneux,Seche,11.6,28.1,67.9,1,12.1
2021-11-30,2021,11,4,334,-0.5,0.866,Haut-Sassandra,Cacao,Argileux,Seche,46.7,34.6,67.0,0,1.21
2022-01-11,2022,1,1,11,0.5,0.866,Nawa,Cacao,Sablonneux,Seche,46.5,29.8,75.8,0,1.06
2024-03-06,2024,3,1,66,1.0,0.0,Poro,Anacarde,Sablonneux,Seche,3.3,29.2,39.7,0,0.76
2022-08-11,2022,8,3,223,-0.866,-0.5,Haut-Sassandra,Cacao,Limoneux,Seche,42.6,27.7,68.4,1,1.03
2022-05-28,2022,5,2,148,0.5,-0.866,Haut-Sassandra,Cacao,Argileux,Pluies,230.1,29.7,81.0,1,1.12
2024-08-12,2024,8,3,225,-0.866,-0.5,Haut-Sassandra,Maïs,Sablonneux,Seche,10.0,27.0,60.4,1,1.17
2024-09-05,2024,9,3,249,-1.0,-0.0,Haut-Sassandra,Cacao,Limoneux,Pluies,151.2,27.0,82.7,1,1.49
2023-07-07,2023,7,3,188,-0.5,-0.866,Nawa,Manioc,Argileux,Pluies,242.0,25.5,86.0,0,12.4
2024-10-04,2024,10,4,278,-0.866,0.5,Poro,Anacarde,Sablonneux,Seche,12.5,31.5,39.6,0,0.84
2023-05-23,2023,5,2,143,0.5,-0.866,Nawa,Manioc,Argileux,Pluies,214.8,26.6,87.4,1,17.21
2024-06-06,2024,6,2,158,0.0,-1.0,Haut-Sassandra,Cacao,Argileux,Pluies,177.1,27.9,81.1,0,1.6
2021-09-27,2021,9,3,270,-1.0,-0.0,Haut-Sassandra,Manioc,Argileux,Pluies,253.7,26.5,80.7,1,12.57
2023-03-09,2023,3,1,68,1.0,0.0,Poro,Anacarde,Sablonneux,Seche,0.0,30.4,48.2,0,0.93
2024-08-07,2024,8,3,220,-0.866,-0.5,Nawa,Cacao,Limoneux,Seche,32.6,31.1,73.6,1,1.14
2022-12-26,2022,12,4,360,-0.0,1.0,Haut-Sassandra,Manioc,Argileux,Seche,73.3,28.4,68.1,0,10.66
2024-04-03,2024,4,2,94,0.866,-0.5,Nawa,Maïs,Limoneux,Seche,59.8,26.2,68.8,1,1.32
2021-01-05,2021,1,1,5,0.5,0.866,Nawa,Cacao,Sablonneux,Seche,73.2,29.7,63.7,0,1.12
2023-05-01,2023,5,2,121,0.5,-0.866,Poro,Anacarde,Limoneux,Seche,12.7,31.4,30.8,1,0.79
2024-11-03,2024,11,4,308,-0.5,0.866,Nawa,Cacao,Argileux,Seche,15.2,31.0,61.8,0,1.11
2021-03-19,2021,3,1,78,1.0,0.0,Haut-Sassandra,Cacao,Sablonneux,Seche,45.5,31.2,72.1,0,1.13
2024-12-04,2024,12,4,339,-0.0,1.0,Haut-Sassandra,Manioc,Sablonneux,Seche,54.0,30.9,66.2,0,11.83
2022-07-28,2022,7,3,209,-0.5,-0.866,Haut-Sassandra,Cacao,Limoneux,Pluies,137.1,25.7,87.8,0,1.33
2021-05-12,2021,5,2,132,0.5,-0.866,Haut-Sassandra,Anacarde,Argileux,Pluies,208.2,26.9,84.6,0,0.58
2022-08-24,2022,8,3,236,-0.866,-0.5,Nawa,Cacao,Argileux,Seche,54.6,28.5,65.2,1,1.08
2023-12-02,2023,12,4,336,-0.0,1.0,Nawa,Cacao,Argileux,Seche,10.1,30.4,71.1,0,1.01
2021-03-30,2021,3,1,89,1.0,0.0,Nawa,Maïs,Limoneux,Seche,74.5,32.9,69.8,0,1.5
2022-02-06,2022,2,1,37,0.866,0.5,Poro,Manioc,Limoneux,Seche,9.9,33.1,38.3,0,5.42
2021-10-23,2021,10,4,296,-0.866,0.5,Haut-Sassandra,Cacao,Limoneux,Pluies,224.8,26.4,76.2,0,1.51
2024-08-11,2024,8,3,224,-0.866,-0.5,Haut-Sassandra,Cacao,Limoneux,Seche,80.0,31.4,61.0,1,1.2
2022-09-08,2022,9,3,251,-1.0,-0.0,Haut-Sassandra,Cacao,Argileux,Pluies,153.1,27.0,89.7,1,1.67
2023-03-11,2023,3,1,70,1.0,0.0,Haut-Sassandra,Cacao,Sablonneux,Seche,72.4,29.1,69.8,0,1.1
2022-02-26,2022,2,1,57,0.866,0.5,Poro,Anacarde,Limoneux,Seche,30.6,32.2,50.3,0,0.79
2023-11-13,2023,11,4,317,-0.5,0.866,Haut-Sassandra,Maïs,Limoneux,Seche,47.1,31.5,83.0,0,1.28
2022-07-29,2022,7,3,210,-0.5,-0.866,Nawa,Cacao,Limoneux,Pluies,172.6,26.5,88.5,0,1.69
2021-05-23,2021,5,2,143,0.5,-0.866,Nawa,Manioc,Limoneux,Pluies,235.5,25.7,93.9,1,11.46
2023-09-20,2023,9,3,263,-1.0,-0.0,Poro,Anacarde,Sablonneux,Pluies,164.6,30.7,77.9,0,0.75
2022-10-27,2022,10,4,300,-0.866,0.5,Nawa,Cacao,Argileux,Pluies,204.1,22.1,88.0,0,1.19
2021-05-25,2021,5,2,145,0.5,-0.866,Nawa,Cacao,Argileux,Pluies,165.0,24.4,84.3,1,1.58
2024-06-02,2024,6,2,154,0.0,-1.0,Haut-Sassandra,Cacao,Limoneux,Pluies,185.8,23.9,80.1,0,1.63
2023-10-04,2023,10,4,277,-0.866,0.5,Haut-Sassandra,Manioc,Limoneux,Pluies,140.7,26.5,89.3,0,17.83
2022-05-18,2022,5,2,138,0.5,-0.866,Poro,Anacarde,Limoneux,Seche,7.2,29.2,48.8,1,0.8
2023-04-01,2023,4,2,91,0.866,-0.5,Nawa,Maïs,Limoneux,Seche,55.0,28.8,76.5,1,1.27
2021-04-14,2021,4,2,104,0.866,-0.5,Nawa,Maïs,Limoneux,Seche,36.5,25.7,64.1,1,1.22
2023-11-29,2023,11,4,333,-0.5,0.866,Poro,Anacarde,Limoneux,Seche,10.2,36.9,43.7,0,0.78
2021-07-17,2021,7,3,198,-0.5,-0.866,Nawa,Cacao,Limoneux,Pluies,173.9,25.4,85.3,0,1.85
2022-08-02,2022,8,3,214,-0.866,-0.5,Nawa,Cacao,Limoneux,Seche,29.2,32.5,72.0,1,1.22
2022-01-26,2022,1,1,26,0.5,0.866,Haut-Sassandra,Manioc,Argileux,Seche,41.1,28.0,67.4,0,12.21
2024-04-17,2024,4,2,108,0.866,-0.5,Haut-Sassandra,Cacao,Sablonneux,Seche,60.3,26.5,69.1,1,1.02
2022-07-08,2022,7,3,189,-0.5,-0.866,Nawa,Cacao,Argileux,Pluies,158.7,26.3,79.8,0,1.71
2023-11-05,2023,11,4,309,-0.5,0.866,Haut-Sassandra,Anacarde,Limoneux,Seche,31.2,30.3,67.0,0,0.47
2024-08-05,2024,8,3,218,-0.866,-0.5,Haut-Sassandra,Cacao,Limoneux,Seche,58.2,30.2,75.7,1,1.13
2022-04-23,2022,4,2,113,0.866,-0.5,Nawa,Cacao,Argileux,Seche,60.4,37.1,63.8,1,1.27
2024-06-08,2024,6,2,160,0.0,-1.0,Nawa,Maïs,Argileux,Pluies,162.7,26.3,87.2,0,1.78
2023-07-12,2023,7,3,193,-0.5,-0.866,Haut-Sassandra,Maïs,Argileux,Pluies,206.0,27.1,87.8,0,1.64
2022-02-24,2022,2,1,55,0.866,0.5,Haut-Sassandra,Manioc,Argileux,Seche,41.3,28.6,68.4,0,11.68
2021-06-06,2021,6,2,157,0.0,-1.0,Nawa,Maïs,Argileux,Pluies,176.3,23.3,89.5,0,1.92
2022-07-04,2022,7,3,185,-0.5,-0.866,Haut-Sassandra,Manioc,Sablonneux,Pluies,163.9,26.0,89.7,0,16.59
2024-01-26,2024,1,1,26,0.5,0.866,Poro,Anacarde,Sablonneux,Seche,6.0,33.8,45.8,0,0.67
2023-10-18,2023,10,4,291,-0.866,0.5,Poro,Maïs,Sablonneux,Seche,9.2,30.5,45.7,0,1.3
2023-09-24,2023,9,3,267,-1.0,-0.0,Nawa,Manioc,Sablonneux,Pluies,157.0,24.7,89.4,1,17.45
2024-12-05,2024,12,4,340,-0.0,1.0,Poro,Maïs,Sablonneux,Seche,0.0,36.9,52.3,0,1.46
2023-08-09,2023,8,3,221,-0.866,-0.5,Poro,Anacarde,Sablonneux,Pluies,200.0,24.4,74.9,0,0.96
2021-10-16,2021,10,4,289,-0.866,0.5,Poro,Anacarde,Argileux,Seche,12.2,31.9,44.3,0,0.79
2024-07-01,2024,7,3,183,-0.5,-0.866,Poro,Maïs,Sablonneux,Pluies,193.4,27.8,85.9,0,1.85
2021-07-15,2021,7,3,196,-0.5,-0.866,Haut-Sassandra,Cacao,Argileux,Pluies,172.0,25.1,85.4,0,1.84
2022-08-21,2022,8,3,233,-0.866,-0.5,Haut-Sassandra,Cacao,Sablonneux,Seche,25.4,30.7,67.7,1,1.17
2022-06-01,2022,6,2,152,0.0,-1.0,Poro,Manioc,Sablonneux,Pluies,176.4,30.4,76.5,1,6.32
2023-05-15,2023,5,2,135,0.5,-0.866,Nawa,Anacarde,Argileux,Pluies,214.4,25.7,95.4,1,0.56
2024-02-16,2024,2,1,47,0.866,0.5,Nawa,Manioc,Argileux,Seche,15.2,29.4,74.7,0,10.79
2023-03-17,2023,3,1,76,1.0,0.0,Nawa,Maïs,Argileux,Seche,111.4,31.6,55.0,0,1.27
2024-03-28,2024,3,1,88,1.0,0.0,Haut-Sassandra,Cacao,Argileux,Seche,55.9,27.2,64.6,0,1.22
2023-03-26,2023,3,1,85,1.0,0.0,Nawa,Cacao,Argileux,Seche,53.5,32.1,67.3,0,1.16
2021-08-16,2021,8,3,228,-0.866,-0.5,Nawa,Manioc,Argileux,Seche,46.6,29.5,75.9,1,11.88
2021-08-04,2021,8,3,216,-0.866,-0.5,Nawa,Cacao,Argileux,Seche,45.2,30.9,76.8,1,1.23
2023-08-06,2023,8,3,218,-0.866,-0.5,Poro,Anacarde,Argileux,Pluies,201.4,29.5,73.2,0,0.7
2021-01-15,2021,1,1,15,0.5,0.866,Poro,Manioc,Sablonneux,Seche,13.5,29.8,37.9,0,6.55
2024-03-26,2024,3,1,86,1.0,0.0,Haut-Sassandra,Cacao,Argileux,Seche,80.4,30.8,69.9,0,1.2
2024-07-08,2024,7,3,190,-0.5,-0.866,Poro,Anacarde,Limoneux,Pluies,137.4,29.1,74.9,0,0.75
2024-03-26,2024,3,1,86,1.0,0.0,Haut-Sassandra,Maïs,Argileux,Seche,35.2,36.4,79.1,0,1.09
2021-02-16,2021,2,1,47,0.866,0.5,Nawa,Cacao,Sablonneux,Seche,16.8,34.4,68.2,0,1.11
2021-11-20,2021,11,4,324,-0.5,0.866,Haut-Sassandra,Cacao,Limoneux,Seche,52.6,30.8,62.9,0,1.25
2023-04-24,2023,4,2,114,0.866,-0.5,Haut-Sassandra,Cacao,Argileux,Seche,73.7,31.6,75.0,1,1.24
2021-05-10,2021,5,2,130,0.5,-0.866,Poro,Cacao,Sablonneux,Seche,11.3,35.0,44.2,1,0.5
2024-12-05,2024,12,4,340,-0.0,1.0,Nawa,Cacao,Limoneux,Seche,25.8,30.8,62.1,0,1.05
2021-04-05,2021,4,2,95,0.866,-0.5,Haut-Sassandra,Cacao,Argileux,Seche,40.0,28.5,68.0,1,1.11
2022-09-19,2022,9,3,262,-1.0,-0.0,Nawa,Cacao,Sablonneux,Pluies,172.9,25.1,82.8,1,1.72
2023-01-25,2023,1,1,25,0.5,0.866,Poro,Manioc,Limoneux,Seche,2.7,30.1,51.1,0,6.23
2024-08-08,2024,8,3,221,-0.866,-0.5,Haut-Sassandra,Cacao,Argileux,Seche,48.2,30.8,67.5,1,1.11
2023-03-05,2023,3,1,64,1.0,0.0,Poro,Anacarde,Limoneux,Seche,17.9,33.2,38.4,0,0.72
2024-07-30,2024,7,3,212,-0.5,-0.866,Haut-Sassandra,Maïs,Argileux,Pluies,128.1,27.7,91.9,0,1.72
2021-03-10,2021,3,1,69,1.0,0.0,Haut-Sassandra,Manioc,Argileux,Seche,34.5,29.8,68.6,0,12.13
2021-01-11,2021,1,1,11,0.5,0.866,Nawa,Cacao,Argileux,Seche,50.0,33.3,71.1,0,1.12
2024-07-01,2024,7,3,183,-0.5,-0.866,Nawa,Manioc,Argileux,Pluies,241.3,28.2,84.5,0,9.62
2023-05-22,2023,5,2,142,0.5,-0.866,Haut-Sassandra,Cacao,Argileux,Pluies,183.5,27.2,83.5,1,1.52
2022-07-04,2022,7,3,185,-0.5,-0.866,Haut-Sassandra,Cacao,Argileux,Pluies,153.8,24.6,85.1,1,1.5
2024-03-03,2024,3,1,63,1.0,0.0,Poro,Maïs,Sablonneux,Seche,7.9,32.3,59.0,0,1.36
2022-12-13,2022,12,4,347,-0.0,1.0,Nawa,Maïs,Argileux,Seche,24.3,29.7,62.1,0,1.25
2021-01-23,2021,1,1,23,0.5,0.866,Haut-Sassandra,Cacao,Argileux,Seche,41.8,32.3,63.2,0,1.05
2023-03-26,2023,3,1,85,1.0,0.0,Poro,Anacarde,Sablonneux,Seche,5.7,33.8,43.0,0,0.8
2021-12-12,2021,12,4,346,-0.0,1.0,Poro,Maïs,Sablonneux,Seche,7.6,34.3,44.8,0,1.22
2021-10-29,2021,10,4,302,-0.866,0.5,Haut-Sassandra,Cacao,Limoneux,Pluies,174.4,24.1,82.5,0,1.73
2021-12-29,2021,12,4,363,-0.0,1.0,Poro,Anacarde,Sablonneux,Seche,4.8,33.2,42.7,0,0.64
2022-01-31,2022,1,1,31,0.5,0.866,Haut-Sassandra,Manioc,Limoneux,Seche,37.8,24.8,68.0,0,12.98
2021-08-06,2021,8,3,218,-0.866,-0.5,Poro,Manioc,Sablonneux,Pluies,159.3,27.0,81.7,0,9.02
2021-05-21,2021,5,2,141,0.5,-0.866,Haut-Sassandra,Cacao,Argileux,Pluies,224.3,28.0,82.2,1,1.6
2023-08-16,2023,8,3,228,-0.866,-0.5,Nawa,Cacao,Limoneux,Seche,41.6,23.8,59.8,1,1.18
2024-05-18,2024,5,2,139,0.5,-0.866,Nawa,Cacao,Limoneux,Pluies,178.6,24.8,75.4,1,1.51
2023-09-12,2023,9,3,255,-1.0,-0.0,Haut-Sassandra,Cacao,Limoneux,Pluies,166.3,28.7,85.0,1,1.74
2023-09-20,2023,9,3,263,-1.0,-0.0,Nawa,Cacao,Limoneux,Pluies,241.3,30.6,81.6,1,1.15
2023-04-08,2023,4,2,98,0.866,-0.5,Haut-Sassandra,Manioc,Argileux,Seche,50.8,29.1,66.6,1,13.76
2022-11-14,2022,11,4,318,-0.5,0.866,Haut-Sassandra,Cacao,Argileux,Seche,26.6,31.6,73.3,0,1.05
2023-10-01,2023,10,4,274,-0.866,0.5,Haut-Sassandra,Manioc,Limoneux,Pluies,243.1,28.2,88.7,0,10.81
2021-12-22,2021,12,4,356,-0.0,1.0,Nawa,Manioc,Limoneux,Seche,89.8,29.8,69.0,0,10.54
2023-10-05,2023,10,4,278,-0.866,0.5,Nawa,Maïs,Argileux,Pluies,206.1,28.5,85.6,0,2.09
2024-09-09,2024,9,3,253,-1.0,-0.0,Haut-Sassandra,Cacao,Argileux,Pluies,158.4,28.0,90.5,1,1.56
2024-03-02,2024,3,1,62,1.0,0.0,Nawa,Cacao,Limoneux,Seche,27.4,29.1,61.6,0,1.15
2023-06-07,2023,6,2,158,0.0,-1.0,Poro,Anacarde,Limoneux,Pluies,137.3,30.5,73.5,1,0.77
2021-05-07,2021,5,2,127,0.5,-0.866,Nawa,Cacao,Sablonneux,Pluies,156.3,26.2,87.9,1,1.44
2024-02-04,2024,2,1,35,0.866,0.5,Nawa,Anacarde,Limoneux,Seche,30.1,30.0,78.5,0,0.36
2023-10-06,2023,10,4,279,-0.866,0.5,Haut-Sassandra,Manioc,Argileux,Pluies,178.8,24.7,87.2,0,16.92
2022-08-27,2022,8,3,239,-0.866,-0.5,Haut-Sassandra,Cacao,Argileux,Seche,52.7,31.4,68.3,1,0.95
2024-11-02,2024,11,4,307,-0.5,0.866,Haut-Sassandra,Manioc,Limoneux,Seche,10.1,30.8,72.6,0,11.21
2023-10-11,2023,10,4,284,-0.866,0.5,Poro,Anacarde,Limoneux,Seche,19.8,35.0,23.7,0,0.61
2021-02-20,2021,2,1,51,0.866,0.5,Nawa,Cacao,Argileux,Seche,30.3,29.7,68.1,0,1.11
2023-11-19,2023,11,4,323,-0.5,0.866,Nawa,Maïs,Argileux,Seche,64.3,27.0,54.5,0,1.28
2024-08-12,2024,8,3,225,-0.866,-0.5,Nawa,Cacao,Sablonneux,Seche,43.3,30.5,66.2,1,1.07
2024-08-13,2024,8,3,226,-0.866,-0.5,Haut-Sassandra,Cacao,Limoneux,Seche,61.1,26.3,75.1,1,1.05
2023-02-18,2023,2,1,49,0.866,0.5,Nawa,Cacao,Argileux,Seche,71.3,29.3,66.7,0,1.06
2024-12-01,2024,12,4,336,-0.0,1.0,Haut-Sassandra,Cacao,Limoneux,Seche,68.9,29.0,78.7,0,1.23
2023-03-25,2023,3,1,84,1.0,0.0,Poro,Maïs,Sablonneux,Seche,8.1,34.8,54.4,0,1.46
2024-11-29,2024,11,4,334,-0.5,0.866,Haut-Sassandra,Cacao,Limoneux,Seche,50.0,31.7,62.6,0,1.04
2024-10-01,2024,10,4,275,-0.866,0.5,Nawa,Cacao,Argileux,Pluies,179.5,24.7,85.2,0,1.63
2022-02-24,2022,2,1,55,0.866,0.5,Poro,Anacarde,Sablonneux,Seche,12.4,33.7,34.2,0,0.82
2024-04-20,2024,4,2,111,0.866,-0.5,Nawa,Cacao,Limoneux,Seche,49.7,30.2,61.9,1,1.05
2023-09-10,2023,9,3,253,-1.0,-0.0,Nawa,Cacao,Limoneux,Pluies,273.2,26.2,81.4,1,1.0
2023-04-05,2023,4,2,95,0.866,-0.5,Haut-Sassandra,Cacao,Sablonneux,Seche,79.1,35.5,72.5,1,1.17
2023-10-22,2023,10,4,295,-0.866,0.5,Haut-Sassandra,Maïs,Argileux,Pluies,212.2,27.0,82.2,0,1.88
2022-07-21,2022,7,3,202,-0.5,-0.866,Haut-Sassandra,Manioc,Sablonneux,Pluies,192.4,27.3,88.4,0,16.34
2022-01-06,2022,1,1,6,0.5,0.866,Nawa,Maïs,Limoneux,Seche,57.1,29.1,83.5,1,1.27
2023-07-25,2023,7,3,206,-0.5,-0.866,Haut-Sassandra,Manioc,Argileux,Pluies,203.1,27.1,88.1,0,15.81
2022-10-23,2022,10,4,296,-0.866,0.5,Haut-Sassandra,Manioc,Argileux,Pluies,200.7,26.4,93.4,0,18.48
2024-12-25,2024,12,4,360,-0.0,1.0,Nawa,Cacao,Limoneux,Seche,67.9,30.8,63.5,0,1.06
2023-08-27,2023,8,3,239,-0.866,-0.5,Haut-Sassandra,Maïs,Argileux,Seche,62.9,27.7,68.3,1,1.29
2024-08-25,2024,8,3,238,-0.866,-0.5,Nawa,Manioc,Argileux,Seche,47.5,25.4,67.2,1,10.77
2024-03-06,2024,3,1,66,1.0,0.0,Poro,Anacarde,Argileux,Seche,3.0,34.2,35.8,0,0.69
2021-07-21,2021,7,3,202,-0.5,-0.866,Poro,Cacao,Sablonneux,Pluies,194.5,26.1,73.9,0,0.81
2024-12-30,2024,12,4,365,-0.0,1.0,Haut-Sassandra,Cacao,Sablonneux,Seche,39.7,30.6,68.7,0,1.23
2021-11-09,2021,11,4,313,-0.5,0.866,Poro,Manioc,Limoneux,Seche,22.8,34.0,48.8,0,6.29
2021-04-27,2021,4,2,117,0.866,-0.5,Poro,Anacarde,Limoneux,Seche,16.6,33.5,28.7,0,0.76
2023-07-26,2023,7,3,207,-0.5,-0.866,Poro,Maïs,Argileux,Pluies,167.8,31.8,75.1,1,1.26
2022-07-29,2022,7,3,210,-0.5,-0.866,Poro,Maïs,Sablonneux,Pluies,169.0,28.8,70.0,0,1.82
2021-09-01,2021,9,3,244,-1.0,-0.0,Haut-Sassandra,Maïs,Argileux,Pluies,156.9,25.7,93.2,1,2.05
2022-06-21,2022,6,2,172,0.0,-1.0,Poro,Anacarde,Sablonneux,Pluies,161.7,30.5,67.2,1,0.73
2021-03-16,2021,3,1,75,1.0,0.0,Haut-Sassandra,Cacao,Argileux,Seche,51.6,29.1,61.6,0,1.11
2022-01-21,2022,1,1,21,0.5,0.866,Poro,Manioc,Sablonneux,Seche,9.1,32.6,36.1,0,6.05
2024-05-18,2024,5,2,139,0.5,-0.866,Haut-Sassandra,Anacarde,Limoneux,Pluies,210.0,29.6,88.0,1,0.44
2022-04-20,2022,4,2,110,0.866,-0.5,Haut-Sassandra,Cacao,Sablonneux,Seche,63.8,32.1,69.9,1,0.97
2022-02-22,2022,2,1,53,0.866,0.5,Haut-Sassandra,Cacao,Argileux,Seche,0.0,29.0,76.5,0,1.0
2021-12-13,2021,12,4,347,-0.0,1.0,Nawa,Manioc,Sablonneux,Seche,49.6,32.6,67.8,0,13.22
2022-10-02,2022,10,4,275,-0.866,0.5,Poro,Anacarde,Sablonneux,Seche,10.9,30.9,31.2,0,0.8
2023-07-28,2023,7,3,209,-0.5,-0.866,Haut-Sassandra,Manioc,Sablonneux,Pluies,203.5,22.8,81.2,0,13.05
2023-08-13,2023,8,3,225,-0.866,-0.5,Poro,Manioc,Sablonneux,Pluies,156.9,28.6,75.7,0,7.74
2023-05-26,2023,5,2,146,0.5,-0.866,Poro,Anacarde,Limoneux,Seche,8.9,32.4,48.3,1,0.78
2023-02-02,2023,2,1,33,0.866,0.5,Haut-Sassandra,Manioc,Argileux,Seche,44.5,27.7,73.6,0,13.51
2024-04-17,2024,4,2,108,0.866,-0.5,Nawa,Manioc,Limoneux,Seche,43.6,30.8,80.2,1,11.15
2024-04-20,2024,4,2,111,0.866,-0.5,Nawa,Manioc,Sablonneux,Seche,10.8,30.9,64.9,1,12.24
2022-10-26,2022,10,4,299,-0.866,0.5,Haut-Sassandra,Cacao,Limoneux,Pluies,179.6,29.5,80.5,0,1.1
2021-01-25,2021,1,1,25,0.5,0.866,Haut-Sassandra,Anacarde,Sablonneux,Seche,70.8,25.8,77.5,0,0.44
2024-04-18,2024,4,2,109,0.866,-0.5,Haut-Sassandra,Cacao,Argileux,Seche,49.7,26.5,67.9,1,1.02
2022-12-11,2022,12,4,345,-0.0,1.0,Nawa,Maïs,Argileux,Seche,58.6,30.7,79.3,0,1.38
2024-03-30,2024,3,1,90,1.0,0.0,Haut-Sassandra,Cacao,Limoneux,Seche,37.2,29.9,70.6,0,1.08
2021-06-26,2021,6,2,177,0.0,-1.0,Poro,Anacarde,Limoneux,Pluies,150.8,26.1,76.3,1,1.12
2021-10-12,2021,10,4,285,-0.866,0.5,Nawa,Cacao,Argileux,Pluies,214.3,26.6,89.1,0,1.64
2021-03-04,2021,3,1,63,1.0,0.0,Poro,Anacarde,Sablonneux,Seche,23.9,35.7,33.7,0,0.67
2023-09-30,2023,9,3,273,-1.0,-0.0,Haut-Sassandra,Cacao,Argileux,Pluies,184.1,27.2,89.8,1,1.48
2022-10-24,2022,10,4,297,-0.866,0.5,Poro,Anacarde,Sablonneux,Seche,6.1,35.9,32.5,0,0.7
2022-10-28,2022,10,4,301,-0.866,0.5,Nawa,Cacao,Argileux,Pluies,174.9,28.6,84.1,0,1.63
2021-06-05,2021,6,2,156,0.0,-1.0,Poro,Manioc,Argileux,Pluies,150.3,28.6,71.4,1,9.22
2023-12-09,2023,12,4,343,-0.0,1.0,Poro,Manioc,Sablonneux,Seche,21.8,34.6,49.1,0,7.06
2023-08-25,2023,8,3,237,-0.866,-0.5,Poro,Anacarde,Limoneux,Pluies,138.6,26.6,75.9,0,1.05
2023-04-29,2023,4,2,119,0.866,-0.5,Haut-Sassandra,Maïs,Limoneux,Seche,38.3,28.5,62.3,1,1.43
2024-01-13,2024,1,1,13,0.5,0.866,Nawa,Manioc,Argileux,Seche,49.7,28.6,67.9,0,10.73
2024-10-16,2024,10,4,290,-0.866,0.5,Haut-Sassandra,Cacao,Limoneux,Pluies,182.9,25.1,79.2,0,1.78
2022-11-20,2022,11,4,324,-0.5,0.866,Nawa,Maïs,Limoneux,Seche,31.1,28.7,76.7,1,1.45
2021-05-28,2021,5,2,148,0.5,-0.866,Nawa,Maïs,Argileux,Pluies,195.9,26.4,82.2,1,1.79
2021-12-08,2021,12,4,342,-0.0,1.0,Nawa,Anacarde,Sablonneux,Seche,36.4,30.1,63.0,0,0.36
2022-04-21,2022,4,2,111,0.866,-0.5,Poro,Anacarde,Sablonneux,Seche,10.1,32.5,46.0,0,0.78
2023-12-23,2023,12,4,357,-0.0,1.0,Nawa,Manioc,Argileux,Seche,20.7,31.9,77.9,0,10.25
2024-10-15,2024,10,4,289,-0.866,0.5,Poro,Anacarde,Sablonneux,Seche,0.8,34.2,37.5,0,0.84
2022-07-15,2022,7,3,196,-0.5,-0.866,Poro,Anacarde,Argileux,Pluies,177.6,27.7,72.4,0,1.34
2021-11-23,2021,11,4,327,-0.5,0.866,Nawa,Cacao,Argileux,Seche,50.6,26.9,63.1,0,1.16
2024-03-10,2024,3,1,70,1.0,0.0,Haut-Sassandra,Maïs,Limoneux,Seche,64.7,32.0,64.6,0,1.4
2023-09-17,2023,9,3,260,-1.0,-0.0,Nawa,Cacao,Sablonneux,Pluies,208.8,27.0,84.5,1,1.54
2021-08-03,2021,8,3,215,-0.866,-0.5,Nawa,Cacao,Argileux,Seche,44.8,26.0,72.9,1,1.11
2022-03-11,2022,3,1,70,1.0,0.0,Haut-Sassandra,Manioc,Limoneux,Seche,44.0,30.5,67.8,0,12.07
2023-08-10,2023,8,3,222,-0.866,-0.5,Haut-Sassandra,Cacao,Limoneux,Seche,57.8,28.0,73.7,1,1.14
2022-12-24,2022,12,4,358,-0.0,1.0,Nawa,Manioc,Limoneux,Seche,72.5,29.6,73.8,0,11.44
2024-09-03,2024,9,3,247,-1.0,-0.0,Nawa,Manioc,Limoneux,Pluies,206.5,21.9,87.8,1,10.62
2021-02-01,2021,2,1,32,0.866,0.5,Poro,Manioc,Sablonneux,Seche,9.0,29.2,35.8,0,5.97
2022-11-01,2022,11,4,305,-0.5,0.866,Nawa,Anacarde,Argileux,Seche,25.0,32.6,73.3,0,0.4
2021-10-12,2021,10,4,285,-0.866,0.5,Poro,Anacarde,Argileux,Seche,6.7,38.3,48.6,0,0.82
2024-08-21,2024,8,3,234,-0.866,-0.5,Nawa,Maïs,Argileux,Seche,43.1,30.8,61.6,1,1.31
2022-03-05,2022,3,1,64,1.0,0.0,Nawa,Manioc,Argileux,Seche,70.6,29.4,72.0,0,12.58
2021-10-13,2021,10,4,286,-0.866,0.5,Poro,Anacarde,Argileux,Seche,13.0,33.4,44.8,0,0.92
2024-03-13,2024,3,1,73,1.0,0.0,Nawa,Cacao,Argileux,Seche,20.1,29.7,81.4,0,1.08
2024-12-18,2024,12,4,353,-0.0,1.0,Poro,Anacarde,Argileux,Seche,11.2,30.7,32.1,0,0.85
2023-11-09,2023,11,4,313,-0.5,0.866,Haut-Sassandra,Cacao,Limoneux,Seche,20.5,28.7,80.4,0,1.15
2021-01-18,2021,1,1,18,0.5,0.866,Haut-Sassandra,Cacao,Argileux,Seche,26.4,29.1,56.9,0,1.24
2023-02-08,2023,2,1,39,0.866,0.5,Haut-Sassandra,Manioc,Limoneux,Seche,25.3,29.2,60.8,0,11.17
2022-08-13,2022,8,3,225,-0.866,-0.5,Haut-Sassandra,Manioc,Limoneux,Seche,41.0,29.8,60.1,1,11.56
2024-10-26,2024,10,4,300,-0.866,0.5,Poro,Manioc,Sablonneux,Seche,8.0,33.0,40.0,0,5.45
2024-04-13,2024,4,2,104,0.866,-0.5,Poro,Anacarde,Sablonneux,Seche,18.5,34.7,20.7,0,0.72
2023-10-07,2023,10,4,280,-0.866,0.5,Poro,Anacarde,Argileux,Seche,11.1,29.8,44.8,0,0.68
2021-07-13,2021,7,3,194,-0.5,-0.866,Poro,Anacarde,Argileux,Pluies,166.5,25.4,72.5,0,1.17
2022-05-17,2022,5,2,137,0.5,-0.866,Nawa,Cacao,Limoneux,Pluies,191.2,24.5,85.2,1,1.52
2023-09-15,2023,9,3,258,-1.0,-0.0,Haut-Sassandra,Cacao,Sablonneux,Pluies,152.2,26.8,86.6,1,1.34
2024-02-11,2024,2,1,42,0.866,0.5,Nawa,Cacao,Argileux,Seche,61.7,34.6,68.8,0,1.25
2021-04-24,2021,4,2,114,0.866,-0.5,Haut-Sassandra,Anacarde,Argileux,Seche,45.8,32.2,62.7,1,0.43
2024-05-30,2024,5,2,151,0.5,-0.866,Haut-Sassandra,Cacao,Argileux,Pluies,170.6,29.0,91.0,1,1.72
2023-08-05,2023,8,3,217,-0.866,-0.5,Haut-Sassandra,Cacao,Argileux,Seche,31.8,28.7,71.2,1,1.16
2023-04-11,2023,4,2,101,0.866,-0.5,Haut-Sassandra,Manioc,Sablonneux,Seche,60.8,25.4,64.6,1,13.21
2024-07-11,2024,7,3,193,-0.5,-0.866,Poro,Anacarde,Limoneux,Pluies,174.0,27.1,80.6,0,1.16
2023-07-14,2023,7,3,195,-0.5,-0.866,Haut-Sassandra,Cacao,Argileux,Pluies,223.6,25.3,83.2,0,1.87
2021-02-24,2021,2,1,55,0.866,0.5,Haut-Sassandra,Cacao,Limoneux,Seche,66.2,33.0,66.6,0,0.94
2023-03-11,2023,3,1,70,1.0,0.0,Poro,Manioc,Argileux,Seche,18.6,36.2,56.9,0,6.66
2023-02-17,2023,2,1,48,0.866,0.5,Haut-Sassandra,Maïs,Limoneux,Seche,59.3,28.1,66.2,0,1.28
2021-06-11,2021,6,2,162,0.0,-1.0,Nawa,Manioc,Sablonneux,Pluies,164.3,28.1,78.1,0,16.95
2024-11-04,2024,11,4,309,-0.5,0.866,Nawa,Cacao,Limoneux,Seche,67.2,27.5,56.2,0,1.22
2021-03-28,2021,3,1,87,1.0,0.0,Haut-Sassandra,Maïs,Argileux,Seche,84.0,31.8,62.2,0,1.13
2021-02-24,2021,2,1,55,0.866,0.5,Nawa,Cacao,Limoneux,Seche,40.0,33.0,72.0,0,1.06
2024-04-16,2024,4,2,107,0.866,-0.5,Poro,Anacarde,Sablonneux,Seche,5.0,33.1,34.9,0,0.84
2024-11-15,2024,11,4,320,-0.5,0.866,Nawa,Anacarde,Limoneux,Seche,39.7,28.3,67.6,0,0.37
2024-10-04,2024,10,4,278,-0.866,0.5,Poro,Anacarde,Sablonneux,Seche,16.8,34.2,47.4,0,0.75
2023-10-29,2023,10,4,302,-0.866,0.5,Poro,Cacao,Argileux,Seche,12.6,32.5,47.2,0,0.62
2023-04-13,2023,4,2,103,0.866,-0.5,Nawa,Maïs,Sablonneux,Seche,69.4,27.6,66.0,1,1.38
2021-11-09,2021,11,4,313,-0.5,0.866,Haut-Sassandra,Maïs,Limoneux,Seche,52.8,28.8,69.0,0,1.35
2023-01-29,2023,1,1,29,0.5,0.866,Haut-Sassandra,Maïs,Limoneux,Seche,72.3,26.8,54.7,0,1.06
2022-03-19,2022,3,1,78,1.0,0.0,Nawa,Manioc,Sablonneux,Seche,30.6,29.2,70.0,0,11.11
2021-11-24,2021,11,4,328,-0.5,0.866,Haut-Sassandra,Cacao,Sablonneux,Seche,30.2,30.1,78.0,0,1.04
2023-12-14,2023,12,4,348,-0.0,1.0,Haut-Sassandra,Manioc,Sablonneux,Seche,57.4,30.9,65.3,0,10.51
2023-01-31,2023,1,1,31,0.5,0.866,Nawa,Cacao,Argileux,Seche,73.5,30.0,76.4,0,1.12
2024-06-16,2024,6,2,168,0.0,-1.0,Nawa,Cacao,Limoneux,Pluies,242.2,25.4,85.5,0,1.23
2024-06-06,2024,6,2,158,0.0,-1.0,Poro,Manioc,Argileux,Pluies,174.3,30.6,79.4,1,6.06
2022-08-02,2022,8,3,214,-0.866,-0.5,Poro,Maïs,Sablonneux,Pluies,136.0,25.7,75.0,0,1.89
2023-12-11,2023,12,4,345,-0.0,1.0,Haut-Sassandra,Maïs,Argileux,Seche,37.9,30.3,66.3,0,1.25
2023-10-04,2023,10,4,277,-0.866,0.5,Haut-Sassandra,Cacao,Limoneux,Pluies,194.1,28.0,87.4,0,1.59
2024-07-11,2024,7,3,193,-0.5,-0.866,Poro,Anacarde,Sablonneux,Pluies,177.6,28.8,70.0,0,0.96
2024-12-12,2024,12,4,347,-0.0,1.0,Poro,Manioc,Sablonneux,Seche,8.7,33.7,42.1,0,5.25
2021-04-06,2021,4,2,96,0.866,-0.5,Nawa,Manioc,Limoneux,Seche,35.7,31.8,65.2,1,11.93
2024-01-17,2024,1,1,17,0.5,0.866,Haut-Sassandra,Cacao,Argileux,Seche,43.9,28.4,70.0,0,1.28
2024-01-07,2024,1,1,7,0.5,0.866,Haut-Sassandra,Manioc,Limoneux,Seche,30.7,29.0,73.3,0,10.12
2024-08-04,2024,8,3,217,-0.866,-0.5,Nawa,Cacao,Argileux,Seche,75.6,34.2,72.8,1,1.23
2024-02-18,2024,2,1,49,0.866,0.5,Nawa,Manioc,Limoneux,Seche,7.5,30.9,66.9,0,11.86
2023-03-25,2023,3,1,84,1.0,0.0,Haut-Sassandra,Manioc,Limoneux,Seche,35.9,30.9,63.3,0,11.54
2022-05-06,2022,5,2,126,0.5,-0.866,Nawa,Cacao,Limoneux,Pluies,228.1,25.0,86.5,1,1.84
2022-03-28,2022,3,1,87,1.0,0.0,Haut-Sassandra,Cacao,Limoneux,Seche,73.0,28.6,60.4,0,1.07
2021-06-14,2021,6,2,165,0.0,-1.0,Haut-Sassandra,Manioc,Argileux,Pluies,162.8,27.5,94.0,0,15.47
2021-07-01,2021,7,3,182,-0.5,-0.866,Haut-Sassandra,Anacarde,Limoneux,Pluies,193.1,28.7,79.5,0,0.62
2022-04-14,2022,4,2,104,0.866,-0.5,Poro,Maïs,Sablonneux,Seche,9.3,35.4,31.9,0,1.37
2023-06-29,2023,6,2,180,0.0,-1.0,Poro,Anacarde,Limoneux,Pluies,178.2,29.3,79.9,1,0.75
2023-01-05,2023,1,1,5,0.5,0.866,Poro,Maïs,Sablonneux,Seche,14.3,34.0,47.2,0,1.23
2023-04-03,2023,4,2,93,0.866,-0.5,Haut-Sassandra,Manioc,Sablonneux,Seche,60.7,28.2,79.4,1,11.25
2023-08-02,2023,8,3,214,-0.866,-0.5,Haut-Sassandra,Manioc,Sablonneux,Seche,55.3,29.3,70.5,1,11.67
2021-01-07,2021,1,1,7,0.5,0.866,Haut-Sassandra,Cacao,Limoneux,Seche,68.7,28.4,76.8,0,1.1
2021-11-26,2021,11,4,330,-0.5,0.866,Poro,Anacarde,Limoneux,Seche,16.0,31.6,43.8,0,0.81
2023-02-14,2023,2,1,45,0.866,0.5,Haut-Sassandra,Maïs,Limoneux,Seche,48.9,28.7,67.0,0,1.43
2021-05-31,2021,5,2,151,0.5,-0.866,Nawa,Cacao,Limoneux,Pluies,219.6,26.7,93.6,1,1.55
2024-01-14,2024,1,1,14,0.5,0.866,Haut-Sassandra,Maïs,Limoneux,Seche,28.1,30.5,68.4,0,1.4
2021-05-27,2021,5,2,147,0.5,-0.866,Poro,Anacarde,Sablonneux,Seche,3.0,31.0,37.4,1,0.7
2024-11-05,2024,11,4,310,-0.5,0.866,Poro,Maïs,Argileux,Seche,20.7,33.1,38.3,0,1.18
2023-07-04,2023,7,3,185,-0.5,-0.866,Nawa,Manioc,Sablonneux,Pluies,164.6,27.9,84.6,0,15.51
2024-08-01,2024,8,3,214,-0.866,-0.5,Nawa,Cacao,Limoneux,Seche,23.6,29.8,62.8,1,1.04
2022-12-01,2022,12,4,335,-0.0,1.0,Haut-Sassandra,Cacao,Argileux,Seche,51.4,32.0,63.3,0,1.25
2021-03-23,2021,3,1,82,1.0,0.0,Nawa,Manioc,Sablonneux,Seche,9.7,26.2,65.0,0,11.13
2022-05-29,2022,5,2,149,0.5,-0.866,Poro,Anacarde,Limoneux,Seche,1.7,33.0,38.0,1,0.89
2023-03-26,2023,3,1,85,1.0,0.0,Haut-Sassandra,Anacarde,Limoneux,Seche,67.7,27.8,62.5,0,0.44
2022-12-10,2022,12,4,344,-0.0,1.0,Nawa,Cacao,Argileux,Seche,35.9,28.6,65.0,0,1.03
2023-01-16,2023,1,1,16,0.5,0.866,Nawa,Maïs,Limoneux,Seche,62.8,32.6,71.2,0,1.13
2023-10-20,2023,10,4,293,-0.866,0.5,Nawa,Cacao,Sablonneux,Pluies,191.9,27.7,85.6,0,1.57
2024-11-10,2024,11,4,315,-0.5,0.866,Haut-Sassandra,Manioc,Argileux,Seche,38.6,30.1,69.3,0,10.57
2022-12-08,2022,12,4,342,-0.0,1.0,Poro,Anacarde,Sablonneux,Seche,5.0,32.1,54.7,0,0.83
2022-04-16,2022,4,2,106,0.866,-0.5,Nawa,Maïs,Argileux,Seche,21.5,28.7,64.2,1,1.33
2024-02-17,2024,2,1,48,0.866,0.5,Haut-Sassandra,Cacao,Argileux,Seche,96.9,30.9,76.8,0,1.03
2022-01-31,2022,1,1,31,0.5,0.866,Poro,Manioc,Argileux,Seche,24.1,33.4,34.0,0,6.12
2021-09-18,2021,9,3,261,-1.0,-0.0,Haut-Sassandra,Manioc,Limoneux,Pluies,175.2,23.7,82.1,1,17.57
2023-03-16,2023,3,1,75,1.0,0.0,Nawa,Manioc,Sablonneux,Seche,42.0,27.9,66.5,0,11.27
2023-07-23,2023,7,3,204,-0.5,-0.866,Nawa,Manioc,Limoneux,Pluies,203.8,24.2,83.7,0,17.51
2024-07-03,2024,7,3,185,-0.5,-0.866,Haut-Sassandra,Anacarde,Limoneux,Pluies,134.9,25.0,87.2,0,0.58
2023-06-24,2023,6,2,175,0.0,-1.0,Poro,Maïs,Sablonneux,Pluies,161.6,26.0,76.0,1,1.83
2024-06-03,2024,6,2,155,0.0,-1.0,Nawa,Manioc,Limoneux,Pluies,173.2,25.4,80.6,0,16.74
2023-12-13,2023,12,4,347,-0.0,1.0,Nawa,Cacao,Sablonneux,Seche,32.1,30.1,66.0,0,1.2
2023-07-29,2023,7,3,210,-0.5,-0.866,Poro,Anacarde,Sablonneux,Pluies,150.5,25.2,75.1,0,1.12
2023-05-04,2023,5,2,124,0.5,-0.866,Haut-Sassandra,Cacao,Limoneux,Pluies,190.0,28.0,81.1,1,1.74
2024-10-19,2024,10,4,293,-0.866,0.5,Haut-Sassandra,Cacao,Argileux,Pluies,250.8,24.7,85.8,1,1.03
2024-07-27,2024,7,3,209,-0.5,-0.866,Poro,Maïs,Sablonneux,Pluies,188.1,28.8,78.7,0,2.01
2022-08-16,2022,8,3,228,-0.866,-0.5,Nawa,Manioc,Limoneux,Seche,22.9,27.3,70.7,1,10.74
2022-12-15,2022,12,4,349,-0.0,1.0,Poro,Anacarde,Sablonneux,Seche,8.3,40.3,36.7,0,0.74
2024-03-27,2024,3,1,87,1.0,0.0,Haut-Sassandra,Cacao,Sablonneux,Seche,109.9,33.7,73.1,0,1.02
2022-09-24,2022,9,3,267,-1.0,-0.0,Nawa,Manioc,Argileux,Pluies,167.6,26.4,83.0,1,18.77
2021-02-28,2021,2,1,59,0.866,0.5,Poro,Maïs,Sablonneux,Seche,17.6,32.1,43.8,0,1.28
2021-05-08,2021,5,2,128,0.5,-0.866,Poro,Cacao,Sablonneux,Seche,5.0,36.1,42.6,1,0.56
2023-01-06,2023,1,1,6,0.5,0.866,Haut-Sassandra,Cacao,Sablonneux,Seche,50.4,28.5,65.0,0,1.13
2022-12-22,2022,12,4,356,-0.0,1.0,Nawa,Cacao,Argileux,Seche,20.6,33.1,74.3,0,1.23
2024-02-13,2024,2,1,44,0.866,0.5,Nawa,Cacao,Argileux,Seche,43.4,31.3,73.4,0,1.24
2024-05-17,2024,5,2,138,0.5,-0.866,Nawa,Cacao,Argileux,Pluies,192.0,28.0,89.2,1,1.68
2022-06-10,2022,6,2,161,0.0,-1.0,Haut-Sassandra,Maïs,Limoneux,Pluies,168.0,24.7,82.0,0,1.68
2022-06-05,2022,6,2,156,0.0,-1.0,Haut-Sassandra,Cacao,Argileux,Pluies,177.1,29.2,86.0,0,1.2
2022-07-06,2022,7,3,187,-0.5,-0.866,Nawa,Cacao,Argileux,Pluies,171.3,29.2,86.7,0,1.24
2021-08-25,2021,8,3,237,-0.866,-0.5,Nawa,Anacarde,Limoneux,Seche,56.3,31.1,73.5,1,0.42
2024-07-28,2024,7,3,210,-0.5,-0.866,Haut-Sassandra,Cacao,Argileux,Pluies,125.0,25.9,87.7,0,1.65
2024-10-14,2024,10,4,288,-0.866,0.5,Nawa,Anacarde,Sablonneux,Pluies,136.9,27.7,89.9,0,0.48
2024-05-09,2024,5,2,130,0.5,-0.866,Haut-Sassandra,Cacao,Limoneux,Pluies,189.8,27.2,86.3,1,1.71
2024-07-25,2024,7,3,207,-0.5,-0.866,Haut-Sassandra,Manioc,Limoneux,Pluies,261.0,27.1,84.4,0,12.18
2024-06-12,2024,6,2,164,0.0,-1.0,Haut-Sassandra,Manioc,Argileux,Pluies,195.5,25.2,83.2,0,15.59
2022-05-09,2022,5,2,129,0.5,-0.866,Poro,Manioc,Sablonneux,Seche,17.3,36.2,49.1,1,5.68
2021-01-04,2021,1,1,4,0.5,0.866,Nawa,Cacao,Argileux,Seche,36.7,25.5,66.5,0,1.2
2022-10-28,2022,10,4,301,-0.866,0.5,Poro,Manioc,Sablonneux,Seche,22.4,26.0,55.3,0,6.35
2022-03-18,2022,3,1,77,1.0,0.0,Nawa,Cacao,Sablonneux,Seche,92.5,27.0,67.6,0,1.13
2021-01-29,2021,1,1,29,0.5,0.866,Poro,Cacao,Argileux,Seche,6.6,33.6,56.0,0,0.61
2024-02-07,2024,2,1,38,0.866,0.5,Nawa,Manioc,Limoneux,Seche,4.0,30.9,72.2,0,11.51
2022-09-02,2022,9,3,245,-1.0,-0.0,Haut-Sassandra,Cacao,Argileux,Pluies,205.5,27.6,84.3,1,1.44
2023-03-16,2023,3,1,75,1.0,0.0,Nawa,Manioc,Limoneux,Seche,58.4,30.8,74.6,0,11.43
2021-03-16,2021,3,1,75,1.0,0.0,Haut-Sassandra,Manioc,Argileux,Seche,47.8,30.9,78.7,0,11.88
2023-04-18,2023,4,2,108,0.866,-0.5,Nawa,Cacao,Argileux,Seche,53.6,28.4,73.7,1,1.11
2024-03-15,2024,3,1,75,1.0,0.0,Nawa,Manioc,Argileux,Seche,82.7,31.2,79.6,0,12.01
2021-05-08,2021,5,2,128,0.5,-0.866,Haut-Sassandra,Cacao,Argileux,Pluies,166.0,25.4,88.4,1,1.56
2021-02-11,2021,2,1,42,0.866,0.5,Nawa,Cacao,Argileux,Seche,21.0,27.9,69.7,0,1.01
2024-10-11,2024,10,4,285,-0.866,0.5,Poro,Maïs,Argileux,Seche,6.7,35.5,41.8,0,1.29
2021-02-10,2021,2,1,41,0.866,0.5,Nawa,Cacao,Argileux,Seche,64.4,30.8,73.3,0,1.03
2023-07-23,2023,7,3,204,-0.5,-0.866,Haut-Sassandra,Manioc,Sablonneux,Pluies,227.2,25.7,92.7,0,16.35
2021-02-03,2021,2,1,34,0.866,0.5,Nawa,Cacao,Argileux,Seche,36.7,30.9,61.7,0,1.14
2023-11-07,2023,11,4,311,-0.5,0.866,Nawa,Cacao,Argileux,Seche,37.9,32.0,63.6,0,1.13
2024-03-22,2024,3,1,82,1.0,0.0,Nawa,Cacao,Argileux,Seche,71.9,30.0,62.2,0,1.1
2023-09-25,2023,9,3,268,-1.0,-0.0,Haut-Sassandra,Cacao,Limoneux,Pluies,208.5,26.7,81.4,1,1.58
2024-11-02,2024,11,4,307,-0.5,0.866,Haut-Sassandra,Manioc,Sablonneux,Seche,56.1,28.5,63.5,0,10.87
2022-08-11,2022,8,3,223,-0.866,-0.5,Haut-Sassandra,Cacao,Argileux,Seche,58.2,26.3,58.5,1,1.07
2021-12-08,2021,12,4,342,-0.0,1.0,Poro,Anacarde,Sablonneux,Seche,11.3,33.2,29.0,0,0.75
2021-01-27,2021,1,1,27,0.5,0.866,Haut-Sassandra,Manioc,Argileux,Seche,52.5,29.0,75.4,0,12.0
2024-08-03,2024,8,3,216,-0.866,-0.5,Haut-Sassandra,Maïs,Sablonneux,Seche,24.2,32.6,73.0,1,1.24
2022-10-08,2022,10,4,281,-0.866,0.5,Poro,Maïs,Limoneux,Seche,8.6,33.7,44.0,0,1.21
2023-01-01,2023,1,1,1,0.5,0.866,Haut-Sassandra,Manioc,Sablonneux,Seche,40.1,26.5,60.1,0,11.71
2021-06-17,2021,6,2,168,0.0,-1.0,Poro,Anacarde,Argileux,Pluies,164.7,29.2,70.5,1,0.77
2022-09-02,2022,9,3,245,-1.0,-0.0,Poro,Maïs,Sablonneux,Pluies,149.5,29.6,64.5,0,1.08
2021-09-25,2021,9,3,268,-1.0,-0.0,Nawa,Cacao,Argileux,Pluies,163.6,24.1,85.6,1,1.64
2023-04-01,2023,4,2,91,0.866,-0.5,Poro,Anacarde,Sablonneux,Seche,2.3,37.9,37.5,0,0.73
2022-03-31,2022,3,1,90,1.0,0.0,Nawa,Cacao,Limoneux,Seche,56.6,32.3,67.3,0,1.1
2023-06-25,2023,6,2,176,0.0,-1.0,Poro,Maïs,Sablonneux,Pluies,167.8,27.6,82.3,1,1.67
2024-11-25,2024,11,4,330,-0.5,0.866,Poro,Manioc,Sablonneux,Seche,9.4,35.1,51.7,0,5.39
2023-07-11,2023,7,3,192,-0.5,-0.866,Haut-Sassandra,Cacao,Limoneux,Pluies,238.8,26.9,83.2,0,1.22
2023-09-08,2023,9,3,251,-1.0,-0.0,Poro,Anacarde,Sablonneux,Pluies,152.5,27.3,70.8,0,1.13
2022-12-03,2022,12,4,337,-0.0,1.0,Nawa,Manioc,Limoneux,Seche,47.8,31.8,64.3,0,10.72
2022-09-26,2022,9,3,269,-1.0,-0.0,Nawa,Maïs,Sablonneux,Pluies,146.9,29.2,88.1,1,1.26
2021-05-10,2021,5,2,130,0.5,-0.866,Haut-Sassandra,Manioc,Argileux,Pluies,164.3,25.9,83.5,1,14.51
2023-10-17,2023,10,4,290,-0.866,0.5,Haut-Sassandra,Manioc,Argileux,Pluies,148.0,27.3,85.5,0,17.8
2024-10-18,2024,10,4,292,-0.866,0.5,Nawa,Cacao,Limoneux,Pluies,195.1,25.5,92.4,0,1.64
2023-03-30,2023,3,1,89,1.0,0.0,Haut-Sassandra,Cacao,Argileux,Seche,34.5,30.6,62.3,0,1.11
2022-11-24,2022,11,4,328,-0.5,0.866,Haut-Sassandra,Cacao,Argileux,Seche,34.4,29.7,65.8,0,1.08
2024-08-08,2024,8,3,221,-0.866,-0.5,Haut-Sassandra,Manioc,Limoneux,Seche,53.0,32.1,67.6,1,11.25
2024-10-26,2024,10,4,300,-0.866,0.5,Poro,Anacarde,Limoneux,Seche,18.9,34.2,41.4,0,0.85
2023-03-05,2023,3,1,64,1.0,0.0,Nawa,Manioc,Limoneux,Seche,58.2,28.0,74.0,0,10.7
2021-01-29,2021,1,1,29,0.5,0.866,Haut-Sassandra,Cacao,Limoneux,Seche,53.6,29.4,61.7,0,1.08
2021-05-29,2021,5,2,149,0.5,-0.866,Haut-Sassandra,Manioc,Argileux,Pluies,205.2,26.0,91.8,1,20.18
2024-08-12,2024,8,3,225,-0.866,-0.5,Nawa,Cacao,Argileux,Seche,41.9,26.8,68.5,1,1.32
2021-01-11,2021,1,1,11,0.5,0.866,Poro,Anacarde,Limoneux,Seche,15.9,28.9,41.1,0,0.78
2022-11-07,2022,11,4,311,-0.5,0.866,Poro,Anacarde,Limoneux,Seche,7.4,32.2,53.2,0,0.76
2024-02-11,2024,2,1,42,0.866,0.5,Nawa,Cacao,Argileux,Seche,78.1,31.0,54.3,0,1.01
2021-07-06,2021,7,3,187,-0.5,-0.866,Haut-Sassandra,Maïs,Sablonneux,Pluies,176.5,27.9,83.5,0,1.8
2023-03-18,2023,3,1,77,1.0,0.0,Nawa,Maïs,Argileux,Seche,70.6,29.2,78.5,0,1.22
2023-01-14,2023,1,1,14,0.5,0.866,Poro,Manioc,Limoneux,Seche,1.2,31.4,51.0,0,5.91
2024-06-04,2024,6,2,156,0.0,-1.0,Poro,Anacarde,Argileux,Pluies,171.6,29.9,78.0,1,0.67
2024-08-26,2024,8,3,239,-0.866,-0.5,Haut-Sassandra,Manioc,Argileux,Seche,36.7,28.4,67.4,1,11.55
2021-04-08,2021,4,2,98,0.866,-0.5,Haut-Sassandra,Manioc,Limoneux,Seche,41.5,34.4,74.2,1,11.32
2021-02-24,2021,2,1,55,0.866,0.5,Poro,Anacarde,Limoneux,Seche,12.6,33.4,42.7,0,0.75
2022-09-15,2022,9,3,258,-1.0,-0.0,Nawa,Cacao,Limoneux,Pluies,206.9,30.1,81.2,1,1.09
2022-10-26,2022,10,4,299,-0.866,0.5,Nawa,Manioc,Limoneux,Pluies,105.0,27.0,87.1,0,11.77
2023-01-28,2023,1,1,28,0.5,0.866,Nawa,Cacao,Argileux,Seche,36.1,34.6,61.3,0,1.24
2022-02-10,2022,2,1,41,0.866,0.5,Haut-Sassandra,Maïs,Limoneux,Seche,34.5,28.5,76.5,0,1.26
2021-03-10,2021,3,1,69,1.0,0.0,Haut-Sassandra,Manioc,Argileux,Seche,32.1,26.3,83.3,0,11.45
2024-08-28,2024,8,3,241,-0.866,-0.5,Haut-Sassandra,Cacao,Argileux,Seche,69.7,30.2,59.7,1,1.02
2024-08-05,2024,8,3,218,-0.866,-0.5,Nawa,Cacao,Argileux,Seche,24.9,26.8,63.6,1,0.97
2023-01-21,2023,1,1,21,0.5,0.866,Haut-Sassandra,Cacao,Limoneux,Seche,11.2,29.9,63.5,0,0.96
2024-03-17,2024,3,1,77,1.0,0.0,Poro,Anacarde,Limoneux,Seche,25.6,35.8,43.7,0,0.82
2024-06-21,2024,6,2,173,0.0,-1.0,Haut-Sassandra,Manioc,Limoneux,Pluies,198.5,24.1,89.0,0,17.34
2023-08-16,2023,8,3,228,-0.866,-0.5,Haut-Sassandra,Cacao,Argileux,Seche,94.2,31.4,76.1,1,1.19
2021-12-31,2021,12,4,365,-0.0,1.0,Haut-Sassandra,Cacao,Limoneux,Seche,46.2,29.8,58.4,0,1.13
2022-04-27,2022,4,2,117,0.866,-0.5,Poro,Anacarde,Sablonneux,Seche,13.7,32.2,29.4,0,0.74
2021-07-20,2021,7,3,201,-0.5,-0.866,Poro,Anacarde,Sablonneux,Pluies,205.6,25.2,76.0,0,1.1
2021-06-03,2021,6,2,154,0.0,-1.0,Haut-Sassandra,Manioc,Limoneux,Pluies,135.0,26.8,87.8,0,17.94
2021-03-14,2021,3,1,73,1.0,0.0,Haut-Sassandra,Cacao,Argileux,Seche,29.8,26.5,75.3,0,1.17
2022-12-14,2022,12,4,348,-0.0,1.0,Poro,Anacarde,Limoneux,Seche,15.5,29.6,47.0,0,0.76
2021-10-23,2021,10,4,296,-0.866,0.5,Nawa,Cacao,Limoneux,Pluies,175.4,24.9,93.4,0,1.81
2023-11-07,2023,11,4,311,-0.5,0.866,Nawa,Cacao,Limoneux,Seche,60.2,32.2,66.5,0,1.23
2024-05-25,2024,5,2,146,0.5,-0.866,Nawa,Cacao,Argileux,Pluies,185.6,29.8,86.2,1,1.14
2021-03-02,2021,3,1,61,1.0,0.0,Nawa,Maïs,Sablonneux,Seche,58.9,28.8,61.3,0,1.19
2023-07-28,2023,7,3,209,-0.5,-0.866,Nawa,Cacao,Argileux,Pluies,207.5,27.3,86.0,0,1.48
2021-02-11,2021,2,1,42,0.866,0.5,Nawa,Cacao,Argileux,Seche,60.9,31.4,67.4,0,1.17
2021-01-25,2021,1,1,25,0.5,0.866,Haut-Sassandra,Cacao,Limoneux,Seche,37.8,29.5,65.2,0,1.1
2023-11-29,2023,11,4,333,-0.5,0.866,Haut-Sassandra,Cacao,Sablonneux,Seche,17.2,33.4,77.6,0,0.98
2021-05-11,2021,5,2,131,0.5,-0.866,Poro,Maïs,Sablonneux,Seche,9.1,31.8,36.6,1,1.31
2024-06-06,2024,6,2,158,0.0,-1.0,Haut-Sassandra,Maïs,Limoneux,Pluies,151.2,25.4,84.9,0,1.71
2021-04-18,2021,4,2,108,0.866,-0.5,Poro,Anacarde,Sablonneux,Seche,26.3,32.0,44.2,0,0.71
2021-06-21,2021,6,2,172,0.0,-1.0,Nawa,Manioc,Argileux,Pluies,171.8,26.9,86.2,0,17.59
2024-12-29,2024,12,4,364,-0.0,1.0,Poro,Anacarde,Limoneux,Seche,18.4,32.3,32.8,0,0.79
2021-04-12,2021,4,2,102,0.866,-0.5,Poro,Anacarde,Limoneux,Seche,6.3,32.2,55.1,0,0.78
2023-05-16,2023,5,2,136,0.5,-0.866,Nawa,Manioc,Limoneux,Pluies,186.4,27.6,91.2,1,15.46
2022-06-08,2022,6,2,159,0.0,-1.0,Poro,Anacarde,Limoneux,Pluies,165.6,28.8,79.4,1,1.15
2021-10-02,2021,10,4,275,-0.866,0.5,Nawa,Manioc,Limoneux,Pluies,237.4,29.1,82.9,0,12.48
2023-12-04,2023,12,4,338,-0.0,1.0,Haut-Sassandra,Cacao,Argileux,Seche,48.8,30.3,62.8,0,1.07
2023-03-28,2023,3,1,87,1.0,0.0,Nawa,Maïs,Argileux,Seche,37.3,31.9,68.0,0,1.18
2023-08-15,2023,8,3,227,-0.866,-0.5,Haut-Sassandra,Manioc,Limoneux,Seche,6.5,30.2,61.8,1,11.96
2023-11-07,2023,11,4,311,-0.5,0.866,Haut-Sassandra,Manioc,Limoneux,Seche,30.6,30.0,68.1,0,10.9
2021-11-26,2021,11,4,330,-0.5,0.866,Haut-Sassandra,Maïs,Sablonneux,Seche,65.6,27.1,72.9,0,1.35
2021-01-12,2021,1,1,12,0.5,0.866,Nawa,Maïs,Argileux,Seche,31.9,31.3,65.5,0,1.3
2024-09-03,2024,9,3,247,-1.0,-0.0,Poro,Anacarde,Sablonneux,Pluies,182.0,31.4,76.7,0,0.71
2021-08-04,2021,8,3,216,-0.866,-0.5,Haut-Sassandra,Cacao,Limoneux,Seche,32.6,28.6,60.7,1,1.21
2021-12-05,2021,12,4,339,-0.0,1.0,Poro,Anacarde,Sablonneux,Seche,0.6,33.1,49.9,0,0.65
2022-10-23,2022,10,4,296,-0.866,0.5,Haut-Sassandra,Manioc,Limoneux,Pluies,194.2,25.8,88.4,0,18.64
2024-01-10,2024,1,1,10,0.5,0.866,Nawa,Maïs,Limoneux,Seche,53.3,33.2,63.9,0,1.24
2022-01-09,2022,1,1,9,0.5,0.866,Haut-Sassandra,Cacao,Argileux,Seche,45.0,31.4,73.0,0,1.11
2023-09-03,2023,9,3,246,-1.0,-0.0,Haut-Sassandra,Manioc,Argileux,Pluies,271.4,27.5,84.3,1,12.22
2022-12-11,2022,12,4,345,-0.0,1.0,Poro,Anacarde,Argileux,Seche,19.7,34.2,49.7,0,0.8
2024-05-08,2024,5,2,129,0.5,-0.866,Haut-Sassandra,Cacao,Sablonneux,Pluies,200.0,27.9,83.5,1,1.44
2022-04-11,2022,4,2,101,0.866,-0.5,Haut-Sassandra,Maïs,Sablonneux,Seche,73.8,27.9,70.9,1,1.31
2024-01-18,2024,1,1,18,0.5,0.866,Nawa,Cacao,Argileux,Seche,97.7,32.7,63.1,0,0.92
2024-07-15,2024,7,3,197,-0.5,-0.866,Poro,Anacarde,Limoneux,Pluies,213.7,31.5,76.5,0,0.82
2022-05-04,2022,5,2,124,0.5,-0.866,Poro,Anacarde,Sablonneux,Seche,8.6,35.7,32.8,1,0.78
2021-02-16,2021,2,1,47,0.866,0.5,Nawa,Cacao,Limoneux,Seche,14.2,29.8,74.5,0,1.1
2024-08-04,2024,8,3,217,-0.866,-0.5,Poro,Maïs,Sablonneux,Pluies,233.6,32.3,77.3,0,1.36
2023-02-17,2023,2,1,48,0.866,0.5,Haut-Sassandra,Maïs,Argileux,Seche,92.4,31.6,66.4,0,1.22
2023-11-06,2023,11,4,310,-0.5,0.866,Poro,Anacarde,Argileux,Seche,14.6,30.0,34.6,0,0.79
2022-12-12,2022,12,4,346,-0.0,1.0,Haut-Sassandra,Maïs,Argileux,Seche,78.5,27.6,70.8,0,1.23
2022-02-05,2022,2,1,36,0.866,0.5,Haut-Sassandra,Manioc,Sablonneux,Seche,38.0,32.2,74.2,0,11.1
2023-09-08,2023,9,3,251,-1.0,-0.0,Poro,Anacarde,Argileux,Pluies,155.4,27.3,71.3,0,1.26
2024-01-15,2024,1,1,15,0.5,0.866,Nawa,Cacao,Limoneux,Seche,24.7,28.4,72.8,0,1.17
2021-09-07,2021,9,3,250,-1.0,-0.0,Poro,Anacarde,Sablonneux,Pluies,207.5,24.8,79.8,0,1.25
2022-01-26,2022,1,1,26,0.5,0.866,Poro,Anacarde,Sablonneux,Seche,15.1,27.8,41.0,0,0.76
2021-12-01,2021,12,4,335,-0.0,1.0,Haut-Sassandra,Cacao,Argileux,Seche,51.1,28.3,64.4,0,1.34
2022-09-21,2022,9,3,264,-1.0,-0.0,Poro,Maïs,Sablonneux,Pluies,191.4,29.7,76.7,0,1.3
2021-05-17,2021,5,2,137,0.5,-0.866,Haut-Sassandra,Cacao,Argileux,Pluies,212.0,27.0,78.8,0,1.55
2023-06-02,2023,6,2,153,0.0,-1.0,Nawa,Maïs,Sablonneux,Pluies,177.4,30.7,85.9,0,1.3
2022-11-19,2022,11,4,323,-0.5,0.866,Haut-Sassandra,Anacarde,Limoneux,Seche,25.2,29.3,72.9,0,0.39
2023-04-07,2023,4,2,97,0.866,-0.5,Haut-Sassandra,Manioc,Argileux,Seche,46.9,24.1,66.1,1,13.56
2022-12-28,2022,12,4,362,-0.0,1.0,Haut-Sassandra,Cacao,Limoneux,Seche,31.6,25.8,70.0,0,1.18
2022-08-17,2022,8,3,229,-0.866,-0.5,Haut-Sassandra,Cacao,Sablonneux,Seche,36.4,32.6,59.7,1,1.15
2024-05-31,2024,5,2,152,0.5,-0.866,Haut-Sassandra,Manioc,Argileux,Pluies,195.9,25.2,84.8,1,16.58
2023-09-17,2023,9,3,260,-1.0,-0.0,Poro,Anacarde,Argileux,Pluies,122.8,29.0,79.0,0,1.07
2022-01-07,2022,1,1,7,0.5,0.866,Nawa,Cacao,Limoneux,Seche,58.8,29.8,65.4,0,1.16
2023-07-24,2023,7,3,205,-0.5,-0.866,Haut-Sassandra,Cacao,Argileux,Pluies,177.7,25.0,81.2,0,1.74
2023-09-22,2023,9,3,265,-1.0,-0.0,Nawa,Manioc,Sablonneux,Pluies,175.4,26.8,79.1,1,16.66
2022-02-06,2022,2,1,37,0.866,0.5,Haut-Sassandra,Cacao,Argileux,Seche,29.5,28.8,73.8,0,1.17
2022-09-07,2022,9,3,250,-1.0,-0.0,Nawa,Cacao,Limoneux,Pluies,187.1,26.3,85.7,1,1.83
2024-07-20,2024,7,3,202,-0.5,-0.866,Poro,Maïs,Sablonneux,Pluies,172.9,25.3,74.5,0,1.72
2024-03-28,2024,3,1,88,1.0,0.0,Nawa,Cacao,Argileux,Seche,27.8,33.0,65.5,0,1.16
2024-03-21,2024,3,1,81,1.0,0.0,Nawa,Cacao,Limoneux,Seche,50.1,29.9,71.6,0,1.07
2023-09-22,2023,9,3,265,-1.0,-0.0,Nawa,Maïs,Argileux,Pluies,228.9,26.3,87.1,1,1.74
2022-09-12,2022,9,3,255,-1.0,-0.0,Nawa,Cacao,Argileux,Pluies,136.8,24.8,86.5,1,1.93
2021-07-07,2021,7,3,188,-0.5,-0.866,Poro,Maïs,Sablonneux,Pluies,144.2,26.3,78.2,0,1.8
2024-01-27,2024,1,1,27,0.5,0.866,Poro,Cacao,Limoneux,Seche,14.3,33.0,44.8,0,0.61
2021-05-11,2021,5,2,131,0.5,-0.866,Poro,Manioc,Argileux,Seche,9.3,28.3,52.0,1,6.55
2023-03-16,2023,3,1,75,1.0,0.0,Nawa,Cacao,Limoneux,Seche,57.0,29.0,73.3,0,1.29
2024-04-09,2024,4,2,100,0.866,-0.5,Poro,Anacarde,Limoneux,Seche,10.0,37.6,39.8,0,0.71
2023-07-25,2023,7,3,206,-0.5,-0.866,Haut-Sassandra,Manioc,Limoneux,Pluies,198.6,27.0,84.3,0,17.41
2023-09-13,2023,9,3,256,-1.0,-0.0,Poro,Manioc,Limoneux,Pluies,159.1,26.6,80.2,1,9.05
2021-07-02,2021,7,3,183,-0.5,-0.866,Nawa,Cacao,Argileux,Pluies,215.8,25.8,88.4,0,1.68
2023-09-10,2023,9,3,253,-1.0,-0.0,Poro,Manioc,Sablonneux,Pluies,202.0,28.2,78.2,0,8.18
2021-12-30,2021,12,4,364,-0.0,1.0,Haut-Sassandra,Cacao,Argileux,Seche,25.7,27.0,62.8,0,1.18
2021-02-08,2021,2,1,39,0.866,0.5,Nawa,Manioc,Argileux,Seche,57.5,30.7,69.5,1,10.06
2022-05-12,2022,5,2,132,0.5,-0.866,Nawa,Manioc,Sablonneux,Pluies,222.2,28.5,92.9,1,15.61
2024-10-04,2024,10,4,278,-0.866,0.5,Haut-Sassandra,Cacao,Limoneux,Pluies,159.7,28.9,82.0,0,1.57
2023-09-09,2023,9,3,252,-1.0,-0.0,Poro,Anacarde,Argileux,Pluies,186.0,24.7,76.9,0,1.01
2023-07-10,2023,7,3,191,-0.5,-0.866,Nawa,Anacarde,Limoneux,Pluies,181.4,26.7,76.9,0,0.5
2024-11-21,2024,11,4,326,-0.5,0.866,Haut-Sassandra,Manioc,Limoneux,Seche,51.1,24.4,64.3,0,12.23
2022-12-23,2022,12,4,357,-0.0,1.0,Nawa,Manioc,Limoneux,Seche,56.8,28.5,70.7,0,11.32
2024-03-30,2024,3,1,90,1.0,0.0,Poro,Anacarde,Sablonneux,Seche,16.0,32.5,45.3,0,0.7
2021-01-16,2021,1,1,16,0.5,0.866,Haut-Sassandra,Cacao,Argileux,Seche,32.4,26.8,70.5,0,1.08
2022-05-08,2022,5,2,128,0.5,-0.866,Poro,Maïs,Sablonneux,Seche,16.9,28.7,32.8,1,1.19
2024-12-20,2024,12,4,355,-0.0,1.0,Haut-Sassandra,Cacao,Argileux,Seche,56.9,28.7,72.4,0,1.11
2024-02-06,2024,2,1,37,0.866,0.5,Haut-Sassandra,Cacao,Argileux,Seche,77.6,30.0,62.0,0,1.05
2023-06-13,2023,6,2,164,0.0,-1.0,Poro,Maïs,Argileux,Pluies,159.7,26.3,75.2,1,1.86
2021-11-07,2021,11,4,311,-0.5,0.866,Nawa,Anacarde,Limoneux,Seche,70.5,29.3,72.4,1,0.42
2023-01-09,2023,1,1,9,0.5,0.866,Haut-Sassandra,Manioc,Limoneux,Seche,40.2,29.6,66.4,0,11.5
2024-04-08,2024,4,2,99,0.866,-0.5,Nawa,Anacarde,Argileux,Seche,34.3,30.5,71.1,1,0.43
2022-06-30,2022,6,2,181,0.0,-1.0,Nawa,Cacao,Limoneux,Pluies,165.8,23.8,82.8,0,1.52
2022-02-18,2022,2,1,49,0.866,0.5,Nawa,Maïs,Argileux,Seche,63.4,34.0,70.3,0,1.38
2021-09-08,2021,9,3,251,-1.0,-0.0,Nawa,Manioc,Argileux,Pluies,217.9,26.7,82.9,1,16.31
2023-01-29,2023,1,1,29,0.5,0.866,Haut-Sassandra,Manioc,Limoneux,Seche,41.2,27.6,67.6,0,11.34
2024-03-10,2024,3,1,70,1.0,0.0,Nawa,Maïs,Argileux,Seche,22.5,27.6,82.0,0,1.01
2024-07-21,2024,7,3,203,-0.5,-0.866,Poro,Anacarde,Argileux,Pluies,132.3,32.3,88.3,0,0.87
2024-12-10,2024,12,4,345,-0.0,1.0,Nawa,Cacao,Argileux,Seche,29.7,33.2,56.9,1,1.15
2023-11-29,2023,11,4,333,-0.5,0.866,Nawa,Manioc,Limoneux,Seche,61.7,30.7,68.8,1,12.64
2023-03-25,2023,3,1,84,1.0,0.0,Poro,Maïs,Limoneux,Seche,12.3,32.4,31.2,0,1.16
2021-01-29,2021,1,1,29,0.5,0.866,Haut-Sassandra,Cacao,Argileux,Seche,37.7,32.0,55.3,0,1.04
2023-08-16,2023,8,3,228,-0.866,-0.5,Poro,Anacarde,Limoneux,Pluies,229.8,27.3,74.2,0,1.09
2022-04-22,2022,4,2,112,0.866,-0.5,Haut-Sassandra,Anacarde,Argileux,Seche,11.8,31.6,66.8,1,0.43
2021-11-14,2021,11,4,318,-0.5,0.866,Poro,Cacao,Sablonneux,Seche,24.4,33.6,36.0,0,0.56
2021-09-02,2021,9,3,245,-1.0,-0.0,Nawa,Cacao,Limoneux,Pluies,208.2,30.0,82.2,1,1.1
2023-01-18,2023,1,1,18,0.5,0.866,Haut-Sassandra,Cacao,Argileux,Seche,1.4,29.5,66.9,1,1.14
2022-11-28,2022,11,4,332,-0.5,0.866,Haut-Sassandra,Cacao,Limoneux,Seche,52.8,31.3,69.2,0,1.1
2021-09-29,2021,9,3,272,-1.0,-0.0,Haut-Sassandra,Cacao,Limoneux,Pluies,215.4,25.5,89.3,1,1.61
2024-06-16,2024,6,2,168,0.0,-1.0,Poro,Anacarde,Sablonneux,Pluies,168.0,27.1,69.6,1,1.0
2022-01-12,2022,1,1,12,0.5,0.866,Haut-Sassandra,Cacao,Sablonneux,Seche,87.1,31.0,75.3,0,1.26
2021-09-23,2021,9,3,266,-1.0,-0.0,Haut-Sassandra,Cacao,Sablonneux,Pluies,157.5,29.6,81.7,1,1.19
2023-07-15,2023,7,3,196,-0.5,-0.866,Poro,Anacarde,Argileux,Pluies,158.7,29.1,82.8,0,0.84
2023-07-10,2023,7,3,191,-0.5,-0.866,Poro,Anacarde,Limoneux,Pluies,184.6,30.1,72.3,0,0.71
2024-10-14,2024,10,4,288,-0.866,0.5,Poro,Manioc,Limoneux,Seche,0.7,30.8,36.4,0,6.99
2021-12-06,2021,12,4,340,-0.0,1.0,Poro,Anacarde,Argileux,Seche,15.1,33.2,32.6,0,0.74
2022-01-24,2022,1,1,24,0.5,0.866,Haut-Sassandra,Cacao,Sablonneux,Seche,38.2,29.7,73.6,0,1.18
2022-07-31,2022,7,3,212,-0.5,-0.866,Poro,Cacao,Sablonneux,Pluies,152.7,26.5,77.5,0,0.86
2021-01-03,2021,1,1,3,0.5,0.866,Nawa,Cacao,Argileux,Seche,56.1,23.2,69.4,0,1.28
2024-12-23,2024,12,4,358,-0.0,1.0,Poro,Anacarde,Limoneux,Seche,11.3,30.8,33.8,0,0.67
2024-03-11,2024,3,1,71,1.0,0.0,Nawa,Maïs,Limoneux,Seche,50.0,31.4,75.8,0,1.28
2022-01-11,2022,1,1,11,0.5,0.866,Haut-Sassandra,Cacao,Argileux,Seche,47.9,30.0,68.6,0,1.27
2021-11-20,2021,11,4,324,-0.5,0.866,Nawa,Maïs,Argileux,Seche,70.2,29.9,69.5,0,1.21
2021-05-26,2021,5,2,146,0.5,-0.866,Haut-Sassandra,Cacao,Sablonneux,Pluies,179.5,25.5,89.3,1,1.59
2021-10-20,2021,10,4,293,-0.866,0.5,Nawa,Manioc,Limoneux,Pluies,152.1,26.1,87.9,0,19.25
2022-03-08,2022,3,1,67,1.0,0.0,Haut-Sassandra,Cacao,Limoneux,Seche,60.5,33.1,71.3,0,1.0
2022-12-06,2022,12,4,340,-0.0,1.0,Nawa,Cacao,Sablonneux,Seche,39.3,27.9,74.2,0,0.97
2023-08-07,2023,8,3,219,-0.866,-0.5,Nawa,Manioc,Limoneux,Seche,48.5,29.7,65.2,1,10.87
2022-08-08,2022,8,3,220,-0.866,-0.5,Haut-Sassandra,Manioc,Argileux,Seche,28.9,31.1,54.3,1,9.4
2022-02-03,2022,2,1,34,0.866,0.5,Poro,Manioc,Sablonneux,Seche,20.3,32.3,38.9,0,5.83
2023-03-28,2023,3,1,87,1.0,0.0,Poro,Maïs,Sablonneux,Seche,22.2,30.0,59.9,1,1.25
2024-09-29,2024,9,3,273,-1.0,-0.0,Poro,Anacarde,Sablonneux,Pluies,137.7,27.2,83.3,0,1.24
2023-08-22,2023,8,3,234,-0.866,-0.5,Nawa,Maïs,Sablonneux,Seche,29.9,28.1,63.5,1,1.44
2024-03-09,2024,3,1,69,1.0,0.0,Nawa,Manioc,Argileux,Seche,53.0,28.1,71.6,0,12.98
2021-07-06,2021,7,3,187,-0.5,-0.866,Haut-Sassandra,Manioc,Argileux,Pluies,138.4,27.6,84.7,0,17.39
2021-03-02,2021,3,1,61,1.0,0.0,Nawa,Cacao,Limoneux,Seche,23.0,30.5,72.4,0,1.2
2023-07-28,2023,7,3,209,-0.5,-0.866,Nawa,Cacao,Sablonneux,Pluies,223.5,26.5,94.7,0,1.53
2024-11-04,2024,11,4,309,-0.5,0.866,Nawa,Manioc,Argileux,Seche,61.0,28.1,62.7,0,12.44
2022-12-11,2022,12,4,345,-0.0,1.0,Nawa,Cacao,Argileux,Seche,61.1,26.7,71.9,0,1.21
2023-03-18,2023,3,1,77,1.0,0.0,Nawa,Cacao,Sablonneux,Seche,14.5,28.5,65.6,0,1.02
2024-09-04,2024,9,3,248,-1.0,-0.0,Haut-Sassandra,Cacao,Argileux,Pluies,232.7,26.4,91.1,1,1.09
2024-08-18,2024,8,3,231,-0.866,-0.5,Haut-Sassandra,Cacao,Limoneux,Seche,37.3,29.1,50.1,1,1.17
2024-09-29,2024,9,3,273,-1.0,-0.0,Nawa,Cacao,Limoneux,Pluies,174.7,26.7,85.7,1,1.56
2021-01-11,2021,1,1,11,0.5,0.866,Haut-Sassandra,Cacao,Argileux,Seche,36.8,26.8,59.7,0,1.17
2023-12-22,2023,12,4,356,-0.0,1.0,Haut-Sassandra,Cacao,Argileux,Seche,4.2,29.8,70.2,0,1.17
2021-08-14,2021,8,3,226,-0.866,-0.5,Haut-Sassandra,Cacao,Sablonneux,Seche,41.2,30.9,68.1,1,1.23
2024-03-22,2024,3,1,82,1.0,0.0,Nawa,Anacarde,Argileux,Seche,35.2,31.5,69.5,0,0.42
2022-07-18,2022,7,3,199,-0.5,-0.866,Poro,Maïs,Argileux,Pluies,184.0,30.9,77.0,0,1.17
2023-02-11,2023,2,1,42,0.866,0.5,Haut-Sassandra,Cacao,Sablonneux,Seche,26.9,24.7,76.9,0,1.08
2024-08-26,2024,8,3,239,-0.866,-0.5,Nawa,Cacao,Argileux,Seche,57.3,29.6,60.3,1,1.0
2023-06-04,2023,6,2,155,0.0,-1.0,Nawa,Manioc,Argileux,Pluies,133.0,25.9,89.3,0,19.21
2024-06-20,2024,6,2,172,0.0,-1.0,Nawa,Cacao,Limoneux,Pluies,187.6,26.4,87.7,0,1.66
2024-10-21,2024,10,4,295,-0.866,0.5,Nawa,Cacao,Limoneux,Pluies,204.3,25.8,88.5,0,1.71
2024-09-15,2024,9,3,259,-1.0,-0.0,Poro,Anacarde,Sablonneux,Pluies,159.1,25.0,80.3,0,0.94
2024-02-05,2024,2,1,36,0.866,0.5,Haut-Sassandra,Maïs,Sablonneux,Seche,55.7,28.5,65.3,0,1.32
2021-08-14,2021,8,3,226,-0.866,-0.5,Nawa,Manioc,Argileux,Seche,21.9,30.0,71.0,1,13.22
2023-04-05,2023,4,2,95,0.866,-0.5,Nawa,Anacarde,Sablonneux,Seche,40.0,28.5,67.8,0,0.38
2021-08-06,2021,8,3,218,-0.866,-0.5,Haut-Sassandra,Manioc,Argileux,Seche,70.9,31.1,72.2,1,12.44
2023-07-26,2023,7,3,207,-0.5,-0.866,Haut-Sassandra,Cacao,Limoneux,Pluies,155.8,25.6,89.7,0,1.39
2023-01-23,2023,1,1,23,0.5,0.866,Nawa,Manioc,Limoneux,Seche,26.0,27.4,63.9,0,11.42
2022-05-21,2022,5,2,141,0.5,-0.866,Haut-Sassandra,Cacao,Limoneux,Pluies,178.3,26.7,91.6,1,1.61
2021-09-16,2021,9,3,259,-1.0,-0.0,Poro,Anacarde,Sablonneux,Pluies,182.2,28.0,76.9,0,1.1
2021-02-23,2021,2,1,54,0.866,0.5,Nawa,Manioc,Argileux,Seche,36.9,29.8,61.0,0,12.23
2023-12-07,2023,12,4,341,-0.0,1.0,Haut-Sassandra,Anacarde,Limoneux,Seche,35.1,28.3,61.9,0,0.38
2022-12-28,2022,12,4,362,-0.0,1.0,Haut-Sassandra,Cacao,Argileux,Seche,50.8,31.4,73.8,0,1.14
2022-11-20,2022,11,4,324,-0.5,0.866,Nawa,Manioc,Argileux,Seche,22.1,30.5,64.7,0,11.01
2024-01-28,2024,1,1,28,0.5,0.866,Haut-Sassandra,Manioc,Sablonneux,Seche,4.5,30.4,70.0,0,12.49
2023-11-10,2023,11,4,314,-0.5,0.866,Haut-Sassandra,Cacao,Sablonneux,Seche,33.5,26.5,65.5,0,1.19
2022-02-23,2022,2,1,54,0.866,0.5,Nawa,Cacao,Limoneux,Seche,50.0,29.2,74.4,0,1.15
2022-11-21,2022,11,4,325,-0.5,0.866,Nawa,Cacao,Sablonneux,Seche,27.7,29.9,62.3,0,1.11
2023-04-30,2023,4,2,120,0.866,-0.5,Poro,Cacao,Sablonneux,Seche,0.7,36.3,50.3,0,0.58
2021-03-03,2021,3,1,62,1.0,0.0,Poro,Manioc,Limoneux,Seche,12.7,35.2,38.9,0,5.76
2024-03-14,2024,3,1,74,1.0,0.0,Poro,Maïs,Sablonneux,Seche,5.7,37.5,39.2,0,1.23
2021-08-04,2021,8,3,216,-0.866,-0.5,Haut-Sassandra,Cacao,Sablonneux,Seche,51.8,29.4,74.5,1,1.16
2021-01-03,2021,1,1,3,0.5,0.866,Poro,Anacarde,Sablonneux,Seche,6.8,38.1,44.2,0,0.69
2021-06-09,2021,6,2,160,0.0,-1.0,Poro,Anacarde,Sablonneux,Pluies,168.7,23.4,73.3,1,0.98
2023-02-20,2023,2,1,51,0.866,0.5,Haut-Sassandra,Cacao,Argileux,Seche,27.1,33.0,68.2,0,0.99
2024-02-18,2024,2,1,49,0.866,0.5,Haut-Sassandra,Maïs,Limoneux,Seche,68.9,30.0,63.8,0,1.22
2023-06-12,2023,6,2,163,0.0,-1.0,Nawa,Cacao,Sablonneux,Pluies,202.9,26.9,86.3,0,1.62
2024-01-18,2024,1,1,18,0.5,0.866,Nawa,Cacao,Sablonneux,Seche,83.5,31.5,70.6,0,0.99
2021-11-25,2021,11,4,329,-0.5,0.866,Nawa,Manioc,Sablonneux,Seche,68.3,28.0,65.6,1,10.39
2022-08-03,2022,8,3,215,-0.866,-0.5,Nawa,Cacao,Limoneux,Seche,54.4,29.1,64.0,1,1.16
2024-10-12,2024,10,4,286,-0.866,0.5,Haut-Sassandra,Manioc,Argileux,Pluies,235.5,25.3,83.6,0,10.86
2024-07-14,2024,7,3,196,-0.5,-0.866,Poro,Anacarde,Limoneux,Pluies,142.3,28.6,80.0,0,1.3
2023-08-10,2023,8,3,222,-0.866,-0.5,Nawa,Manioc,Limoneux,Seche,45.6,32.3,82.2,1,11.61
2024-09-08,2024,9,3,252,-1.0,-0.0,Nawa,Manioc,Limoneux,Pluies,191.1,26.8,87.8,1,15.05
2022-09-27,2022,9,3,270,-1.0,-0.0,Poro,Maïs,Limoneux,Pluies,167.9,23.8,72.4,0,1.97
2023-09-15,2023,9,3,258,-1.0,-0.0,Poro,Maïs,Limoneux,Pluies,136.3,29.4,77.4,0,1.27
2024-05-03,2024,5,2,124,0.5,-0.866,Haut-Sassandra,Cacao,Limoneux,Pluies,230.6,23.8,82.7,1,1.03
2023-07-10,2023,7,3,191,-0.5,-0.866,Nawa,Maïs,Limoneux,Pluies,145.3,22.9,89.4,0,1.35
2023-01-08,2023,1,1,8,0.5,0.866,Haut-Sassandra,Maïs,Argileux,Seche,66.4,29.7,72.0,0,1.21
2024-09-17,2024,9,3,261,-1.0,-0.0,Nawa,Cacao,Sablonneux,Pluies,196.3,28.1,80.9,1,1.74
2021-06-19,2021,6,2,170,0.0,-1.0,Nawa,Anacarde,Limoneux,Pluies,226.7,28.5,81.0,0,0.5
2022-06-05,2022,6,2,156,0.0,-1.0,Nawa,Cacao,Argileux,Pluies,200.6,22.7,81.9,1,1.22
2021-02-09,2021,2,1,40,0.866,0.5,Poro,Maïs,Sablonneux,Seche,12.3,31.5,45.6,0,1.22
2024-07-08,2024,7,3,190,-0.5,-0.866,Haut-Sassandra,Manioc,Limoneux,Pluies,230.9,27.4,79.9,0,13.53
2024-11-19,2024,11,4,324,-0.5,0.866,Nawa,Maïs,Limoneux,Seche,53.7,27.5,64.7,0,1.22
2023-08-13,2023,8,3,225,-0.866,-0.5,Haut-Sassandra,Maïs,Limoneux,Seche,25.8,26.5,70.1,1,1.17
2024-06-03,2024,6,2,155,0.0,-1.0,Nawa,Manioc,Argileux,Pluies,126.2,28.7,87.3,0,18.01
2023-09-11,2023,9,3,254,-1.0,-0.0,Poro,Anacarde,Sablonneux,Pluies,143.1,30.6,67.3,0,0.79
2024-02-22,2024,2,1,53,0.866,0.5,Poro,Anacarde,Sablonneux,Seche,13.0,36.9,34.3,0,0.81
2023-09-02,2023,9,3,245,-1.0,-0.0,Haut-Sassandra,Cacao,Argileux,Pluies,179.6,25.6,91.0,1,1.64
2021-02-07,2021,2,1,38,0.866,0.5,Nawa,Cacao,Limoneux,Seche,19.4,30.1,62.9,0,1.16
2021-11-24,2021,11,4,328,-0.5,0.866,Poro,Maïs,Limoneux,Seche,5.0,28.3,48.8,0,1.2
2024-06-28,2024,6,2,180,0.0,-1.0,Haut-Sassandra,Cacao,Sablonneux,Pluies,161.2,26.0,83.8,0,1.64
2024-04-14,2024,4,2,105,0.866,-0.5,Haut-Sassandra,Cacao,Argileux,Seche,79.5,29.2,65.5,1,1.12
2023-07-03,2023,7,3,184,-0.5,-0.866,Poro,Maïs,Sablonneux,Pluies,182.2,26.4,74.4,0,2.1
2022-03-30,2022,3,1,89,1.0,0.0,Poro,Anacarde,Sablonneux,Seche,6.6,35.5,45.2,0,0.77
2021-02-06,2021,2,1,37,0.866,0.5,Nawa,Cacao,Limoneux,Seche,63.3,27.9,61.5,0,1.35
2024-09-01,2024,9,3,245,-1.0,-0.0,Haut-Sassandra,Cacao,Argileux,Pluies,178.6,26.4,91.4,1,1.72
2023-08-31,2023,8,3,243,-0.866,-0.5,Poro,Anacarde,Sablonneux,Pluies,202.8,25.1,73.5,0,1.06
2023-03-07,2023,3,1,66,1.0,0.0,Haut-Sassandra,Anacarde,Limoneux,Seche,48.5,30.5,68.5,0,0.39
2023-08-31,2023,8,3,243,-0.866,-0.5,Nawa,Cacao,Argileux,Seche,70.0,26.3,71.5,1,1.02
2022-08-16,2022,8,3,228,-0.866,-0.5,Nawa,Manioc,Argileux,Seche,50.2,26.4,52.9,1,12.65
2024-02-12,2024,2,1,43,0.866,0.5,Haut-Sassandra,Maïs,Argileux,Seche,66.7,30.2,73.4,0,1.22
2023-11-30,2023,11,4,334,-0.5,0.866,Haut-Sassandra,Cacao,Argileux,Seche,63.5,33.8,59.7,0,1.19
2024-08-17,2024,8,3,230,-0.866,-0.5,Poro,Anacarde,Sablonneux,Pluies,197.3,28.9,73.4,0,1.2
2021-08-12,2021,8,3,224,-0.866,-0.5,Nawa,Manioc,Argileux,Seche,51.9,24.4,66.9,0,13.45
2021-11-14,2021,11,4,318,-0.5,0.866,Nawa,Manioc,Sablonneux,Seche,31.4,32.3,58.6,0,11.63
2021-12-15,2021,12,4,349,-0.0,1.0,Nawa,Manioc,Limoneux,Seche,57.2,26.1,64.1,0,11.96
2021-04-25,2021,4,2,115,0.866,-0.5,Poro,Anacarde,Sablonneux,Seche,16.5,31.9,49.6,0,0.81
2022-11-29,2022,11,4,333,-0.5,0.866,Haut-Sassandra,Cacao,Sablonneux,Seche,44.6,31.6,66.0,0,1.07
2024-09-08,2024,9,3,252,-1.0,-0.0,Poro,Anacarde,Sablonneux,Pluies,124.4,29.7,78.6,0,0.69
2023-11-30,2023,11,4,334,-0.5,0.866,Poro,Anacarde,Sablonneux,Seche,0.0,30.6,29.8,0,0.73
2021-02-09,2021,2,1,40,0.866,0.5,Poro,Anacarde,Sablonneux,Seche,17.3,37.1,41.3,0,0.8
2024-08-05,2024,8,3,218,-0.866,-0.5,Poro,Cacao,Sablonneux,Pluies,266.2,27.4,75.7,0,0.58
2024-07-09,2024,7,3,191,-0.5,-0.866,Haut-Sassandra,Anacarde,Limoneux,Pluies,190.6,25.6,79.1,0,0.63
2021-08-04,2021,8,3,216,-0.866,-0.5,Poro,Maïs,Sablonneux,Pluies,70.4,29.0,74.4,0,1.12
2024-03-16,2024,3,1,76,1.0,0.0,Haut-Sassandra,Cacao,Argileux,Seche,60.0,30.2,58.9,0,1.17
2021-12-02,2021,12,4,336,-0.0,1.0,Haut-Sassandra,Anacarde,Argileux,Seche,68.8,30.4,71.8,0,0.42
2024-04-06,2024,4,2,97,0.866,-0.5,Poro,Anacarde,Sablonneux,Seche,8.5,30.5,41.6,0,0.82
2021-04-02,2021,4,2,92,0.866,-0.5,Haut-Sassandra,Cacao,Argileux,Seche,15.6,33.4,61.0,1,1.07
2021-12-19,2021,12,4,353,-0.0,1.0,Haut-Sassandra,Cacao,Argileux,Seche,38.2,27.9,66.8,0,1.19
2022-07-25,2022,7,3,206,-0.5,-0.866,Nawa,Manioc,Argileux,Pluies,223.4,24.5,81.6,0,17.56
2023-03-27,2023,3,1,86,1.0,0.0,Nawa,Maïs,Argileux,Seche,74.6,29.0,76.3,0,1.43
2023-02-20,2023,2,1,51,0.866,0.5,Nawa,Cacao,Argileux,Seche,40.8,29.4,69.5,0,1.06
2021-12-29,2021,12,4,363,-0.0,1.0,Nawa,Manioc,Limoneux,Seche,44.5,31.7,58.4,0,12.2
2022-07-11,2022,7,3,192,-0.5,-0.866,Nawa,Cacao,Argileux,Pluies,211.4,26.7,87.1,0,1.67
2024-09-30,2024,9,3,274,-1.0,-0.0,Poro,Anacarde,Sablonneux,Pluies,129.3,32.1,63.9,0,0.66
2024-04-08,2024,4,2,99,0.866,-0.5,Poro,Maïs,Limoneux,Seche,11.4,35.4,46.5,0,1.28
2021-12-22,2021,12,4,356,-0.0,1.0,Haut-Sassandra,Cacao,Limoneux,Seche,83.3,28.2,67.8,0,1.26
2021-07-10,2021,7,3,191,-0.5,-0.866,Haut-Sassandra,Manioc,Limoneux,Pluies,250.4,27.7,79.5,0,11.22
2022-02-26,2022,2,1,57,0.866,0.5,Haut-Sassandra,Manioc,Sablonneux,Seche,69.0,29.8,83.7,0,10.66
2022-12-01,2022,12,4,335,-0.0,1.0,Haut-Sassandra,Maïs,Sablonneux,Seche,31.5,29.6,70.2,0,1.29
2021-01-07,2021,1,1,7,0.5,0.866,Poro,Maïs,Sablonneux,Seche,23.6,30.1,29.5,0,1.27
2021-05-13,2021,5,2,133,0.5,-0.866,Haut-Sassandra,Cacao,Argileux,Pluies,178.4,29.7,94.4,1,1.02
2022-07-11,2022,7,3,192,-0.5,-0.866,Nawa,Cacao,Limoneux,Pluies,188.7,26.4,85.7,0,1.73
2023-04-06,2023,4,2,96,0.866,-0.5,Nawa,Maïs,Argileux,Seche,58.5,26.2,68.7,1,1.3
2023-01-31,2023,1,1,31,0.5,0.866,Haut-Sassandra,Maïs,Argileux,Seche,54.2,30.3,67.7,0,1.25
2023-11-21,2023,11,4,325,-0.5,0.866,Haut-Sassandra,Cacao,Sablonneux,Seche,37.3,30.8,72.9,0,1.12
2022-06-19,2022,6,2,170,0.0,-1.0,Poro,Anacarde,Sablonneux,Pluies,194.5,27.6,78.3,1,1.14
2022-03-02,2022,3,1,61,1.0,0.0,Nawa,Cacao,Sablonneux,Seche,21.1,29.7,73.0,0,1.09
2024-11-18,2024,11,4,323,-0.5,0.866,Nawa,Manioc,Sablonneux,Seche,48.6,30.1,66.7,0,10.52
2022-11-03,2022,11,4,307,-0.5,0.866,Nawa,Cacao,Argileux,Seche,51.8,32.8,66.7,1,1.27
2021-12-29,2021,12,4,363,-0.0,1.0,Nawa,Cacao,Argileux,Seche,39.7,27.1,57.8,0,1.09
2021-03-23,2021,3,1,82,1.0,0.0,Haut-Sassandra,Cacao,Argileux,Seche,60.2,29.1,62.1,0,1.11
2021-12-22,2021,12,4,356,-0.0,1.0,Nawa,Cacao,Argileux,Seche,38.7,28.0,77.9,0,1.19
2024-07-05,2024,7,3,187,-0.5,-0.866,Haut-Sassandra,Manioc,Argileux,Pluies,214.3,27.0,90.0,0,13.76
2022-08-12,2022,8,3,224,-0.866,-0.5,Haut-Sassandra,Cacao,Argileux,Seche,22.6,30.9,66.2,1,1.05
2021-10-22,2021,10,4,295,-0.866,0.5,Nawa,Maïs,Limoneux,Pluies,219.1,31.3,85.9,0,1.13
2024-06-01,2024,6,2,153,0.0,-1.0,Haut-Sassandra,Maïs,Limoneux,Pluies,228.0,25.3,84.8,0,1.95
2023-12-06,2023,12,4,340,-0.0,1.0,Poro,Anacarde,Limoneux,Seche,9.6,37.4,29.8,0,0.68
2024-02-11,2024,2,1,42,0.866,0.5,Haut-Sassandra,Cacao,Limoneux,Seche,66.4,29.6,66.5,0,1.13
2024-06-10,2024,6,2,162,0.0,-1.0,Haut-Sassandra,Cacao,Argileux,Pluies,211.0,26.4,92.6,0,1.6
2021-01-17,2021,1,1,17,0.5,0.866,Haut-Sassandra,Cacao,Argileux,Seche,60.9,29.9,71.8,0,1.28
2021-12-26,2021,12,4,360,-0.0,1.0,Haut-Sassandra,Cacao,Limoneux,Seche,41.1,31.9,68.3,0,0.99
2024-05-31,2024,5,2,152,0.5,-0.866,Nawa,Manioc,Argileux,Pluies,177.9,25.9,88.4,1,16.16
2023-05-16,2023,5,2,136,0.5,-0.866,Nawa,Manioc,Limoneux,Pluies,121.4,27.7,87.0,1,17.62
2022-12-01,2022,12,4,335,-0.0,1.0,Nawa,Cacao,Argileux,Seche,9.4,28.4,68.3,0,1.05
2022-03-24,2022,3,1,83,1.0,0.0,Nawa,Anacarde,Limoneux,Seche,46.7,28.0,64.6,0,0.42
2023-05-06,2023,5,2,126,0.5,-0.866,Nawa,Cacao,Argileux,Pluies,159.3,29.0,83.4,1,1.76
2021-12-31,2021,12,4,365,-0.0,1.0,Poro,Maïs,Sablonneux,Seche,9.2,38.3,48.6,0,1.23
2022-11-06,2022,11,4,310,-0.5,0.866,Nawa,Manioc,Limoneux,Seche,39.2,32.2,69.5,0,12.31
2023-10-05,2023,10,4,278,-0.866,0.5,Nawa,Manioc,Limoneux,Pluies,142.4,24.4,83.0,0,16.64
2024-09-11,2024,9,3,255,-1.0,-0.0,Poro,Anacarde,Sablonneux,Pluies,228.0,26.8,72.2,0,1.17
2022-04-12,2022,4,2,102,0.866,-0.5,Haut-Sassandra,Cacao,Argileux,Seche,71.6,29.4,61.6,1,1.02
2022-02-18,2022,2,1,49,0.866,0.5,Nawa,Manioc,Sablonneux,Seche,72.8,28.5,63.2,0,10.08
2022-08-09,2022,8,3,221,-0.866,-0.5,Haut-Sassandra,Cacao,Limoneux,Seche,82.7,28.4,67.3,1,1.09
2024-06-10,2024,6,2,162,0.0,-1.0,Nawa,Cacao,Limoneux,Pluies,199.4,26.0,85.0,0,1.68
2024-06-01,2024,6,2,153,0.0,-1.0,Haut-Sassandra,Cacao,Argileux,Pluies,211.6,30.9,88.3,0,1.12
2023-09-21,2023,9,3,264,-1.0,-0.0,Nawa,Cacao,Argileux,Pluies,106.5,21.9,87.8,1,1.11
2024-12-06,2024,12,4,341,-0.0,1.0,Haut-Sassandra,Cacao,Argileux,Seche,73.5,27.6,72.6,0,1.18
2022-07-26,2022,7,3,207,-0.5,-0.866,Poro,Cacao,Sablonneux,Pluies,158.7,29.5,78.2,0,0.53
2021-12-01,2021,12,4,335,-0.0,1.0,Poro,Anacarde,Argileux,Seche,21.3,33.4,37.2,0,0.72
2024-05-30,2024,5,2,151,0.5,-0.866,Haut-Sassandra,Cacao,Argileux,Pluies,220.2,25.4,85.3,1,1.72
2021-02-06,2021,2,1,37,0.866,0.5,Nawa,Manioc,Argileux,Seche,45.8,33.7,69.0,0,12.61
2023-09-16,2023,9,3,259,-1.0,-0.0,Poro,Anacarde,Sablonneux,Pluies,160.2,26.1,74.3,0,0.98
2021-10-05,2021,10,4,278,-0.866,0.5,Nawa,Manioc,Argileux,Pluies,178.9,30.3,81.7,0,10.47
2024-05-04,2024,5,2,125,0.5,-0.866,Nawa,Manioc,Argileux,Pluies,250.3,23.1,89.4,1,13.23
2023-07-05,2023,7,3,186,-0.5,-0.866,Haut-Sassandra,Manioc,Argileux,Pluies,216.2,23.9,88.7,0,16.0
2022-04-29,2022,4,2,119,0.866,-0.5,Poro,Anacarde,Argileux,Seche,24.2,31.1,43.5,0,0.7
2024-06-19,2024,6,2,171,0.0,-1.0,Nawa,Cacao,Argileux,Pluies,145.9,28.4,86.4,0,1.55
2024-09-09,2024,9,3,253,-1.0,-0.0,Nawa,Maïs,Limoneux,Pluies,188.0,28.7,90.1,1,1.92
2023-01-01,2023,1,1,1,0.5,0.866,Nawa,Cacao,Argileux,Seche,64.6,32.6,64.1,0,1.2
2021-07-11,2021,7,3,192,-0.5,-0.866,Poro,Manioc,Sablonneux,Pluies,190.5,25.9,74.6,0,9.1
2023-11-07,2023,11,4,311,-0.5,0.866,Haut-Sassandra,Manioc,Argileux,Seche,34.7,28.5,72.2,0,12.57
2022-06-08,2022,6,2,159,0.0,-1.0,Haut-Sassandra,Maïs,Argileux,Pluies,166.8,29.1,84.5,0,1.2
2023-07-07,2023,7,3,188,-0.5,-0.866,Haut-Sassandra,Cacao,Limoneux,Pluies,162.5,27.8,80.8,0,1.67
2022-02-05,2022,2,1,36,0.866,0.5,Poro,Anacarde,Sablonneux,Seche,8.1,32.3,58.3,0,0.85
2023-06-05,2023,6,2,156,0.0,-1.0,Nawa,Maïs,Limoneux,Pluies,276.9,28.4,93.5,0,1.17
2022-12-06,2022,12,4,340,-0.0,1.0,Poro,Anacarde,Limoneux,Seche,16.1,36.5,49.1,0,0.73
2021-01-22,2021,1,1,22,0.5,0.866,Poro,Anacarde,Limoneux,Seche,22.9,34.0,63.1,0,0.86
2022-04-19,2022,4,2,109,0.866,-0.5,Poro,Manioc,Sablonneux,Seche,31.1,32.7,49.4,0,5.8
2024-02-18,2024,2,1,49,0.866,0.5,Haut-Sassandra,Cacao,Argileux,Seche,48.8,31.1,72.6,0,1.06
2021-07-29,2021,7,3,210,-0.5,-0.866,Haut-Sassandra,Cacao,Limoneux,Pluies,165.1,27.1,87.3,0,1.54
2021-11-02,2021,11,4,306,-0.5,0.866,Haut-Sassandra,Cacao,Limoneux,Seche,60.7,32.4,63.8,0,1.07
2024-07-17,2024,7,3,199,-0.5,-0.866,Poro,Anacarde,Argileux,Pluies,137.3,25.0,74.2,0,1.11
2022-12-05,2022,12,4,339,-0.0,1.0,Nawa,Manioc,Limoneux,Seche,58.0,34.0,73.9,0,11.53
2022-11-18,2022,11,4,322,-0.5,0.866,Nawa,Manioc,Argileux,Seche,37.7,29.8,68.8,0,11.21
2021-10-12,2021,10,4,285,-0.866,0.5,Haut-Sassandra,Cacao,Argileux,Pluies,207.2,24.6,91.8,0,1.62
2022-12-17,2022,12,4,351,-0.0,1.0,Poro,Cacao,Limoneux,Seche,3.2,36.4,54.0,0,0.73
2023-02-02,2023,2,1,33,0.866,0.5,Nawa,Anacarde,Argileux,Seche,29.4,27.2,65.7,0,0.37
2024-06-04,2024,6,2,156,0.0,-1.0,Haut-Sassandra,Manioc,Argileux,Pluies,194.6,25.1,88.2,0,17.86
2023-08-06,2023,8,3,218,-0.866,-0.5,Poro,Cacao,Sablonneux,Pluies,191.8,29.8,72.9,0,0.59
2022-01-16,2022,1,1,16,0.5,0.866,Haut-Sassandra,Manioc,Sablonneux,Seche,64.1,25.9,58.8,0,10.94
2022-04-05,2022,4,2,95,0.866,-0.5,Haut-Sassandra,Cacao,Sablonneux,Seche,64.1,31.3,70.6,1,1.3
2023-10-28,2023,10,4,301,-0.866,0.5,Haut-Sassandra,Manioc,Argileux,Pluies,236.5,25.8,85.6,0,11.28
2021-01-29,2021,1,1,29,0.5,0.866,Haut-Sassandra,Manioc,Limoneux,Seche,66.4,25.9,77.6,0,13.4
2023-06-26,2023,6,2,177,0.0,-1.0,Haut-Sassandra,Manioc,Limoneux,Pluies,255.9,26.5,83.9,0,11.86
2023-11-23,2023,11,4,327,-0.5,0.866,Poro,Anacarde,Argileux,Seche,6.1,33.6,38.4,0,0.72
2023-05-29,2023,5,2,149,0.5,-0.866,Haut-Sassandra,Manioc,Limoneux,Pluies,251.7,26.9,93.4,1,12.69
2021-03-20,2021,3,1,79,1.0,0.0,Poro,Maïs,Argileux,Seche,0.0,31.0,40.9,0,1.21
2023-08-05,2023,8,3,217,-0.866,-0.5,Poro,Maïs,Limoneux,Pluies,231.9,28.2,79.1,0,1.27
2022-04-04,2022,4,2,94,0.866,-0.5,Haut-Sassandra,Maïs,Limoneux,Seche,78.4,28.4,74.9,1,1.4
2022-07-24,2022,7,3,205,-0.5,-0.866,Nawa,Maïs,Limoneux,Pluies,190.0,25.7,83.1,0,2.0
2024-12-24,2024,12,4,359,-0.0,1.0,Nawa,Cacao,Argileux,Seche,43.9,31.8,57.5,0,1.03
2023-01-08,2023,1,1,8,0.5,0.866,Nawa,Cacao,Sablonneux,Seche,29.1,31.4,71.8,0,1.04
2024-08-01,2024,8,3,214,-0.866,-0.5,Haut-Sassandra,Manioc,Sablonneux,Seche,26.5,34.7,66.4,1,13.2
2022-05-31,2022,5,2,151,0.5,-0.866,Nawa,Maïs,Argileux,Pluies,195.6,24.3,85.3,1,1.76
2024-01-28,2024,1,1,28,0.5,0.866,Poro,Manioc,Limoneux,Seche,10.9,36.2,38.7,0,6.17
2022-02-01,2022,2,1,32,0.866,0.5,Haut-Sassandra,Manioc,Argileux,Seche,36.6,26.0,69.4,0,11.8
2021-02-08,2021,2,1,39,0.866,0.5,Nawa,Cacao,Argileux,Seche,16.9,31.9,59.7,0,1.11
2024-07-18,2024,7,3,200,-0.5,-0.866,Nawa,Cacao,Limoneux,Pluies,147.7,26.8,83.0,0,1.62
2023-06-06,2023,6,2,157,0.0,-1.0,Haut-Sassandra,Cacao,Argileux,Pluies,228.4,25.5,97.2,0,1.72
2023-03-08,2023,3,1,67,1.0,0.0,Haut-Sassandra,Cacao,Limoneux,Seche,42.8,29.9,59.6,0,1.25
2021-06-06,2021,6,2,157,0.0,-1.0,Poro,Manioc,Argileux,Pluies,127.5,29.2,67.0,1,5.65
2024-01-04,2024,1,1,4,0.5,0.866,Nawa,Manioc,Argileux,Seche,44.6,31.5,67.8,0,10.82
2023-06-03,2023,6,2,154,0.0,-1.0,Nawa,Cacao,Sablonneux,Pluies,200.4,28.0,88.3,0,1.63
2024-02-28,2024,2,1,59,0.866,0.5,Haut-Sassandra,Cacao,Limoneux,Seche,55.0,33.2,57.9,0,1.34
2023-09-01,2023,9,3,244,-1.0,-0.0,Haut-Sassandra,Cacao,Argileux,Pluies,211.4,27.0,80.8,1,1.51
2024-01-13,2024,1,1,13,0.5,0.866,Haut-Sassandra,Manioc,Argileux,Seche,60.6,26.7,73.9,0,14.67
2023-11-12,2023,11,4,316,-0.5,0.866,Haut-Sassandra,Cacao,Limoneux,Seche,66.6,30.4,57.1,0,1.0
2023-04-29,2023,4,2,119,0.866,-0.5,Nawa,Cacao,Argileux,Seche,33.8,31.7,66.5,1,1.21
2024-11-06,2024,11,4,311,-0.5,0.866,Poro,Anacarde,Sablonneux,Seche,3.3,31.9,40.0,0,0.79
2023-01-18,2023,1,1,18,0.5,0.866,Haut-Sassandra,Manioc,Argileux,Seche,30.0,32.2,72.5,0,11.25
2023-09-16,2023,9,3,259,-1.0,-0.0,Haut-Sassandra,Manioc,Limoneux,Pluies,201.0,26.2,83.0,1,14.83
2021-01-21,2021,1,1,21,0.5,0.866,Haut-Sassandra,Anacarde,Sablonneux,Seche,40.3,32.6,66.1,0,0.37
2021-10-30,2021,10,4,303,-0.866,0.5,Nawa,Manioc,Argileux,Pluies,182.1,25.4,88.6,0,17.62
2023-05-19,2023,5,2,139,0.5,-0.866,Poro,Maïs,Sablonneux,Seche,10.2,32.6,32.2,1,1.47
2021-03-25,2021,3,1,84,1.0,0.0,Nawa,Maïs,Argileux,Seche,28.7,30.8,68.8,0,1.45
2024-11-11,2024,11,4,316,-0.5,0.866,Nawa,Manioc,Argileux,Seche,57.7,28.5,70.5,0,10.57
2024-07-04,2024,7,3,186,-0.5,-0.866,Haut-Sassandra,Cacao,Limoneux,Pluies,214.4,29.7,89.9,0,1.2
2022-07-24,2022,7,3,205,-0.5,-0.866,Haut-Sassandra,Cacao,Argileux,Pluies,139.1,24.3,88.7,0,1.73
2023-07-23,2023,7,3,204,-0.5,-0.866,Nawa,Cacao,Limoneux,Pluies,230.0,26.2,83.0,0,1.57
2024-03-31,2024,3,1,91,1.0,0.0,Poro,Maïs,Sablonneux,Seche,29.1,31.6,38.0,1,1.14
2024-04-01,2024,4,2,92,0.866,-0.5,Nawa,Maïs,Sablonneux,Seche,27.0,29.2,70.9,1,1.19
2023-10-06,2023,10,4,279,-0.866,0.5,Poro,Maïs,Sablonneux,Seche,8.5,28.3,39.8,0,1.23
2023-03-04,2023,3,1,63,1.0,0.0,Nawa,Maïs,Argileux,Seche,36.3,30.3,64.1,0,1.35
2023-03-03,2023,3,1,62,1.0,0.0,Nawa,Cacao,Argileux,Seche,24.6,29.0,58.4,0,1.15
2024-07-18,2024,7,3,200,-0.5,-0.866,Haut-Sassandra,Cacao,Limoneux,Pluies,250.6,26.1,83.4,0,1.12
2022-05-07,2022,5,2,127,0.5,-0.866,Nawa,Cacao,Argileux,Pluies,186.4,29.1,95.2,1,1.29
2021-07-27,2021,7,3,208,-0.5,-0.866,Haut-Sassandra,Cacao,Argileux,Pluies,249.3,26.3,82.9,0,1.0
2023-12-20,2023,12,4,354,-0.0,1.0,Nawa,Maïs,Sablonneux,Seche,20.7,28.2,73.7,0,1.38
2022-03-06,2022,3,1,65,1.0,0.0,Nawa,Cacao,Argileux,Seche,24.2,29.9,74.6,0,1.28
2023-09-12,2023,9,3,255,-1.0,-0.0,Haut-Sassandra,Cacao,Argileux,Pluies,187.6,26.2,83.7,1,1.78
2024-08-25,2024,8,3,238,-0.866,-0.5,Haut-Sassandra,Manioc,Argileux,Seche,58.7,29.9,77.3,1,11.04
2022-06-04,2022,6,2,155,0.0,-1.0,Haut-Sassandra,Anacarde,Argileux,Pluies,176.3,26.8,84.7,0,0.52
2022-08-14,2022,8,3,226,-0.866,-0.5,Poro,Manioc,Limoneux,Pluies,161.4,29.6,74.3,0,7.02
2023-11-17,2023,11,4,321,-0.5,0.866,Nawa,Maïs,Limoneux,Seche,72.5,30.0,66.5,0,1.49
2021-07-18,2021,7,3,199,-0.5,-0.866,Haut-Sassandra,Manioc,Argileux,Pluies,116.5,27.2,84.2,0,16.78
2022-01-22,2022,1,1,22,0.5,0.866,Haut-Sassandra,Cacao,Argileux,Seche,70.2,30.7,64.3,0,1.16
2021-12-15,2021,12,4,349,-0.0,1.0,Haut-Sassandra,Manioc,Limoneux,Seche,56.2,29.5,65.0,0,11.31
2023-08-18,2023,8,3,230,-0.866,-0.5,Poro,Anacarde,Sablonneux,Pluies,138.4,29.1,81.7,0,0.88
2022-11-24,2022,11,4,328,-0.5,0.866,Poro,Maïs,Sablonneux,Seche,13.6,36.4,36.8,0,1.27
2022-01-13,2022,1,1,13,0.5,0.866,Haut-Sassandra,Cacao,Argileux,Seche,37.7,29.0,68.2,0,1.35
2023-06-18,2023,6,2,169,0.0,-1.0,Poro,Anacarde,Limoneux,Pluies,159.4,27.6,70.5,1,1.1
2023-07-05,2023,7,3,186,-0.5,-0.866,Poro,Anacarde,Sablonneux,Pluies,213.3,28.8,78.7,0,1.12
2022-06-11,2022,6,2,162,0.0,-1.0,Haut-Sassandra,Manioc,Limoneux,Pluies,199.2,26.5,84.3,0,16.5
2024-03-22,2024,3,1,82,1.0,0.0,Nawa,Maïs,Limoneux,Seche,49.6,27.3,78.6,0,1.38
2023-01-04,2023,1,1,4,0.5,0.866,Haut-Sassandra,Manioc,Argileux,Seche,50.5,33.4,62.6,0,13.22
2021-07-25,2021,7,3,206,-0.5,-0.866,Nawa,Cacao,Sablonneux,Pluies,225.4,27.7,90.2,0,1.61
2022-03-31,2022,3,1,90,1.0,0.0,Nawa,Cacao,Limoneux,Seche,82.0,29.6,72.1,0,1.05
2024-07-20,2024,7,3,202,-0.5,-0.866,Nawa,Cacao,Argileux,Pluies,296.1,25.2,87.4,0,0.97
2024-06-13,2024,6,2,165,0.0,-1.0,Poro,Maïs,Argileux,Pluies,169.2,26.1,74.6,1,1.88
2022-06-05,2022,6,2,156,0.0,-1.0,Poro,Anacarde,Limoneux,Pluies,166.2,26.0,78.2,1,0.89
2023-10-14,2023,10,4,287,-0.866,0.5,Nawa,Manioc,Limoneux,Pluies,150.4,27.5,83.2,0,16.74
2023-08-14,2023,8,3,226,-0.866,-0.5,Nawa,Cacao,Argileux,Seche,40.8,29.8,67.7,1,1.01
2022-12-27,2022,12,4,361,-0.0,1.0,Haut-Sassandra,Manioc,Limoneux,Seche,68.8,30.4,70.2,0,11.47
2023-10-11,2023,10,4,284,-0.866,0.5,Haut-Sassandra,Cacao,Limoneux,Pluies,160.8,26.4,76.5,0,1.58
2022-05-16,2022,5,2,136,0.5,-0.866,Poro,Cacao,Sablonneux,Seche,21.6,32.4,51.2,1,0.52
2021-04-27,2021,4,2,117,0.866,-0.5,Haut-Sassandra,Manioc,Limoneux,Seche,57.0,29.8,76.1,1,11.4
2022-01-21,2022,1,1,21,0.5,0.866,Nawa,Manioc,Argileux,Seche,44.2,27.3,73.7,0,11.74
2024-09-29,2024,9,3,273,-1.0,-0.0,Nawa,Maïs,Limoneux,Pluies,261.4,25.5,83.9,1,1.38
2022-08-07,2022,8,3,219,-0.866,-0.5,Poro,Anacarde,Limoneux,Pluies,124.6,27.7,77.4,0,1.13
2022-01-30,2022,1,1,30,0.5,0.866,Nawa,Manioc,Limoneux,Seche,40.4,32.3,73.6,0,10.2
2023-12-24,2023,12,4,358,-0.0,1.0,Nawa,Cacao,Argileux,Seche,13.2,26.8,71.8,0,1.24
2022-12-22,2022,12,4,356,-0.0,1.0,Nawa,Cacao,Sablonneux,Seche,15.6,29.2,75.9,0,1.01
2021-03-13,2021,3,1,72,1.0,0.0,Nawa,Cacao,Limoneux,Seche,61.2,30.2,68.6,0,1.03
2021-10-01,2021,10,4,274,-0.866,0.5,Haut-Sassandra,Maïs,Sablonneux,Pluies,123.4,22.5,85.4,0,1.32
2024-09-05,2024,9,3,249,-1.0,-0.0,Haut-Sassandra,Anacarde,Sablonneux,Pluies,228.6,26.7,89.9,1,0.55
2021-12-04,2021,12,4,338,-0.0,1.0,Poro,Manioc,Sablonneux,Seche,20.0,36.1,35.6,0,6.07
2024-10-21,2024,10,4,295,-0.866,0.5,Haut-Sassandra,Cacao,Limoneux,Pluies,273.5,30.0,90.7,0,1.17
2022-08-30,2022,8,3,242,-0.866,-0.5,Nawa,Manioc,Limoneux,Seche,29.8,30.0,71.6,1,11.55
2021-06-15,2021,6,2,166,0.0,-1.0,Haut-Sassandra,Maïs,Limoneux,Pluies,160.7,29.1,89.9,0,1.47
2021-01-11,2021,1,1,11,0.5,0.866,Nawa,Manioc,Sablonneux,Seche,52.9,30.4,65.4,0,12.5
2024-08-17,2024,8,3,230,-0.866,-0.5,Haut-Sassandra,Manioc,Sablonneux,Seche,96.2,33.6,64.5,1,12.32
2022-12-30,2022,12,4,364,-0.0,1.0,Poro,Anacarde,Limoneux,Seche,3.4,39.6,34.1,0,0.8
2023-03-12,2023,3,1,71,1.0,0.0,Nawa,Maïs,Argileux,Seche,47.6,29.2,63.9,0,1.35
2021-04-12,2021,4,2,102,0.866,-0.5,Haut-Sassandra,Cacao,Limoneux,Seche,16.6,26.9,71.3,1,1.18
2024-12-19,2024,12,4,354,-0.0,1.0,Haut-Sassandra,Cacao,Limoneux,Seche,60.7,26.2,67.2,0,1.15
2024-11-16,2024,11,4,321,-0.5,0.866,Poro,Anacarde,Sablonneux,Seche,16.8,32.5,43.5,0,0.72
2023-02-18,2023,2,1,49,0.866,0.5,Haut-Sassandra,Cacao,Argileux,Seche,53.9,26.5,85.4,0,1.19
2021-08-02,2021,8,3,214,-0.866,-0.5,Haut-Sassandra,Cacao,Argileux,Seche,49.2,33.1,67.4,1,0.96
2024-01-17,2024,1,1,17,0.5,0.866,Poro,Maïs,Sablonneux,Seche,12.7,33.1,24.4,0,1.18
2022-02-05,2022,2,1,36,0.866,0.5,Haut-Sassandra,Cacao,Argileux,Seche,39.3,25.6,62.8,0,1.23
2022-08-11,2022,8,3,223,-0.866,-0.5,Poro,Anacarde,Argileux,Pluies,160.7,30.0,75.3,0,0.81
2023-06-08,2023,6,2,159,0.0,-1.0,Nawa,Manioc,Sablonneux,Pluies,170.2,26.3,88.5,0,17.21
2023-12-06,2023,12,4,340,-0.0,1.0,Haut-Sassandra,Cacao,Sablonneux,Seche,52.1,30.8,68.5,0,1.19
2022-08-15,2022,8,3,227,-0.866,-0.5,Nawa,Manioc,Limoneux,Seche,51.6,28.0,63.0,1,12.86
2024-08-26,2024,8,3,239,-0.866,-0.5,Poro,Manioc,Sablonneux,Pluies,160.6,27.9,73.9,0,9.76
2024-01-15,2024,1,1,15,0.5,0.866,Poro,Anacarde,Sablonneux,Seche,13.8,34.8,43.7,0,0.71
2021-04-02,2021,4,2,92,0.866,-0.5,Nawa,Maïs,Limoneux,Seche,29.8,26.9,63.1,1,1.36
2022-11-04,2022,11,4,308,-0.5,0.866,Nawa,Cacao,Argileux,Seche,66.5,34.2,75.6,0,1.15
2022-12-15,2022,12,4,349,-0.0,1.0,Poro,Manioc,Limoneux,Seche,0.0,33.9,53.9,0,5.8
2023-07-25,2023,7,3,206,-0.5,-0.866,Nawa,Manioc,Sablonneux,Pluies,190.9,24.8,81.6,0,17.21
2021-08-30,2021,8,3,242,-0.866,-0.5,Haut-Sassandra,Manioc,Argileux,Seche,50.1,30.2,58.0,1,11.39
2021-01-02,2021,1,1,2,0.5,0.866,Nawa,Maïs,Argileux,Seche,51.8,30.4,67.9,0,1.3
2021-08-13,2021,8,3,225,-0.866,-0.5,Haut-Sassandra,Anacarde,Argileux,Seche,37.6,28.4,63.0,1,0.39
2023-03-12,2023,3,1,71,1.0,0.0,Poro,Anacarde,Limoneux,Seche,13.9,36.4,59.6,0,0.66
2022-08-12,2022,8,3,224,-0.866,-0.5,Poro,Maïs,Sablonneux,Pluies,169.1,28.7,72.9,0,1.47
2021-04-26,2021,4,2,116,0.866,-0.5,Haut-Sassandra,Maïs,Argileux,Seche,52.0,25.6,61.6,1,1.4
2023-07-07,2023,7,3,188,-0.5,-0.866,Nawa,Anacarde,Sablonneux,Pluies,155.9,31.1,96.8,1,0.38
2024-02-01,2024,2,1,32,0.866,0.5,Poro,Anacarde,Sablonneux,Seche,7.5,32.8,36.1,0,0.73
2021-07-13,2021,7,3,194,-0.5,-0.866,Haut-Sassandra,Manioc,Argileux,Pluies,116.9,29.1,92.4,0,12.27
2024-04-04,2024,4,2,95,0.866,-0.5,Poro,Anacarde,Sablonneux,Seche,16.8,34.8,46.0,0,0.83
2023-05-21,2023,5,2,141,0.5,-0.866,Nawa,Cacao,Limoneux,Pluies,173.0,24.9,83.7,1,1.47
2021-03-31,2021,3,1,90,1.0,0.0,Poro,Maïs,Argileux,Seche,21.0,26.7,43.7,0,1.25
2021-05-02,2021,5,2,122,0.5,-0.866,Haut-Sassandra,Anacarde,Limoneux,Pluies,243.2,27.6,89.9,1,0.34
2021-05-23,2021,5,2,143,0.5,-0.866,Haut-Sassandra,Cacao,Limoneux,Pluies,155.6,25.9,88.3,1,1.54
2023-09-21,2023,9,3,264,-1.0,-0.0,Nawa,Cacao,Limoneux,Pluies,153.8,23.8,89.2,1,1.57
2021-04-16,2021,4,2,106,0.866,-0.5,Haut-Sassandra,Cacao,Limoneux,Seche,59.4,27.7,61.5,1,0.97
2023-06-06,2023,6,2,157,0.0,-1.0,Haut-Sassandra,Cacao,Limoneux,Pluies,211.8,25.0,87.4,0,1.45
2022-03-04,2022,3,1,63,1.0,0.0,Haut-Sassandra,Cacao,Argileux,Seche,35.3,28.9,80.2,0,1.15
2024-08-21,2024,8,3,234,-0.866,-0.5,Haut-Sassandra,Manioc,Limoneux,Seche,55.4,31.2,74.1,1,9.93
2021-11-13,2021,11,4,317,-0.5,0.866,Nawa,Manioc,Argileux,Seche,29.9,25.2,65.6,0,11.96
2022-09-27,2022,9,3,270,-1.0,-0.0,Haut-Sassandra,Cacao,Argileux,Pluies,145.8,25.7,81.6,1,1.9
2021-01-09,2021,1,1,9,0.5,0.866,Haut-Sassandra,Cacao,Limoneux,Seche,62.3,27.6,62.2,0,0.99
2023-02-13,2023,2,1,44,0.866,0.5,Nawa,Manioc,Sablonneux,Seche,39.1,31.2,69.7,0,12.2
2024-01-02,2024,1,1,2,0.5,0.866,Nawa,Cacao,Argileux,Seche,16.6,29.7,69.4,1,1.09
2024-10-14,2024,10,4,288,-0.866,0.5,Nawa,Cacao,Argileux,Pluies,335.2,25.0,85.4,0,1.24
2021-08-11,2021,8,3,223,-0.866,-0.5,Nawa,Manioc,Sablonneux,Seche,34.9,31.4,67.0,1,11.2
2024-12-10,2024,12,4,345,-0.0,1.0,Nawa,Manioc,Argileux,Seche,11.4,29.7,64.9,0,11.59
2022-07-07,2022,7,3,188,-0.5,-0.866,Nawa,Maïs,Argileux,Pluies,240.2,28.7,81.1,0,1.27
2024-10-25,2024,10,4,299,-0.866,0.5,Poro,Maïs,Sablonneux,Seche,0.0,30.7,25.2,0,1.12
2022-12-17,2022,12,4,351,-0.0,1.0,Poro,Manioc,Limoneux,Seche,16.9,33.3,37.3,0,6.96
2024-07-11,2024,7,3,193,-0.5,-0.866,Nawa,Anacarde,Sablonneux,Pluies,218.5,25.6,96.8,0,0.63
2024-09-03,2024,9,3,247,-1.0,-0.0,Poro,Anacarde,Sablonneux,Pluies,105.8,26.6,76.3,0,0.77
2024-01-13,2024,1,1,13,0.5,0.866,Haut-Sassandra,Cacao,Sablonneux,Seche,34.2,29.8,77.2,0,1.27
2024-09-03,2024,9,3,247,-1.0,-0.0,Haut-Sassandra,Maïs,Limoneux,Pluies,165.2,26.4,86.1,1,1.84
2021-04-21,2021,4,2,111,0.866,-0.5,Haut-Sassandra,Manioc,Sablonneux,Seche,21.0,31.5,68.4,1,12.17
2021-09-08,2021,9,3,251,-1.0,-0.0,Haut-Sassandra,Anacarde,Argileux,Pluies,250.3,25.5,91.5,1,0.41
2022-01-18,2022,1,1,18,0.5,0.866,Haut-Sassandra,Cacao,Limoneux,Seche,31.2,28.6,57.4,0,1.06
2021-01-07,2021,1,1,7,0.5,0.866,Haut-Sassandra,Cacao,Argileux,Seche,57.6,27.6,62.0,0,1.1
2022-04-04,2022,4,2,94,0.866,-0.5,Nawa,Cacao,Sablonneux,Seche,31.0,28.9,63.7,1,1.07
2024-01-13,2024,1,1,13,0.5,0.866,Poro,Anacarde,Sablonneux,Seche,14.0,32.0,39.5,0,0.85
2021-07-27,2021,7,3,208,-0.5,-0.866,Nawa,Cacao,Argileux,Pluies,166.4,24.8,84.6,0,1.76
2023-06-19,2023,6,2,170,0.0,-1.0,Haut-Sassandra,Manioc,Limoneux,Pluies,181.6,28.3,85.7,0,14.58
2024-11-14,2024,11,4,319,-0.5,0.866,Haut-Sassandra,Cacao,Limoneux,Seche,31.0,33.4,71.7,0,1.23
2024-08-30,2024,8,3,243,-0.866,-0.5,Haut-Sassandra,Cacao,Sablonneux,Seche,32.7,30.4,69.4,1,1.22
2021-01-22,2021,1,1,22,0.5,0.866,Nawa,Cacao,Argileux,Seche,49.7,30.7,62.8,0,1.16
2022-02-14,2022,2,1,45,0.866,0.5,Nawa,Manioc,Argileux,Seche,47.4,31.8,57.8,0,12.8
2023-06-14,2023,6,2,165,0.0,-1.0,Haut-Sassandra,Manioc,Sablonneux,Pluies,162.5,25.6,80.1,0,16.64
2022-05-30,2022,5,2,150,0.5,-0.866,Nawa,Cacao,Limoneux,Pluies,162.4,24.2,85.2,1,1.72
2024-02-25,2024,2,1,56,0.866,0.5,Haut-Sassandra,Manioc,Limoneux,Seche,50.6,36.9,66.1,0,11.63
2023-03-20,2023,3,1,79,1.0,0.0,Haut-Sassandra,Maïs,Argileux,Seche,50.0,26.1,67.3,0,1.21
2023-05-24,2023,5,2,144,0.5,-0.866,Poro,Manioc,Sablonneux,Seche,8.2,34.2,41.6,0,6.51
2021-01-14,2021,1,1,14,0.5,0.866,Haut-Sassandra,Maïs,Sablonneux,Seche,64.1,29.6,69.8,0,1.07
2023-08-29,2023,8,3,241,-0.866,-0.5,Nawa,Cacao,Argileux,Seche,36.0,28.7,76.5,1,1.12
2023-09-05,2023,9,3,248,-1.0,-0.0,Poro,Anacarde,Limoneux,Pluies,168.7,27.6,79.0,0,1.03
2023-10-11,2023,10,4,284,-0.866,0.5,Poro,Maïs,Limoneux,Seche,5.5,31.4,41.3,0,1.24
2023-11-02,2023,11,4,306,-0.5,0.866,Poro,Anacarde,Argileux,Seche,7.8,34.9,44.6,0,0.79
2021-03-28,2021,3,1,87,1.0,0.0,Nawa,Manioc,Limoneux,Seche,24.8,29.0,76.0,0,12.72
2023-06-28,2023,6,2,179,0.0,-1.0,Poro,Manioc,Sablonneux,Pluies,168.8,29.0,80.7,0,9.57
2024-08-17,2024,8,3,230,-0.866,-0.5,Haut-Sassandra,Cacao,Argileux,Seche,36.9,29.6,67.4,1,1.2
2024-06-20,2024,6,2,172,0.0,-1.0,Haut-Sassandra,Manioc,Sablonneux,Pluies,151.9,24.4,86.7,0,18.4
2021-05-02,2021,5,2,122,0.5,-0.866,Haut-Sassandra,Anacarde,Argileux,Pluies,211.4,25.5,82.8,1,0.6
2024-03-16,2024,3,1,76,1.0,0.0,Haut-Sassandra,Anacarde,Argileux,Seche,80.4,30.4,69.0,0,0.4
2023-01-20,2023,1,1,20,0.5,0.866,Haut-Sassandra,Cacao,Limoneux,Seche,14.2,28.6,68.1,0,1.0
2024-10-11,2024,10,4,285,-0.866,0.5,Nawa,Cacao,Argileux,Pluies,181.6,27.9,86.8,0,1.81
2022-11-16,2022,11,4,320,-0.5,0.866,Haut-Sassandra,Cacao,Limoneux,Seche,47.3,31.4,67.6,0,1.25
2021-11-05,2021,11,4,309,-0.5,0.866,Haut-Sassandra,Maïs,Argileux,Seche,41.7,27.4,64.3,0,1.28
2022-11-26,2022,11,4,330,-0.5,0.866,Haut-Sassandra,Cacao,Argileux,Seche,5.0,32.2,70.3,0,1.15
2021-10-15,2021,10,4,288,-0.866,0.5,Haut-Sassandra,Manioc,Argileux,Pluies,117.1,26.1,86.5,0,15.76
2021-11-03,2021,11,4,307,-0.5,0.866,Poro,Anacarde,Limoneux,Seche,0.0,35.2,38.7,0,0.81
2023-07-03,2023,7,3,184,-0.5,-0.866,Poro,Maïs,Sablonneux,Pluies,187.3,26.9,76.3,0,1.95
2022-10-24,2022,10,4,297,-0.866,0.5,Nawa,Cacao,Limoneux,Pluies,187.0,26.1,88.4,0,1.64
2022-07-03,2022,7,3,184,-0.5,-0.866,Poro,Cacao,Sablonneux,Pluies,182.7,30.9,79.6,0,0.58
2024-10-07,2024,10,4,281,-0.866,0.5,Haut-Sassandra,Cacao,Limoneux,Pluies,197.7,23.8,87.4,0,1.68
2021-11-08,2021,11,4,312,-0.5,0.866,Haut-Sassandra,Manioc,Argileux,Seche,58.1,32.2,68.5,0,11.38
2023-05-23,2023,5,2,143,0.5,-0.866,Nawa,Cacao,Argileux,Pluies,181.1,27.4,91.0,1,1.65
2023-12-19,2023,12,4,353,-0.0,1.0,Nawa,Maïs,Limoneux,Seche,31.0,29.3,76.5,0,1.24
2023-07-13,2023,7,3,194,-0.5,-0.866,Haut-Sassandra,Cacao,Limoneux,Pluies,163.6,27.3,88.5,1,1.67
2023-01-25,2023,1,1,25,0.5,0.866,Haut-Sassandra,Cacao,Limoneux,Seche,42.8,35.8,61.8,0,0.96
2021-02-04,2021,2,1,35,0.866,0.5,Haut-Sassandra,Manioc,Argileux,Seche,49.5,30.1,75.9,0,12.65
2022-03-21,2022,3,1,80,1.0,0.0,Haut-Sassandra,Manioc,Argileux,Seche,69.6,28.4,67.2,0,10.76
2021-04-03,2021,4,2,93,0.866,-0.5,Haut-Sassandra,Cacao,Limoneux,Seche,69.3,29.6,64.8,1,1.2
2024-05-15,2024,5,2,136,0.5,-0.866,Poro,Maïs,Argileux,Seche,10.0,31.4,47.3,1,1.38
2021-12-19,2021,12,4,353,-0.0,1.0,Poro,Manioc,Sablonneux,Seche,24.4,31.9,48.8,0,6.18
2023-06-22,2023,6,2,173,0.0,-1.0,Poro,Cacao,Sablonneux,Pluies,173.9,29.2,80.7,1,0.61
2024-09-17,2024,9,3,261,-1.0,-0.0,Haut-Sassandra,Manioc,Argileux,Pluies,248.3,25.8,90.0,1,11.47
2023-05-12,2023,5,2,132,0.5,-0.866,Haut-Sassandra,Manioc,Sablonneux,Pluies,264.3,30.1,83.9,1,12.96
2021-06-08,2021,6,2,159,0.0,-1.0,Haut-Sassandra,Maïs,Sablonneux,Pluies,190.8,30.1,90.6,0,1.31
2023-08-15,2023,8,3,227,-0.866,-0.5,Haut-Sassandra,Manioc,Argileux,Seche,49.2,28.6,64.8,1,12.84
2021-01-24,2021,1,1,24,0.5,0.866,Haut-Sassandra,Cacao,Limoneux,Seche,43.8,33.7,61.7,0,1.15
2022-02-08,2022,2,1,39,0.866,0.5,Poro,Maïs,Limoneux,Seche,13.0,34.6,51.5,0,1.2
2023-03-16,2023,3,1,75,1.0,0.0,Haut-Sassandra,Manioc,Argileux,Seche,30.6,32.1,74.2,0,12.8
2022-05-31,2022,5,2,151,0.5,-0.866,Poro,Anacarde,Sablonneux,Seche,19.9,36.9,44.5,1,0.76
2023-01-02,2023,1,1,2,0.5,0.866,Haut-Sassandra,Cacao,Argileux,Seche,60.3,33.1,73.2,0,1.19
2024-10-19,2024,10,4,293,-0.866,0.5,Poro,Maïs,Sablonneux,Seche,25.8,31.3,36.4,0,1.23
2024-11-06,2024,11,4,311,-0.5,0.866,Haut-Sassandra,Manioc,Sablonneux,Seche,34.5,35.5,70.1,0,11.38
2022-06-16,2022,6,2,167,0.0,-1.0,Poro,Cacao,Sablonneux,Pluies,116.3,24.6,70.4,1,0.85
2023-08-14,2023,8,3,226,-0.866,-0.5,Nawa,Manioc,Argileux,Seche,20.5,30.9,70.8,1,11.67
2021-06-01,2021,6,2,152,0.0,-1.0,Haut-Sassandra,Cacao,Limoneux,Pluies,279.0,24.2,78.9,0,1.06
2023-08-05,2023,8,3,217,-0.866,-0.5,Nawa,Cacao,Argileux,Seche,34.1,30.4,66.2,1,1.06
2022-08-31,2022,8,3,243,-0.866,-0.5,Haut-Sassandra,Cacao,Argileux,Seche,16.8,29.3,66.5,1,0.96
2022-02-24,2022,2,1,55,0.866,0.5,Poro,Anacarde,Sablonneux,Seche,12.4,36.7,40.2,0,0.79
2024-06-27,2024,6,2,179,0.0,-1.0,Poro,Anacarde,Sablonneux,Pluies,171.1,30.3,79.2,1,0.79
2024-02-15,2024,2,1,46,0.866,0.5,Haut-Sassandra,Cacao,Limoneux,Seche,32.7,29.4,68.7,0,1.07
2023-05-16,2023,5,2,136,0.5,-0.866,Nawa,Cacao,Sablonneux,Pluies,205.7,26.6,91.0,1,1.52
2022-08-01,2022,8,3,213,-0.866,-0.5,Poro,Maïs,Argileux,Pluies,152.5,26.4,80.4,0,1.88
2021-12-01,2021,12,4,335,-0.0,1.0,Haut-Sassandra,Manioc,Argileux,Seche,49.9,34.4,73.1,0,12.11
2024-12-12,2024,12,4,347,-0.0,1.0,Haut-Sassandra,Manioc,Sablonneux,Seche,37.8,33.5,69.6,0,13.11
2023-07-21,2023,7,3,202,-0.5,-0.866,Haut-Sassandra,Manioc,Sablonneux,Pluies,186.4,28.7,86.2,0,17.14
2021-10-22,2021,10,4,295,-0.866,0.5,Haut-Sassandra,Cacao,Limoneux,Pluies,188.8,26.7,92.5,0,1.33
2023-01-25,2023,1,1,25,0.5,0.866,Haut-Sassandra,Maïs,Limoneux,Seche,58.7,30.3,61.9,0,1.48
2024-10-26,2024,10,4,300,-0.866,0.5,Haut-Sassandra,Maïs,Limoneux,Pluies,210.8,26.4,87.2,0,1.91
2021-07-05,2021,7,3,186,-0.5,-0.866,Poro,Anacarde,Argileux,Pluies,189.8,29.4,91.1,0,0.84
2024-06-23,2024,6,2,175,0.0,-1.0,Poro,Maïs,Limoneux,Pluies,163.8,27.1,76.4,1,1.89
2022-09-29,2022,9,3,272,-1.0,-0.0,Poro,Anacarde,Sablonneux,Pluies,214.3,27.2,74.0,0,1.1
2024-07-15,2024,7,3,197,-0.5,-0.866,Poro,Cacao,Argileux,Pluies,97.7,31.6,79.5,0,0.53
2024-06-14,2024,6,2,166,0.0,-1.0,Poro,Anacarde,Sablonneux,Pluies,109.0,27.3,76.6,1,0.76
2022-06-14,2022,6,2,165,0.0,-1.0,Nawa,Maïs,Argileux,Pluies,184.4,26.0,87.4,0,1.8
2021-01-21,2021,1,1,21,0.5,0.866,Nawa,Manioc,Argileux,Seche,37.4,32.8,71.1,0,11.82
2023-06-30,2023,6,2,181,0.0,-1.0,Nawa,Manioc,Sablonneux,Pluies,141.9,25.8,88.7,0,18.47
2023-05-17,2023,5,2,137,0.5,-0.866,Haut-Sassandra,Manioc,Limoneux,Pluies,198.3,26.1,87.5,1,18.97
2023-03-05,2023,3,1,64,1.0,0.0,Haut-Sassandra,Cacao,Argileux,Seche,42.2,32.9,71.5,0,1.08
2021-04-10,2021,4,2,100,0.866,-0.5,Nawa,Cacao,Argileux,Seche,55.0,29.4,74.0,1,1.16
2023-01-22,2023,1,1,22,0.5,0.866,Nawa,Manioc,Argileux,Seche,4.6,29.7,76.1,0,10.71
2022-04-23,2022,4,2,113,0.866,-0.5,Haut-Sassandra,Cacao,Argileux,Seche,64.7,30.3,59.3,1,1.17
2024-08-14,2024,8,3,227,-0.866,-0.5,Nawa,Manioc,Limoneux,Seche,70.8,29.6,58.2,1,9.6
2023-07-29,2023,7,3,210,-0.5,-0.866,Poro,Anacarde,Limoneux,Pluies,130.0,26.7,73.4,0,1.13
2022-06-10,2022,6,2,161,0.0,-1.0,Haut-Sassandra,Cacao,Limoneux,Pluies,181.8,24.1,79.0,0,1.63
2021-11-30,2021,11,4,334,-0.5,0.866,Haut-Sassandra,Manioc,Limoneux,Seche,57.0,30.2,74.4,0,11.36
2021-01-02,2021,1,1,2,0.5,0.866,Poro,Cacao,Argileux,Seche,14.1,31.8,51.5,0,0.57
2022-01-10,2022,1,1,10,0.5,0.866,Haut-Sassandra,Cacao,Limoneux,Seche,31.8,29.5,70.7,0,1.2
2021-10-20,2021,10,4,293,-0.866,0.5,Haut-Sassandra,Cacao,Argileux,Pluies,194.1,23.3,81.4,0,1.71
2023-04-17,2023,4,2,107,0.866,-0.5,Haut-Sassandra,Cacao,Limoneux,Seche,37.3,31.1,66.5,1,1.24
2023-10-02,2023,10,4,275,-0.866,0.5,Nawa,Cacao,Limoneux,Pluies,140.3,27.5,78.6,0,1.49
2022-07-07,2022,7,3,188,-0.5,-0.866,Haut-Sassandra,Cacao,Limoneux,Pluies,94.9,24.5,93.3,0,1.14
2021-11-14,2021,11,4,318,-0.5,0.866,Poro,Anacarde,Argileux,Seche,16.7,33.8,26.7,0,0.9
2022-01-16,2022,1,1,16,0.5,0.866,Haut-Sassandra,Manioc,Argileux,Seche,23.1,27.9,65.7,0,11.81
2021-01-14,2021,1,1,14,0.5,0.866,Haut-Sassandra,Manioc,Limoneux,Seche,42.8,32.7,71.0,0,12.33
2022-05-19,2022,5,2,139,0.5,-0.866,Haut-Sassandra,Maïs,Sablonneux,Pluies,229.9,27.5,80.9,1,1.87
2021-08-19,2021,8,3,231,-0.866,-0.5,Poro,Anacarde,Argileux,Pluies,136.0,23.9,73.8,0,1.21
2024-01-13,2024,1,1,13,0.5,0.866,Nawa,Manioc,Sablonneux,Seche,39.3,33.1,72.0,0,12.25
2021-05-10,2021,5,2,130,0.5,-0.866,Poro,Anacarde,Limoneux,Seche,11.0,33.1,25.6,1,0.83
2023-04-18,2023,4,2,108,0.866,-0.5,Haut-Sassandra,Cacao,Argileux,Seche,54.0,31.4,63.0,1,1.37
2024-03-14,2024,3,1,74,1.0,0.0,Nawa,Manioc,Limoneux,Seche,53.2,29.0,68.3,0,9.74
2023-06-10,2023,6,2,161,0.0,-1.0,Nawa,Cacao,Argileux,Pluies,131.0,25.6,80.9,0,1.68
2021-01-28,2021,1,1,28,0.5,0.866,Poro,Maïs,Limoneux,Seche,13.4,35.9,54.5,0,1.22
2021-03-07,2021,3,1,66,1.0,0.0,Haut-Sassandra,Cacao,Sablonneux,Seche,56.3,34.2,61.8,0,1.33
2024-04-01,2024,4,2,92,0.866,-0.5,Poro,Anacarde,Argileux,Seche,15.4,34.0,38.6,0,0.77
2024-06-06,2024,6,2,158,0.0,-1.0,Poro,Anacarde,Sablonneux,Pluies,198.5,26.7,67.8,1,1.08
2021-09-18,2021,9,3,261,-1.0,-0.0,Haut-Sassandra,Manioc,Sablonneux,Pluies,173.0,25.9,81.3,0,17.19
2024-12-18,2024,12,4,353,-0.0,1.0,Poro,Anacarde,Sablonneux,Seche,12.7,37.6,28.6,0,0.74
2022-04-05,2022,4,2,95,0.866,-0.5,Nawa,Cacao,Argileux,Seche,41.3,28.0,67.0,1,1.1
2021-10-28,2021,10,4,301,-0.866,0.5,Poro,Cacao,Limoneux,Seche,0.0,34.0,36.8,0,0.53
2023-07-08,2023,7,3,189,-0.5,-0.866,Haut-Sassandra,Manioc,Limoneux,Pluies,182.3,27.0,83.7,0,17.12
2024-08-19,2024,8,3,232,-0.866,-0.5,Poro,Maïs,Limoneux,Pluies,164.3,31.5,73.5,1,1.32
2021-10-14,2021,10,4,287,-0.866,0.5,Nawa,Manioc,Sablonneux,Pluies,194.9,27.1,88.0,0,17.37
2024-11-19,2024,11,4,324,-0.5,0.866,Haut-Sassandra,Cacao,Argileux,Seche,86.2,31.9,62.5,0,1.11
2023-10-31,2023,10,4,304,-0.866,0.5,Haut-Sassandra,Maïs,Sablonneux,Pluies,257.1,23.3,85.9,0,1.14
2022-09-22,2022,9,3,265,-1.0,-0.0,Haut-Sassandra,Maïs,Argileux,Pluies,221.5,24.3,87.7,1,1.71
2021-09-27,2021,9,3,270,-1.0,-0.0,Nawa,Cacao,Argileux,Pluies,181.0,28.0,89.7,1,1.79
2022-08-15,2022,8,3,227,-0.866,-0.5,Nawa,Manioc,Argileux,Seche,72.0,27.4,72.1,1,11.83
2023-04-24,2023,4,2,114,0.866,-0.5,Nawa,Cacao,Argileux,Seche,37.2,30.5,79.6,1,1.08
2023-05-12,2023,5,2,132,0.5,-0.866,Poro,Maïs,Sablonneux,Seche,8.8,32.5,47.6,1,1.41
2024-10-16,2024,10,4,290,-0.866,0.5,Haut-Sassandra,Cacao,Argileux,Pluies,176.0,25.1,90.9,0,1.56
2024-07-04,2024,7,3,186,-0.5,-0.866,Nawa,Maïs,Limoneux,Pluies,161.0,25.9,81.7,0,1.84
2021-05-13,2021,5,2,133,0.5,-0.866,Nawa,Maïs,Limoneux,Pluies,165.5,25.3,90.8,1,1.86
2024-07-23,2024,7,3,205,-0.5,-0.866,Haut-Sassandra,Cacao,Limoneux,Pluies,174.4,24.7,88.6,0,1.51
2023-08-30,2023,8,3,242,-0.866,-0.5,Haut-Sassandra,Cacao,Argileux,Seche,20.3,32.2,67.5,1,1.19
2022-05-28,2022,5,2,148,0.5,-0.866,Poro,Manioc,Argileux,Seche,5.0,36.3,34.2,1,5.33
2021-11-09,2021,11,4,313,-0.5,0.866,Haut-Sassandra,Cacao,Limoneux,Seche,38.0,26.3,71.6,0,1.17
2022-07-30,2022,7,3,211,-0.5,-0.866,Haut-Sassandra,Manioc,Argileux,Pluies,213.6,28.5,89.3,0,18.17
2023-06-05,2023,6,2,156,0.0,-1.0,Haut-Sassandra,Cacao,Argileux,Pluies,225.1,26.8,89.3,0,1.43
2024-07-31,2024,7,3,213,-0.5,-0.866,Poro,Manioc,Limoneux,Pluies,116.2,28.6,70.7,0,8.56
2024-02-19,2024,2,1,50,0.866,0.5,Poro,Anacarde,Limoneux,Seche,16.7,30.8,38.4,0,0.8
2024-02-05,2024,2,1,36,0.866,0.5,Poro,Manioc,Sablonneux,Seche,3.5,31.5,39.0,0,6.35
2022-11-18,2022,11,4,322,-0.5,0.866,Nawa,Cacao,Argileux,Seche,35.0,29.4,69.2,0,1.31
2024-05-12,2024,5,2,133,0.5,-0.866,Haut-Sassandra,Maïs,Limoneux,Pluies,176.9,28.6,86.6,1,1.9
2021-06-14,2021,6,2,165,0.0,-1.0,Poro,Anacarde,Argileux,Pluies,199.6,28.4,71.9,1,1.02
2021-11-01,2021,11,4,305,-0.5,0.866,Haut-Sassandra,Cacao,Limoneux,Seche,50.6,31.3,63.7,0,1.01
2021-06-05,2021,6,2,156,0.0,-1.0,Haut-Sassandra,Maïs,Argileux,Pluies,206.4,27.2,84.4,0,1.81
2024-10-22,2024,10,4,296,-0.866,0.5,Nawa,Cacao,Sablonneux,Pluies,192.7,25.0,87.5,0,1.64
2022-09-12,2022,9,3,255,-1.0,-0.0,Poro,Anacarde,Sablonneux,Pluies,129.3,29.7,79.0,0,0.9
2024-06-28,2024,6,2,180,0.0,-1.0,Haut-Sassandra,Cacao,Sablonneux,Pluies,164.6,27.4,91.2,0,1.47
2023-08-15,2023,8,3,227,-0.866,-0.5,Nawa,Cacao,Argileux,Seche,22.3,29.1,75.5,1,1.19
2021-11-30,2021,11,4,334,-0.5,0.866,Nawa,Cacao,Limoneux,Seche,0.0,31.0,72.5,0,1.06
2023-08-27,2023,8,3,239,-0.866,-0.5,Haut-Sassandra,Cacao,Limoneux,Seche,35.6,32.1,72.4,1,1.18
2022-05-26,2022,5,2,146,0.5,-0.866,Poro,Manioc,Sablonneux,Seche,25.8,35.4,41.0,1,5.89
2024-08-09,2024,8,3,222,-0.866,-0.5,Nawa,Cacao,Limoneux,Seche,62.1,25.7,74.1,1,1.2
2023-11-10,2023,11,4,314,-0.5,0.866,Nawa,Maïs,Argileux,Seche,69.6,26.9,71.0,0,1.22
2021-10-09,2021,10,4,282,-0.866,0.5,Nawa,Cacao,Limoneux,Pluies,158.5,25.6,84.4,0,1.51
2023-03-08,2023,3,1,67,1.0,0.0,Nawa,Manioc,Sablonneux,Seche,47.6,29.8,65.7,0,12.33
2023-10-22,2023,10,4,295,-0.866,0.5,Haut-Sassandra,Manioc,Sablonneux,Pluies,226.3,29.4,82.0,0,12.66
2021-04-29,2021,4,2,119,0.866,-0.5,Nawa,Cacao,Sablonneux,Seche,77.7,31.6,66.9,0,1.2
2023-11-25,2023,11,4,329,-0.5,0.866,Haut-Sassandra,Cacao,Limoneux,Seche,30.3,27.0,68.2,0,1.15
2021-07-17,2021,7,3,198,-0.5,-0.866,Nawa,Maïs,Limoneux,Pluies,151.8,25.7,89.0,0,1.86
2022-04-30,2022,4,2,120,0.866,-0.5,Poro,Anacarde,Limoneux,Seche,30.5,32.8,44.0,0,0.71
2023-12-19,2023,12,4,353,-0.0,1.0,Nawa,Cacao,Argileux,Seche,12.8,32.8,71.5,0,1.03
2023-04-17,2023,4,2,107,0.866,-0.5,Haut-Sassandra,Manioc,Argileux,Seche,18.1,30.7,79.3,1,11.18
2024-03-30,2024,3,1,90,1.0,0.0,Nawa,Cacao,Argileux,Seche,63.0,31.1,67.0,0,1.04
2023-10-06,2023,10,4,279,-0.866,0.5,Haut-Sassandra,Cacao,Argileux,Pluies,140.2,27.1,84.3,0,1.51
2022-11-22,2022,11,4,326,-0.5,0.866,Haut-Sassandra,Cacao,Sablonneux,Seche,31.7,33.1,65.8,0,1.14
2024-05-14,2024,5,2,135,0.5,-0.866,Haut-Sassandra,Cacao,Argileux,Pluies,212.5,26.9,83.0,1,1.25
2023-11-02,2023,11,4,306,-0.5,0.866,Haut-Sassandra,Cacao,Argileux,Seche,68.2,32.5,72.5,0,1.1
2022-05-05,2022,5,2,125,0.5,-0.866,Nawa,Manioc,Limoneux,Pluies,207.2,24.5,84.7,1,16.8
2021-10-03,2021,10,4,276,-0.866,0.5,Haut-Sassandra,Cacao,Argileux,Pluies,128.0,26.1,85.0,0,1.75
2022-11-24,2022,11,4,328,-0.5,0.866,Haut-Sassandra,Anacarde,Limoneux,Seche,71.6,27.1,78.9,0,0.37
2021-08-30,2021,8,3,242,-0.866,-0.5,Poro,Maïs,Sablonneux,Pluies,168.0,32.5,69.3,0,1.42
2024-05-24,2024,5,2,145,0.5,-0.866,Haut-Sassandra,Maïs,Argileux,Pluies,133.7,29.5,87.4,0,1.44
2024-06-28,2024,6,2,180,0.0,-1.0,Haut-Sassandra,Anacarde,Argileux,Pluies,178.2,24.2,92.0,0,0.61
2021-05-06,2021,5,2,126,0.5,-0.866,Haut-Sassandra,Cacao,Argileux,Pluies,204.8,24.8,87.1,1,1.61
2021-08-05,2021,8,3,217,-0.866,-0.5,Haut-Sassandra,Maïs,Argileux,Seche,28.7,31.5,79.3,1,1.13
2024-08-22,2024,8,3,235,-0.866,-0.5,Haut-Sassandra,Manioc,Argileux,Seche,39.0,29.6,76.2,0,11.7
2024-04-23,2024,4,2,114,0.866,-0.5,Nawa,Manioc,Argileux,Seche,32.8,33.3,69.1,1,10.97
2023-11-29,2023,11,4,333,-0.5,0.866,Nawa,Cacao,Sablonneux,Seche,23.5,27.2,56.3,0,1.14
2024-05-31,2024,5,2,152,0.5,-0.866,Haut-Sassandra,Cacao,Limoneux,Pluies,259.3,22.9,90.9,1,1.06
2024-04-22,2024,4,2,113,0.866,-0.5,Nawa,Anacarde,Argileux,Seche,32.4,26.9,70.5,1,0.34
2022-05-10,2022,5,2,130,0.5,-0.866,Nawa,Cacao,Limoneux,Pluies,194.6,27.0,86.1,1,1.4
2022-03-03,2022,3,1,62,1.0,0.0,Poro,Anacarde,Limoneux,Seche,8.5,34.7,35.8,0,0.82
2024-04-16,2024,4,2,107,0.866,-0.5,Nawa,Maïs,Argileux,Seche,42.5,27.4,61.7,1,1.24
2023-07-08,2023,7,3,189,-0.5,-0.866,Poro,Manioc,Sablonneux,Pluies,165.4,23.4,76.0,1,8.87
2024-12-22,2024,12,4,357,-0.0,1.0,Nawa,Manioc,Sablonneux,Seche,58.7,34.0,67.8,0,11.83
2024-08-10,2024,8,3,223,-0.866,-0.5,Nawa,Maïs,Limoneux,Seche,38.4,33.0,72.3,1,1.35
2021-05-31,2021,5,2,151,0.5,-0.866,Poro,Cacao,Limoneux,Seche,12.7,30.7,47.6,1,0.53
2022-01-19,2022,1,1,19,0.5,0.866,Poro,Anacarde,Sablonneux,Seche,14.5,33.2,52.6,0,0.8
2021-11-04,2021,11,4,308,-0.5,0.866,Nawa,Manioc,Argileux,Seche,38.7,29.5,63.0,0,12.57
2024-09-21,2024,9,3,265,-1.0,-0.0,Haut-Sassandra,Cacao,Limoneux,Pluies,147.0,24.9,85.7,1,1.64
2023-01-16,2023,1,1,16,0.5,0.866,Poro,Anacarde,Limoneux,Seche,19.3,28.7,50.6,0,0.75
2023-06-11,2023,6,2,162,0.0,-1.0,Nawa,Cacao,Limoneux,Pluies,264.6,23.6,89.4,1,1.18
2022-01-10,2022,1,1,10,0.5,0.866,Nawa,Cacao,Limoneux,Seche,6.7,32.4,73.8,0,1.24
2023-10-29,2023,10,4,302,-0.866,0.5,Haut-Sassandra,Cacao,Sablonneux,Pluies,210.6,26.5,85.2,0,1.55
2024-09-26,2024,9,3,270,-1.0,-0.0,Poro,Anacarde,Sablonneux,Pluies,165.6,30.4,69.2,0,0.81
2021-05-09,2021,5,2,129,0.5,-0.866,Haut-Sassandra,Manioc,Argileux,Pluies,163.2,25.2,91.1,1,16.16
2023-10-12,2023,10,4,285,-0.866,0.5,Nawa,Manioc,Sablonneux,Pluies,248.4,26.2,86.0,0,11.66
2022-10-31,2022,10,4,304,-0.866,0.5,Haut-Sassandra,Anacarde,Argileux,Pluies,227.0,25.1,85.4,0,0.58
2024-10-07,2024,10,4,281,-0.866,0.5,Nawa,Cacao,Argileux,Pluies,218.1,26.1,85.6,0,1.64
2024-10-13,2024,10,4,287,-0.866,0.5,Poro,Anacarde,Sablonneux,Seche,5.4,31.4,51.8,0,0.75
2022-06-01,2022,6,2,152,0.0,-1.0,Nawa,Cacao,Limoneux,Pluies,210.3,26.1,85.4,0,1.54
2021-03-27,2021,3,1,86,1.0,0.0,Haut-Sassandra,Maïs,Sablonneux,Seche,47.6,32.3,67.1,0,1.28
2024-04-13,2024,4,2,104,0.866,-0.5,Haut-Sassandra,Cacao,Limoneux,Seche,51.5,31.2,62.9,1,1.13
2024-05-01,2024,5,2,122,0.5,-0.866,Nawa,Cacao,Argileux,Pluies,162.9,24.5,84.8,1,1.79
2021-11-07,2021,11,4,311,-0.5,0.866,Haut-Sassandra,Maïs,Argileux,Seche,26.1,30.3,58.3,0,1.35
2024-02-17,2024,2,1,48,0.866,0.5,Haut-Sassandra,Manioc,Limoneux,Seche,61.4,28.9,59.9,0,11.7
2024-05-26,2024,5,2,147,0.5,-0.866,Nawa,Manioc,Argileux,Pluies,190.8,26.1,85.1,1,14.64
2022-03-03,2022,3,1,62,1.0,0.0,Haut-Sassandra,Manioc,Argileux,Seche,43.3,30.1,65.1,0,12.67
2024-12-08,2024,12,4,343,-0.0,1.0,Poro,Anacarde,Sablonneux,Seche,12.2,33.5,49.0,0,0.74
2021-04-24,2021,4,2,114,0.866,-0.5,Poro,Maïs,Sablonneux,Seche,21.9,32.4,39.6,0,1.29
2024-03-14,2024,3,1,74,1.0,0.0,Haut-Sassandra,Cacao,Limoneux,Seche,72.1,34.2,58.6,0,1.17
2021-10-30,2021,10,4,303,-0.866,0.5,Haut-Sassandra,Manioc,Argileux,Pluies,170.3,26.7,89.7,0,18.6
2023-01-14,2023,1,1,14,0.5,0.866,Poro,Cacao,Limoneux,Seche,18.2,33.8,43.3,0,0.62
2022-08-11,2022,8,3,223,-0.866,-0.5,Haut-Sassandra,Manioc,Argileux,Seche,34.2,30.2,71.1,1,10.42
2023-09-14,2023,9,3,257,-1.0,-0.0,Poro,Maïs,Sablonneux,Pluies,185.0,28.9,71.8,0,2.17
2021-12-11,2021,12,4,345,-0.0,1.0,Haut-Sassandra,Manioc,Limoneux,Seche,46.8,31.2,85.1,0,10.42
2023-03-25,2023,3,1,84,1.0,0.0,Poro,Anacarde,Sablonneux,Seche,12.8,33.1,54.3,0,0.72
2023-03-12,2023,3,1,71,1.0,0.0,Haut-Sassandra,Cacao,Sablonneux,Seche,75.0,27.9,65.9,0,1.0
2023-10-22,2023,10,4,295,-0.866,0.5,Poro,Maïs,Limoneux,Seche,28.1,33.7,29.9,0,1.38
2024-03-16,2024,3,1,76,1.0,0.0,Haut-Sassandra,Manioc,Limoneux,Seche,33.0,33.1,71.1,0,12.35
2024-08-03,2024,8,3,216,-0.866,-0.5,Haut-Sassandra,Cacao,Sablonneux,Seche,53.2,30.0,59.2,1,1.21
2023-12-13,2023,12,4,347,-0.0,1.0,Poro,Maïs,Limoneux,Seche,20.4,31.9,46.9,0,1.37
2024-08-20,2024,8,3,233,-0.866,-0.5,Poro,Anacarde,Argileux,Pluies,99.7,29.3,78.2,0,0.73
2023-12-29,2023,12,4,363,-0.0,1.0,Nawa,Cacao,Argileux,Seche,50.1,29.7,67.2,0,1.19
2021-12-27,2021,12,4,361,-0.0,1.0,Poro,Anacarde,Sablonneux,Seche,0.0,36.3,36.3,0,0.75
2024-05-28,2024,5,2,149,0.5,-0.866,Haut-Sassandra,Anacarde,Argileux,Pluies,146.6,26.9,93.6,1,0.53
2023-10-07,2023,10,4,280,-0.866,0.5,Haut-Sassandra,Cacao,Limoneux,Pluies,156.4,26.9,80.2,0,1.83
2022-12-05,2022,12,4,339,-0.0,1.0,Nawa,Manioc,Sablonneux,Seche,66.5,31.8,69.3,0,12.9
2022-07-29,2022,7,3,210,-0.5,-0.866,Haut-Sassandra,Manioc,Argileux,Pluies,228.8,27.4,84.9,0,17.62
2024-03-30,2024,3,1,90,1.0,0.0,Nawa,Maïs,Argileux,Seche,60.5,30.3,71.1,0,1.42
2024-01-18,2024,1,1,18,0.5,0.866,Haut-Sassandra,Cacao,Limoneux,Seche,53.6,24.3,72.3,0,1.05
2022-11-19,2022,11,4,323,-0.5,0.866,Nawa,Manioc,Limoneux,Seche,35.8,29.4,57.8,0,13.2
2023-02-20,2023,2,1,51,0.866,0.5,Nawa,Manioc,Argileux,Seche,40.0,26.2,69.4,0,12.1
2022-08-08,2022,8,3,220,-0.866,-0.5,Haut-Sassandra,Cacao,Limoneux,Seche,48.2,31.8,69.6,1,1.12
2022-08-12,2022,8,3,224,-0.866,-0.5,Poro,Manioc,Sablonneux,Pluies,128.7,25.8,75.4,0,8.3
2024-03-28,2024,3,1,88,1.0,0.0,Poro,Maïs,Sablonneux,Seche,17.6,34.6,48.8,0,1.38
2022-05-04,2022,5,2,124,0.5,-0.866,Haut-Sassandra,Cacao,Limoneux,Pluies,162.7,25.7,89.7,1,1.61
2023-08-29,2023,8,3,241,-0.866,-0.5,Poro,Maïs,Sablonneux,Pluies,181.1,29.6,73.9,0,1.18
2024-09-09,2024,9,3,253,-1.0,-0.0,Haut-Sassandra,Maïs,Argileux,Pluies,153.2,28.2,81.8,1,1.61
2024-11-05,2024,11,4,310,-0.5,0.866,Haut-Sassandra,Manioc,Limoneux,Seche,53.1,32.2,64.3,0,12.27
2024-01-31,2024,1,1,31,0.5,0.866,Nawa,Cacao,Limoneux,Seche,19.0,27.5,77.0,0,1.16
2022-05-09,2022,5,2,129,0.5,-0.866,Haut-Sassandra,Maïs,Argileux,Pluies,170.9,26.6,87.1,1,2.17
2021-01-19,2021,1,1,19,0.5,0.866,Poro,Anacarde,Argileux,Seche,3.3,33.5,40.4,0,0.8
2022-02-01,2022,2,1,32,0.866,0.5,Haut-Sassandra,Cacao,Argileux,Seche,44.1,31.7,76.7,0,1.21
2023-09-28,2023,9,3,271,-1.0,-0.0,Nawa,Cacao,Limoneux,Pluies,207.3,31.3,91.1,1,1.14
2024-07-26,2024,7,3,208,-0.5,-0.866,Poro,Anacarde,Argileux,Pluies,190.2,30.4,74.6,0,0.9
2023-05-01,2023,5,2,121,0.5,-0.866,Poro,Anacarde,Sablonneux,Seche,14.7,32.5,26.3,1,0.69
2024-10-20,2024,10,4,294,-0.866,0.5,Haut-Sassandra,Manioc,Argileux,Pluies,210.7,29.3,82.1,1,11.34
2024-09-16,2024,9,3,260,-1.0,-0.0,Haut-Sassandra,Cacao,Limoneux,Pluies,162.0,24.6,79.7,1,1.51
2024-09-29,2024,9,3,273,-1.0,-0.0,Haut-Sassandra,Cacao,Argileux,Pluies,154.3,28.4,86.9,1,1.68
2023-04-02,2023,4,2,92,0.866,-0.5,Nawa,Cacao,Argileux,Seche,45.9,26.4,66.7,1,1.18
2022-03-31,2022,3,1,90,1.0,0.0,Nawa,Manioc,Argileux,Seche,76.7,29.2,74.5,0,10.81
2022-12-26,2022,12,4,360,-0.0,1.0,Poro,Maïs,Limoneux,Seche,17.5,30.7,44.5,0,1.28
2023-12-25,2023,12,4,359,-0.0,1.0,Haut-Sassandra,Cacao,Argileux,Seche,39.3,29.1,66.2,0,1.1
2024-01-05,2024,1,1,5,0.5,0.866,Nawa,Manioc,Limoneux,Seche,67.6,30.8,62.5,0,11.8
2022-12-12,2022,12,4,346,-0.0,1.0,Nawa,Manioc,Argileux,Seche,35.5,33.6,71.4,0,12.67
2021-05-23,2021,5,2,143,0.5,-0.866,Nawa,Manioc,Argileux,Pluies,218.3,27.5,82.6,1,19.03
2023-07-06,2023,7,3,187,-0.5,-0.866,Haut-Sassandra,Maïs,Limoneux,Pluies,200.2,25.0,86.5,0,1.68
2023-04-08,2023,4,2,98,0.866,-0.5,Nawa,Cacao,Limoneux,Seche,47.2,35.2,64.1,1,1.1
2022-08-28,2022,8,3,240,-0.866,-0.5,Haut-Sassandra,Manioc,Argileux,Seche,60.4,28.1,59.9,1,12.06
2024-12-11,2024,12,4,346,-0.0,1.0,Haut-Sassandra,Cacao,Limoneux,Seche,52.1,34.1,70.7,0,0.95
2021-11-01,2021,11,4,305,-0.5,0.866,Nawa,Maïs,Limoneux,Seche,14.1,28.1,66.2,0,1.2
2023-01-06,2023,1,1,6,0.5,0.866,Nawa,Cacao,Sablonneux,Seche,46.5,31.1,71.1,0,1.16
2021-10-18,2021,10,4,291,-0.866,0.5,Haut-Sassandra,Manioc,Argileux,Pluies,139.7,25.5,81.5,0,15.97
2021-04-12,2021,4,2,102,0.866,-0.5,Nawa,Cacao,Argileux,Seche,73.5,29.4,71.6,1,1.12
2024-07-14,2024,7,3,196,-0.5,-0.866,Haut-Sassandra,Maïs,Argileux,Pluies,216.0,25.0,86.7,0,1.76
2023-05-17,2023,5,2,137,0.5,-0.866,Nawa,Maïs,Argileux,Pluies,145.7,29.6,88.2,1,1.17
2023-08-26,2023,8,3,238,-0.866,-0.5,Haut-Sassandra,Anacarde,Argileux,Seche,10.7,32.6,60.8,1,0.42
2023-09-01,2023,9,3,244,-1.0,-0.0,Haut-Sassandra,Manioc,Argileux,Pluies,262.8,26.7,86.2,1,10.85
2023-04-22,2023,4,2,112,0.866,-0.5,Poro,Anacarde,Limoneux,Seche,5.8,36.8,33.9,0,0.71
2023-08-20,2023,8,3,232,-0.866,-0.5,Haut-Sassandra,Manioc,Argileux,Seche,42.4,29.2,73.7,1,11.0
2023-07-31,2023,7,3,212,-0.5,-0.866,Haut-Sassandra,Cacao,Argileux,Pluies,167.6,24.9,85.4,0,1.83
2023-10-24,2023,10,4,297,-0.866,0.5,Haut-Sassandra,Maïs,Limoneux,Pluies,182.9,28.6,89.8,0,1.83
2021-03-26,2021,3,1,85,1.0,0.0,Nawa,Cacao,Limoneux,Seche,49.1,33.9,62.4,0,1.17
2021-11-24,2021,11,4,328,-0.5,0.866,Haut-Sassandra,Manioc,Argileux,Seche,79.8,32.4,75.6,0,13.27
2023-03-27,2023,3,1,86,1.0,0.0,Haut-Sassandra,Manioc,Argileux,Seche,29.5,29.0,70.0,0,10.92
2022-03-30,2022,3,1,89,1.0,0.0,Nawa,Cacao,Sablonneux,Seche,29.8,27.3,70.3,0,1.29
2022-09-21,2022,9,3,264,-1.0,-0.0,Haut-Sassandra,Cacao,Argileux,Pluies,190.1,27.6,89.3,1,1.62
2024-05-29,2024,5,2,150,0.5,-0.866,Nawa,Manioc,Limoneux,Pluies,224.3,27.7,90.3,1,17.26
2024-03-23,2024,3,1,83,1.0,0.0,Nawa,Manioc,Sablonneux,Seche,20.4,31.6,81.0,0,11.26
2022-10-27,2022,10,4,300,-0.866,0.5,Poro,Manioc,Limoneux,Seche,8.8,35.3,51.3,0,6.01
2021-01-12,2021,1,1,12,0.5,0.866,Haut-Sassandra,Cacao,Limoneux,Seche,54.2,25.9,68.6,0,1.06
2024-03-02,2024,3,1,62,1.0,0.0,Nawa,Cacao,Limoneux,Seche,77.7,29.9,55.9,0,1.15
2021-10-31,2021,10,4,304,-0.866,0.5,Nawa,Manioc,Limoneux,Pluies,146.1,28.5,93.8,0,16.12
2024-08-09,2024,8,3,222,-0.866,-0.5,Haut-Sassandra,Manioc,Limoneux,Seche,19.1,29.7,59.2,1,10.98
2023-09-02,2023,9,3,245,-1.0,-0.0,Nawa,Manioc,Argileux,Pluies,161.2,26.3,84.2,1,17.25
2024-08-16,2024,8,3,229,-0.866,-0.5,Haut-Sassandra,Manioc,Limoneux,Seche,24.7,33.5,74.4,1,12.11
2023-02-22,2023,2,1,53,0.866,0.5,Nawa,Cacao,Argileux,Seche,41.6,25.1,64.8,0,1.17
2021-02-12,2021,2,1,43,0.866,0.5,Haut-Sassandra,Cacao,Limoneux,Seche,40.7,31.1,70.8,0,1.03
2023-08-02,2023,8,3,214,-0.866,-0.5,Nawa,Cacao,Limoneux,Seche,45.2,33.3,70.3,1,1.14
2021-12-09,2021,12,4,343,-0.0,1.0,Haut-Sassandra,Cacao,Argileux,Seche,47.2,31.3,69.7,0,1.08
2024-09-11,2024,9,3,255,-1.0,-0.0,Poro,Anacarde,Sablonneux,Pluies,114.4,26.5,76.7,0,1.2
2022-05-13,2022,5,2,133,0.5,-0.866,Haut-Sassandra,Cacao,Argileux,Pluies,255.4,25.0,86.6,1,1.12
2021-12-30,2021,12,4,364,-0.0,1.0,Nawa,Manioc,Limoneux,Seche,48.2,29.0,71.7,0,11.59
2023-06-10,2023,6,2,161,0.0,-1.0,Poro,Anacarde,Sablonneux,Pluies,155.3,30.8,69.8,1,0.75
2022-03-03,2022,3,1,62,1.0,0.0,Nawa,Cacao,Argileux,Seche,59.4,33.3,73.1,1,1.2
2023-10-02,2023,10,4,275,-0.866,0.5,Haut-Sassandra,Maïs,Sablonneux,Pluies,246.7,27.5,95.9,0,1.46
2021-01-21,2021,1,1,21,0.5,0.866,Nawa,Manioc,Argileux,Seche,14.3,32.9,70.2,0,12.81
2022-02-11,2022,2,1,42,0.866,0.5,Poro,Manioc,Limoneux,Seche,2.1,32.4,32.4,0,6.33
2022-09-11,2022,9,3,254,-1.0,-0.0,Nawa,Maïs,Argileux,Pluies,202.9,25.4,88.6,1,1.81
2023-10-12,2023,10,4,285,-0.866,0.5,Poro,Anacarde,Limoneux,Seche,26.3,32.1,49.8,0,0.89
2021-12-02,2021,12,4,336,-0.0,1.0,Nawa,Cacao,Limoneux,Seche,46.2,31.1,75.2,0,1.14
2024-02-15,2024,2,1,46,0.866,0.5,Nawa,Manioc,Argileux,Seche,88.0,31.9,72.7,1,11.27
2024-02-22,2024,2,1,53,0.866,0.5,Poro,Anacarde,Argileux,Seche,11.8,37.0,43.7,0,0.73
2022-02-03,2022,2,1,34,0.866,0.5,Haut-Sassandra,Manioc,Argileux,Seche,83.0,26.8,66.4,0,12.02
2023-03-04,2023,3,1,63,1.0,0.0,Poro,Cacao,Limoneux,Seche,28.0,35.8,32.8,0,0.54
2022-12-16,2022,12,4,350,-0.0,1.0,Nawa,Manioc,Argileux,Seche,37.9,32.4,70.5,0,11.83
2021-02-20,2021,2,1,51,0.866,0.5,Poro,Manioc,Sablonneux,Seche,3.0,32.8,27.3,0,5.97
2021-11-20,2021,11,4,324,-0.5,0.866,Poro,Anacarde,Limoneux,Seche,23.6,27.7,43.9,0,0.71
2023-02-28,2023,2,1,59,0.866,0.5,Haut-Sassandra,Cacao,Sablonneux,Seche,38.8,32.4,71.5,0,1.38
2021-05-21,2021,5,2,141,0.5,-0.866,Poro,Maïs,Limoneux,Seche,14.3,35.5,52.9,1,1.17
2022-04-15,2022,4,2,105,0.866,-0.5,Poro,Manioc,Sablonneux,Seche,0.0,32.6,41.9,0,5.61
2023-02-26,2023,2,1,57,0.866,0.5,Nawa,Cacao,Limoneux,Seche,55.8,27.1,65.8,0,1.16
2024-09-19,2024,9,3,263,-1.0,-0.0,Nawa,Cacao,Argileux,Pluies,93.6,28.2,83.1,1,1.04
2023-08-22,2023,8,3,234,-0.866,-0.5,Haut-Sassandra,Maïs,Sablonneux,Seche,42.1,32.4,56.5,1,1.28
2023-10-05,2023,10,4,278,-0.866,0.5,Poro,Anacarde,Sablonneux,Seche,10.9,36.3,53.3,0,0.84
2022-01-08,2022,1,1,8,0.5,0.866,Nawa,Cacao,Argileux,Seche,69.2,34.7,74.4,0,1.06
2022-05-09,2022,5,2,129,0.5,-0.866,Nawa,Maïs,Argileux,Pluies,230.8,27.0,92.0,1,1.29
2023-01-21,2023,1,1,21,0.5,0.866,Nawa,Manioc,Limoneux,Seche,60.4,31.0,69.3,0,9.8
2024-03-25,2024,3,1,85,1.0,0.0,Haut-Sassandra,Cacao,Argileux,Seche,24.8,32.8,71.1,0,1.26
2021-10-18,2021,10,4,291,-0.866,0.5,Nawa,Manioc,Limoneux,Pluies,163.4,27.1,87.9,0,18.18
2024-03-13,2024,3,1,73,1.0,0.0,Haut-Sassandra,Cacao,Limoneux,Seche,7.1,29.6,73.4,0,1.2
2021-04-16,2021,4,2,106,0.866,-0.5,Haut-Sassandra,Cacao,Argileux,Seche,52.4,29.1,75.8,1,1.14
2024-12-14,2024,12,4,349,-0.0,1.0,Nawa,Cacao,Argileux,Seche,96.3,31.1,73.5,0,1.21
2022-11-01,2022,11,4,305,-0.5,0.866,Nawa,Manioc,Limoneux,Seche,56.9,29.7,71.0,0,11.8
2021-01-02,2021,1,1,2,0.5,0.866,Nawa,Manioc,Argileux,Seche,61.4,30.4,59.5,0,12.3
2022-08-12,2022,8,3,224,-0.866,-0.5,Nawa,Maïs,Limoneux,Seche,1.7,31.0,76.9,1,1.29
2022-10-06,2022,10,4,279,-0.866,0.5,Haut-Sassandra,Manioc,Limoneux,Pluies,185.1,26.0,86.8,0,16.55
2021-03-31,2021,3,1,90,1.0,0.0,Poro,Anacarde,Sablonneux,Seche,0.0,31.4,47.5,0,0.78
2024-09-30,2024,9,3,274,-1.0,-0.0,Poro,Maïs,Sablonneux,Pluies,152.6,30.6,79.8,0,1.28
2021-12-16,2021,12,4,350,-0.0,1.0,Haut-Sassandra,Cacao,Limoneux,Seche,23.5,28.8,67.3,0,1.14
2024-07-10,2024,7,3,192,-0.5,-0.866,Haut-Sassandra,Cacao,Argileux,Pluies,210.8,26.9,85.8,0,1.7
2024-10-06,2024,10,4,280,-0.866,0.5,Haut-Sassandra,Cacao,Limoneux,Pluies,178.4,26.3,89.1,0,1.54
2024-02-06,2024,2,1,37,0.866,0.5,Nawa,Cacao,Limoneux,Seche,45.2,28.3,61.4,0,1.11
2023-11-29,2023,11,4,333,-0.5,0.866,Nawa,Manioc,Limoneux,Seche,61.1,31.9,64.8,0,12.52
2023-06-28,2023,6,2,179,0.0,-1.0,Haut-Sassandra,Cacao,Limoneux,Pluies,194.0,27.9,86.7,0,1.48
2021-06-08,2021,6,2,159,0.0,-1.0,Nawa,Cacao,Sablonneux,Pluies,194.3,27.4,88.0,0,1.66
2023-08-17,2023,8,3,229,-0.866,-0.5,Haut-Sassandra,Maïs,Argileux,Seche,45.9,30.7,66.4,1,1.32
2021-11-08,2021,11,4,312,-0.5,0.866,Poro,Manioc,Sablonneux,Seche,15.3,33.0,45.3,0,5.81
2024-06-18,2024,6,2,170,0.0,-1.0,Poro,Anacarde,Limoneux,Pluies,135.0,29.2,74.9,1,0.61
2022-03-21,2022,3,1,80,1.0,0.0,Nawa,Cacao,Limoneux,Seche,36.7,28.4,74.7,0,1.17
2021-10-25,2021,10,4,298,-0.866,0.5,Haut-Sassandra,Cacao,Limoneux,Pluies,144.1,27.8,82.9,0,1.5
2023-08-10,2023,8,3,222,-0.866,-0.5,Poro,Manioc,Argileux,Pluies,137.2,28.9,76.1,0,8.34
2021-02-05,2021,2,1,36,0.866,0.5,Haut-Sassandra,Cacao,Argileux,Seche,48.0,29.6,64.3,0,1.11
2024-01-13,2024,1,1,13,0.5,0.866,Nawa,Cacao,Limoneux,Seche,33.2,32.8,74.9,0,1.24
2024-11-09,2024,11,4,314,-0.5,0.866,Haut-Sassandra,Anacarde,Limoneux,Seche,34.8,26.6,65.9,0,0.39
2024-04-10,2024,4,2,101,0.866,-0.5,Haut-Sassandra,Cacao,Limoneux,Seche,88.1,28.5,61.8,1,1.11
2024-10-31,2024,10,4,305,-0.866,0.5,Haut-Sassandra,Manioc,Argileux,Pluies,201.2,26.8,80.5,0,17.57
2024-10-17,2024,10,4,291,-0.866,0.5,Nawa,Cacao,Limoneux,Pluies,168.2,27.6,84.3,0,1.6
2022-07-13,2022,7,3,194,-0.5,-0.866,Haut-Sassandra,Cacao,Argileux,Pluies,191.8,28.4,87.8,0,1.55
2023-06-10,2023,6,2,161,0.0,-1.0,Nawa,Manioc,Limoneux,Pluies,200.1,26.5,81.5,0,16.76
2021-05-21,2021,5,2,141,0.5,-0.866,Poro,Anacarde,Argileux,Seche,21.3,33.6,49.9,1,0.87
2023-06-06,2023,6,2,157,0.0,-1.0,Nawa,Manioc,Argileux,Pluies,205.5,27.8,85.9,0,18.65
2024-02-16,2024,2,1,47,0.866,0.5,Haut-Sassandra,Cacao,Limoneux,Seche,38.0,23.6,75.5,0,1.21
2024-07-24,2024,7,3,206,-0.5,-0.866,Poro,Anacarde,Limoneux,Pluies,153.9,30.2,63.2,0,0.84
2022-12-27,2022,12,4,361,-0.0,1.0,Haut-Sassandra,Cacao,Argileux,Seche,24.0,29.7,64.7,0,1.09
2024-05-28,2024,5,2,149,0.5,-0.866,Nawa,Maïs,Limoneux,Pluies,225.0,27.3,79.6,1,2.19
2023-11-16,2023,11,4,320,-0.5,0.866,Nawa,Maïs,Argileux,Seche,41.0,33.3,74.7,0,1.28
2022-06-05,2022,6,2,156,0.0,-1.0,Haut-Sassandra,Manioc,Limoneux,Pluies,174.3,25.0,83.0,0,16.88
2021-01-10,2021,1,1,10,0.5,0.866,Haut-Sassandra,Manioc,Limoneux,Seche,44.5,30.7,70.9,0,11.6
2023-09-11,2023,9,3,254,-1.0,-0.0,Nawa,Cacao,Limoneux,Pluies,235.4,28.7,79.1,1,1.1
2022-01-13,2022,1,1,13,0.5,0.866,Nawa,Cacao,Limoneux,Seche,15.6,29.7,60.8,0,1.19
2022-11-13,2022,11,4,317,-0.5,0.866,Poro,Maïs,Sablonneux,Seche,10.5,31.0,51.7,0,1.45
2022-08-07,2022,8,3,219,-0.866,-0.5,Nawa,Cacao,Limoneux,Seche,32.7,27.2,61.3,1,1.03
2021-06-01,2021,6,2,152,0.0,-1.0,Poro,Anacarde,Limoneux,Pluies,136.4,26.3,71.0,1,0.94
2022-12-21,2022,12,4,355,-0.0,1.0,Nawa,Manioc,Limoneux,Seche,62.0,32.1,74.4,0,12.02
2023-12-09,2023,12,4,343,-0.0,1.0,Haut-Sassandra,Cacao,Argileux,Seche,36.4,32.6,75.7,0,1.2
2024-03-23,2024,3,1,83,1.0,0.0,Poro,Maïs,Limoneux,Seche,18.6,35.7,44.3,0,1.33
2023-05-09,2023,5,2,129,0.5,-0.866,Nawa,Cacao,Argileux,Pluies,220.7,27.3,81.8,1,1.86
2024-08-09,2024,8,3,222,-0.866,-0.5,Haut-Sassandra,Manioc,Sablonneux,Seche,39.0,28.8,69.4,1,10.54
2021-02-19,2021,2,1,50,0.866,0.5,Nawa,Maïs,Limoneux,Seche,56.5,30.9,74.3,0,1.25
2022-10-26,2022,10,4,299,-0.866,0.5,Haut-Sassandra,Cacao,Argileux,Pluies,227.9,25.8,92.4,0,1.67
2022-06-15,2022,6,2,166,0.0,-1.0,Nawa,Manioc,Limoneux,Pluies,263.9,27.4,88.6,0,11.01
2023-12-20,2023,12,4,354,-0.0,1.0,Haut-Sassandra,Cacao,Argileux,Seche,85.2,29.4,73.4,0,1.08
2024-04-05,2024,4,2,96,0.866,-0.5,Poro,Manioc,Limoneux,Seche,7.5,36.6,43.1,0,6.04
2024-05-10,2024,5,2,131,0.5,-0.866,Poro,Manioc,Sablonneux,Seche,16.1,31.5,43.2,1,6.41
2023-05-07,2023,5,2,127,0.5,-0.866,Poro,Anacarde,Sablonneux,Seche,23.7,33.3,48.0,1,0.83
2021-05-26,2021,5,2,146,0.5,-0.866,Nawa,Manioc,Argileux,Pluies,180.3,24.5,88.3,1,17.27
2023-07-04,2023,7,3,185,-0.5,-0.866,Haut-Sassandra,Anacarde,Argileux,Pluies,220.9,25.4,83.3,0,0.57
2023-09-20,2023,9,3,263,-1.0,-0.0,Haut-Sassandra,Cacao,Limoneux,Pluies,259.4,27.0,81.8,1,1.12
2021-08-30,2021,8,3,242,-0.866,-0.5,Haut-Sassandra,Cacao,Argileux,Seche,38.2,29.3,66.1,1,1.12
2022-08-04,2022,8,3,216,-0.866,-0.5,Poro,Manioc,Sablonneux,Pluies,121.5,30.9,75.2,0,5.6
2022-11-18,2022,11,4,322,-0.5,0.866,Poro,Anacarde,Sablonneux,Seche,15.1,29.2,30.5,0,0.79
2022-04-28,2022,4,2,118,0.866,-0.5,Nawa,Cacao,Argileux,Seche,73.5,31.1,45.9,0,1.23
2024-02-06,2024,2,1,37,0.866,0.5,Haut-Sassandra,Cacao,Limoneux,Seche,30.1,33.7,69.1,0,1.09
2024-06-03,2024,6,2,155,0.0,-1.0,Nawa,Cacao,Limoneux,Pluies,197.7,23.9,89.3,0,1.62
2022-11-04,2022,11,4,308,-0.5,0.866,Haut-Sassandra,Maïs,Limoneux,Seche,4.1,31.9,67.6,0,1.23
2022-09-23,2022,9,3,266,-1.0,-0.0,Nawa,Manioc,Argileux,Pluies,153.7,29.3,84.0,1,12.49
2022-10-23,2022,10,4,296,-0.866,0.5,Haut-Sassandra,Anacarde,Limoneux,Pluies,192.1,26.1,94.8,0,0.58
2022-10-24,2022,10,4,297,-0.866,0.5,Haut-Sassandra,Maïs,Limoneux,Pluies,166.5,23.9,87.6,0,1.84
2024-12-26,2024,12,4,361,-0.0,1.0,Nawa,Manioc,Limoneux,Seche,58.8,30.6,54.1,0,12.95
2023-03-16,2023,3,1,75,1.0,0.0,Haut-Sassandra,Cacao,Limoneux,Seche,43.6,31.2,56.3,0,1.15
2022-02-23,2022,2,1,54,0.866,0.5,Nawa,Cacao,Sablonneux,Seche,50.9,30.8,68.9,0,1.3
2023-09-15,2023,9,3,258,-1.0,-0.0,Poro,Anacarde,Sablonneux,Pluies,215.9,26.7,75.5,0,0.9
2024-03-29,2024,3,1,89,1.0,0.0,Poro,Anacarde,Sablonneux,Seche,6.2,34.8,40.6,0,0.79
2022-10-12,2022,10,4,285,-0.866,0.5,Haut-Sassandra,Manioc,Argileux,Pluies,167.7,23.1,86.5,0,16.88
2023-08-27,2023,8,3,239,-0.866,-0.5,Haut-Sassandra,Cacao,Limoneux,Seche,39.9,27.2,66.3,1,1.13
2022-08-13,2022,8,3,225,-0.866,-0.5,Haut-Sassandra,Cacao,Sablonneux,Seche,44.4,29.9,74.9,1,1.13
2024-01-06,2024,1,1,6,0.5,0.866,Haut-Sassandra,Cacao,Sablonneux,Seche,23.6,27.3,80.0,0,1.03
2022-05-24,2022,5,2,144,0.5,-0.866,Haut-Sassandra,Cacao,Limoneux,Pluies,205.9,23.8,81.7,1,1.77
2022-03-17,2022,3,1,76,1.0,0.0,Nawa,Manioc,Argileux,Seche,61.9,27.0,58.8,0,10.73
2024-07-01,2024,7,3,183,-0.5,-0.866,Poro,Anacarde,Argileux,Pluies,184.5,28.6,74.9,0,1.1
2023-07-10,2023,7,3,191,-0.5,-0.866,Haut-Sassandra,Manioc,Argileux,Pluies,224.2,24.1,82.9,0,15.71
2023-02-09,2023,2,1,40,0.866,0.5,Nawa,Cacao,Sablonneux,Seche,27.6,31.8,72.9,0,1.08
2024-09-05,2024,9,3,249,-1.0,-0.0,Haut-Sassandra,Maïs,Argileux,Pluies,194.5,30.2,89.5,1,1.33
2021-09-20,2021,9,3,263,-1.0,-0.0,Haut-Sassandra,Maïs,Argileux,Pluies,234.0,27.1,91.8,1,1.23
2024-10-29,2024,10,4,303,-0.866,0.5,Poro,Anacarde,Limoneux,Seche,17.3,27.6,32.0,0,0.7
2022-09-29,2022,9,3,272,-1.0,-0.0,Poro,Maïs,Argileux,Pluies,169.9,31.0,74.1,0,1.44
2024-04-05,2024,4,2,96,0.866,-0.5,Nawa,Maïs,Argileux,Seche,29.4,32.9,67.8,1,1.46
2022-04-04,2022,4,2,94,0.866,-0.5,Haut-Sassandra,Cacao,Argileux,Seche,29.6,28.5,67.4,1,1.06
2023-09-26,2023,9,3,269,-1.0,-0.0,Poro,Manioc,Sablonneux,Pluies,164.5,30.7,76.3,0,5.06
2024-07-27,2024,7,3,209,-0.5,-0.866,Haut-Sassandra,Manioc,Limoneux,Pluies,227.2,27.0,86.5,0,18.24
2022-12-01,2022,12,4,335,-0.0,1.0,Nawa,Cacao,Limoneux,Seche,36.2,27.4,63.8,1,1.12
2021-10-29,2021,10,4,302,-0.866,0.5,Nawa,Manioc,Argileux,Pluies,203.1,28.9,84.4,0,16.11
2024-05-26,2024,5,2,147,0.5,-0.866,Nawa,Maïs,Limoneux,Pluies,242.8,26.7,83.2,1,1.23
2024-01-31,2024,1,1,31,0.5,0.866,Poro,Anacarde,Limoneux,Seche,15.3,35.0,50.5,0,0.79
2022-07-08,2022,7,3,189,-0.5,-0.866,Haut-Sassandra,Cacao,Sablonneux,Pluies,226.3,26.2,86.7,0,1.67
2021-10-15,2021,10,4,288,-0.866,0.5,Nawa,Manioc,Argileux,Pluies,157.8,27.1,86.4,0,15.08
2024-04-05,2024,4,2,96,0.866,-0.5,Nawa,Cacao,Sablonneux,Seche,39.4,27.5,64.8,1,1.1
2022-09-13,2022,9,3,256,-1.0,-0.0,Nawa,Cacao,Limoneux,Pluies,196.1,27.9,90.6,1,1.71
2023-10-03,2023,10,4,276,-0.866,0.5,Nawa,Cacao,Argileux,Pluies,101.1,25.9,83.9,0,1.19
2021-02-05,2021,2,1,36,0.866,0.5,Poro,Maïs,Sablonneux,Seche,4.3,34.0,39.0,0,1.24
2023-01-14,2023,1,1,14,0.5,0.866,Poro,Anacarde,Limoneux,Seche,10.7,30.8,43.1,0,0.79
2021-12-19,2021,12,4,353,-0.0,1.0,Poro,Anacarde,Sablonneux,Seche,8.9,29.9,38.4,0,0.7
2021-03-14,2021,3,1,73,1.0,0.0,Haut-Sassandra,Cacao,Limoneux,Seche,34.0,32.9,64.3,0,1.11
2022-10-10,2022,10,4,283,-0.866,0.5,Haut-Sassandra,Cacao,Limoneux,Pluies,243.7,27.2,80.2,0,0.96
2024-10-08,2024,10,4,282,-0.866,0.5,Haut-Sassandra,Cacao,Limoneux,Pluies,237.5,27.2,89.1,0,1.21
2023-12-30,2023,12,4,364,-0.0,1.0,Poro,Maïs,Limoneux,Seche,0.0,34.1,52.5,0,1.49
2022-03-01,2022,3,1,60,1.0,0.0,Poro,Maïs,Argileux,Seche,19.0,34.6,56.9,0,1.3
2023-09-26,2023,9,3,269,-1.0,-0.0,Poro,Manioc,Sablonneux,Pluies,168.7,29.6,65.6,0,6.06
2022-12-09,2022,12,4,343,-0.0,1.0,Nawa,Cacao,Sablonneux,Seche,46.0,31.7,71.5,0,1.16
2022-07-15,2022,7,3,196,-0.5,-0.866,Poro,Anacarde,Sablonneux,Pluies,254.7,25.9,62.7,0,0.74
2023-04-08,2023,4,2,98,0.866,-0.5,Nawa,Manioc,Argileux,Seche,38.7,31.6,75.3,1,12.42
2023-08-14,2023,8,3,226,-0.866,-0.5,Nawa,Cacao,Argileux,Seche,78.9,27.0,72.6,1,1.06
2022-06-01,2022,6,2,152,0.0,-1.0,Nawa,Maïs,Limoneux,Pluies,218.9,27.7,86.7,0,1.96
2022-03-04,2022,3,1,63,1.0,0.0,Poro,Anacarde,Argileux,Seche,10.5,34.9,39.7,0,0.75
2021-06-09,2021,6,2,160,0.0,-1.0,Nawa,Maïs,Sablonneux,Pluies,144.9,25.5,83.6,0,1.9
2021-05-29,2021,5,2,149,0.5,-0.866,Nawa,Cacao,Limoneux,Pluies,202.4,25.7,87.0,1,1.62
2023-02-15,2023,2,1,46,0.866,0.5,Poro,Anacarde,Sablonneux,Seche,21.1,35.8,32.0,0,0.76
2024-06-07,2024,6,2,159,0.0,-1.0,Poro,Manioc,Argileux,Pluies,183.2,27.2,74.6,1,9.41
2021-03-08,2021,3,1,67,1.0,0.0,Poro,Anacarde,Sablonneux,Seche,12.3,34.9,41.9,0,0.78
2023-10-11,2023,10,4,284,-0.866,0.5,Poro,Anacarde,Limoneux,Seche,11.6,37.7,46.9,0,0.72
2022-01-16,2022,1,1,16,0.5,0.866,Haut-Sassandra,Anacarde,Limoneux,Seche,44.0,29.3,69.2,0,0.46
2021-02-27,2021,2,1,58,0.866,0.5,Haut-Sassandra,Manioc,Sablonneux,Seche,45.5,32.0,68.7,0,9.96
2024-07-06,2024,7,3,188,-0.5,-0.866,Poro,Anacarde,Sablonneux,Pluies,193.3,30.6,81.0,0,0.93
2021-12-08,2021,12,4,342,-0.0,1.0,Poro,Anacarde,Argileux,Seche,18.4,33.9,40.0,0,0.7
2024-02-28,2024,2,1,59,0.866,0.5,Poro,Anacarde,Sablonneux,Seche,5.6,34.7,39.3,0,0.77
2022-12-28,2022,12,4,362,-0.0,1.0,Nawa,Manioc,Limoneux,Seche,45.4,29.7,59.4,0,12.65
2024-04-10,2024,4,2,101,0.866,-0.5,Nawa,Cacao,Limoneux,Seche,80.8,31.1,64.8,1,1.05
2023-02-09,2023,2,1,40,0.866,0.5,Nawa,Cacao,Limoneux,Seche,37.6,30.3,61.4,0,1.08
2022-09-06,2022,9,3,249,-1.0,-0.0,Haut-Sassandra,Manioc,Limoneux,Pluies,127.4,28.0,81.9,1,14.9
2024-05-17,2024,5,2,138,0.5,-0.866,Nawa,Cacao,Limoneux,Pluies,214.3,25.0,87.3,1,1.52
2021-12-20,2021,12,4,354,-0.0,1.0,Nawa,Maïs,Argileux,Seche,85.3,30.5,71.2,1,1.32
2021-04-26,2021,4,2,116,0.866,-0.5,Haut-Sassandra,Maïs,Sablonneux,Seche,25.0,28.3,61.5,1,1.2
2024-07-11,2024,7,3,193,-0.5,-0.866,Haut-Sassandra,Cacao,Sablonneux,Pluies,182.5,27.5,91.4,0,1.77
2022-10-24,2022,10,4,297,-0.866,0.5,Haut-Sassandra,Manioc,Argileux,Pluies,226.7,25.5,87.7,0,17.34
2022-03-29,2022,3,1,88,1.0,0.0,Haut-Sassandra,Cacao,Sablonneux,Seche,55.3,29.7,85.5,0,1.09
2021-10-14,2021,10,4,287,-0.866,0.5,Nawa,Cacao,Limoneux,Pluies,178.7,23.4,89.3,0,1.75
2024-08-19,2024,8,3,232,-0.866,-0.5,Poro,Maïs,Sablonneux,Pluies,161.0,28.3,75.4,0,1.75
2023-10-14,2023,10,4,287,-0.866,0.5,Haut-Sassandra,Maïs,Argileux,Pluies,210.5,26.1,84.9,0,1.84
2021-11-07,2021,11,4,311,-0.5,0.866,Haut-Sassandra,Manioc,Limoneux,Seche,53.8,29.1,67.2,0,13.03
2021-07-27,2021,7,3,208,-0.5,-0.866,Haut-Sassandra,Cacao,Argileux,Pluies,179.4,26.5,89.7,0,1.65
2022-09-10,2022,9,3,253,-1.0,-0.0,Haut-Sassandra,Manioc,Argileux,Pluies,172.8,27.7,85.6,1,17.68
2022-03-22,2022,3,1,81,1.0,0.0,Poro,Maïs,Sablonneux,Seche,16.6,28.9,41.2,0,1.18
2022-11-01,2022,11,4,305,-0.5,0.866,Nawa,Maïs,Limoneux,Seche,70.7,30.0,69.1,0,1.19
2022-09-25,2022,9,3,268,-1.0,-0.0,Haut-Sassandra,Cacao,Argileux,Pluies,137.7,28.3,81.3,1,1.82
2021-02-24,2021,2,1,55,0.866,0.5,Haut-Sassandra,Manioc,Argileux,Seche,101.6,29.0,62.2,0,11.47
2023-07-01,2023,7,3,182,-0.5,-0.866,Poro,Maïs,Sablonneux,Pluies,167.2,30.0,78.5,0,1.29
2023-11-02,2023,11,4,306,-0.5,0.866,Nawa,Manioc,Argileux,Seche,72.9,32.5,73.0,0,12.36
2022-10-19,2022,10,4,292,-0.866,0.5,Haut-Sassandra,Maïs,Argileux,Pluies,164.3,23.6,88.1,0,2.01
2024-11-24,2024,11,4,329,-0.5,0.866,Poro,Anacarde,Sablonneux,Seche,23.5,35.4,47.2,0,0.79
2023-09-07,2023,9,3,250,-1.0,-0.0,Haut-Sassandra,Cacao,Sablonneux,Pluies,210.7,30.3,87.2,1,1.02
2022-05-30,2022,5,2,150,0.5,-0.866,Nawa,Manioc,Limoneux,Pluies,227.1,22.9,86.9,1,10.43
2021-08-25,2021,8,3,237,-0.866,-0.5,Haut-Sassandra,Cacao,Limoneux,Seche,32.1,31.8,67.5,1,1.07
2024-07-26,2024,7,3,208,-0.5,-0.866,Poro,Anacarde,Limoneux,Pluies,189.6,24.9,73.1,0,1.17
2021-12-14,2021,12,4,348,-0.0,1.0,Poro,Anacarde,Argileux,Seche,12.1,34.9,34.1,0,0.71
2022-09-19,2022,9,3,262,-1.0,-0.0,Poro,Cacao,Limoneux,Pluies,206.8,28.8,70.6,0,0.71
2024-02-02,2024,2,1,33,0.866,0.5,Nawa,Cacao,Argileux,Seche,58.4,29.8,65.3,0,1.16
2022-09-22,2022,9,3,265,-1.0,-0.0,Poro,Anacarde,Argileux,Pluies,171.1,28.8,82.0,0,1.19
2024-06-25,2024,6,2,177,0.0,-1.0,Haut-Sassandra,Cacao,Sablonneux,Pluies,191.2,26.9,92.0,0,1.61
2021-12-30,2021,12,4,364,-0.0,1.0,Poro,Anacarde,Sablonneux,Seche,21.7,36.0,29.2,0,0.77
2021-11-17,2021,11,4,321,-0.5,0.866,Nawa,Cacao,Argileux,Seche,52.2,31.9,63.5,0,1.15
2021-10-13,2021,10,4,286,-0.866,0.5,Haut-Sassandra,Maïs,Argileux,Pluies,189.2,28.8,90.4,0,1.76
2021-05-29,2021,5,2,149,0.5,-0.866,Haut-Sassandra,Cacao,Limoneux,Pluies,130.9,26.4,90.3,1,1.79
2024-01-13,2024,1,1,13,0.5,0.866,Poro,Manioc,Sablonneux,Seche,12.1,28.5,38.3,0,5.68
2022-02-10,2022,2,1,41,0.866,0.5,Nawa,Cacao,Limoneux,Seche,41.6,30.9,74.3,0,0.97
2023-09-05,2023,9,3,248,-1.0,-0.0,Nawa,Cacao,Limoneux,Pluies,259.6,24.0,81.3,1,1.2
2022-04-01,2022,4,2,91,0.866,-0.5,Poro,Anacarde,Limoneux,Seche,0.0,30.1,41.1,1,0.64
2023-03-11,2023,3,1,70,1.0,0.0,Haut-Sassandra,Cacao,Argileux,Seche,24.1,28.9,70.2,0,1.17
2024-03-30,2024,3,1,90,1.0,0.0,Haut-Sassandra,Manioc,Argileux,Seche,49.2,29.5,71.0,0,11.52
2023-10-10,2023,10,4,283,-0.866,0.5,Haut-Sassandra,Manioc,Argileux,Pluies,255.3,24.1,90.7,0,9.74
2023-02-23,2023,2,1,54,0.866,0.5,Poro,Manioc,Argileux,Seche,27.5,32.0,36.1,0,6.56
2022-04-05,2022,4,2,95,0.866,-0.5,Haut-Sassandra,Cacao,Limoneux,Seche,11.6,33.4,70.9,1,0.98
2023-01-08,2023,1,1,8,0.5,0.866,Poro,Anacarde,Sablonneux,Seche,8.5,29.8,37.7,0,0.76
2022-05-24,2022,5,2,144,0.5,-0.866,Poro,Maïs,Limoneux,Seche,4.8,34.9,52.2,1,1.24
2022-04-26,2022,4,2,116,0.866,-0.5,Haut-Sassandra,Cacao,Limoneux,Seche,28.0,29.5,66.6,1,1.05
2021-04-24,2021,4,2,114,0.866,-0.5,Nawa,Cacao,Sablonneux,Seche,49.9,28.4,65.2,1,1.11
2023-01-19,2023,1,1,19,0.5,0.866,Nawa,Maïs,Argileux,Seche,54.1,30.9,68.6,0,1.26
2021-12-27,2021,12,4,361,-0.0,1.0,Nawa,Cacao,Argileux,Seche,49.3,30.6,66.7,0,1.17
2021-12-07,2021,12,4,341,-0.0,1.0,Haut-Sassandra,Cacao,Argileux,Seche,34.3,31.3,64.4,0,0.96
2023-02-09,2023,2,1,40,0.866,0.5,Haut-Sassandra,Cacao,Limoneux,Seche,38.8,32.6,60.4,0,1.19
2023-01-31,2023,1,1,31,0.5,0.866,Nawa,Manioc,Limoneux,Seche,40.4,28.0,69.0,0,11.97
2023-08-27,2023,8,3,239,-0.866,-0.5,Haut-Sassandra,Manioc,Limoneux,Seche,59.8,27.2,64.2,1,12.35
2022-03-25,2022,3,1,84,1.0,0.0,Haut-Sassandra,Cacao,Limoneux,Seche,26.8,29.2,56.5,0,1.28
2023-04-15,2023,4,2,105,0.866,-0.5,Poro,Maïs,Limoneux,Seche,0.5,37.3,35.7,0,1.42
2024-04-18,2024,4,2,109,0.866,-0.5,Nawa,Maïs,Limoneux,Seche,43.9,31.2,72.8,1,1.38
2024-12-01,2024,12,4,336,-0.0,1.0,Poro,Maïs,Sablonneux,Seche,22.3,37.0,47.5,0,1.23
2024-05-04,2024,5,2,125,0.5,-0.866,Nawa,Cacao,Argileux,Pluies,133.1,27.7,83.8,1,1.64
2021-11-07,2021,11,4,311,-0.5,0.866,Haut-Sassandra,Cacao,Sablonneux,Seche,33.1,30.8,70.9,0,1.09
2021-09-19,2021,9,3,262,-1.0,-0.0,Nawa,Cacao,Limoneux,Pluies,167.5,21.7,84.4,1,1.04
2024-12-13,2024,12,4,348,-0.0,1.0,Nawa,Manioc,Limoneux,Seche,72.0,27.7,75.3,0,10.63
2022-02-10,2022,2,1,41,0.866,0.5,Haut-Sassandra,Manioc,Limoneux,Seche,69.0,27.8,67.9,0,11.85
2021-05-23,2021,5,2,143,0.5,-0.866,Nawa,Cacao,Limoneux,Pluies,284.6,25.2,84.4,1,1.14
2021-12-08,2021,12,4,342,-0.0,1.0,Haut-Sassandra,Cacao,Argileux,Seche,58.8,30.2,69.0,0,1.2
2024-09-01,2024,9,3,245,-1.0,-0.0,Nawa,Maïs,Limoneux,Pluies,232.8,25.4,83.9,1,1.3
2024-01-30,2024,1,1,30,0.5,0.866,Nawa,Manioc,Limoneux,Seche,59.8,32.4,64.2,0,12.57
2021-09-01,2021,9,3,244,-1.0,-0.0,Haut-Sassandra,Cacao,Argileux,Pluies,193.6,28.4,86.6,1,1.52
2022-05-05,2022,5,2,125,0.5,-0.866,Haut-Sassandra,Manioc,Sablonneux,Pluies,131.3,27.0,84.7,1,15.41
2021-01-12,2021,1,1,12,0.5,0.866,Nawa,Cacao,Limoneux,Seche,69.6,25.9,69.1,0,1.28
2024-06-16,2024,6,2,168,0.0,-1.0,Haut-Sassandra,Cacao,Argileux,Pluies,155.5,25.7,86.3,0,1.68
2022-07-15,2022,7,3,196,-0.5,-0.866,Poro,Anacarde,Sablonneux,Pluies,154.7,29.4,67.7,0,0.8
2021-02-11,2021,2,1,42,0.866,0.5,Nawa,Manioc,Argileux,Seche,73.7,31.5,73.2,0,12.42
2022-11-09,2022,11,4,313,-0.5,0.866,Haut-Sassandra,Maïs,Argileux,Seche,17.2,29.0,61.7,0,1.48
2022-08-17,2022,8,3,229,-0.866,-0.5,Haut-Sassandra,Manioc,Argileux,Seche,8.6,28.5,67.1,1,12.15
2024-12-23,2024,12,4,358,-0.0,1.0,Haut-Sassandra,Cacao,Argileux,Seche,58.5,26.5,76.8,0,0.99
2024-03-27,2024,3,1,87,1.0,0.0,Nawa,Cacao,Limoneux,Seche,79.1,26.0,54.2,0,1.05
2024-05-24,2024,5,2,145,0.5,-0.866,Poro,Anacarde,Limoneux,Seche,8.2,28.3,52.3,1,0.71
2021-05-14,2021,5,2,134,0.5,-0.866,Poro,Anacarde,Sablonneux,Seche,5.2,34.7,39.1,1,0.74
2023-12-27,2023,12,4,361,-0.0,1.0,Haut-Sassandra,Maïs,Argileux,Seche,54.8,31.6,71.5,0,1.32
2023-10-28,2023,10,4,301,-0.866,0.5,Haut-Sassandra,Manioc,Argileux,Pluies,194.9,25.2,79.5,0,18.05
2023-08-06,2023,8,3,218,-0.866,-0.5,Nawa,Manioc,Limoneux,Seche,62.3,30.6,67.1,1,11.7
2021-03-14,2021,3,1,73,1.0,0.0,Haut-Sassandra,Cacao,Argileux,Seche,11.9,30.4,66.3,0,1.23
2022-02-03,2022,2,1,34,0.866,0.5,Nawa,Manioc,Argileux,Seche,37.8,26.3,69.6,0,12.18
2024-11-29,2024,11,4,334,-0.5,0.866,Nawa,Manioc,Argileux,Seche,34.9,26.1,64.5,0,12.77
2022-08-01,2022,8,3,213,-0.866,-0.5,Haut-Sassandra,Manioc,Argileux,Seche,35.9,28.4,68.7,1,12.75
2023-05-09,2023,5,2,129,0.5,-0.866,Haut-Sassandra,Cacao,Sablonneux,Pluies,244.3,27.9,87.2,1,1.17
2021-05-10,2021,5,2,130,0.5,-0.866,Nawa,Maïs,Limoneux,Pluies,156.4,27.4,86.7,1,1.9
2023-07-20,2023,7,3,201,-0.5,-0.866,Nawa,Cacao,Argileux,Pluies,172.2,24.7,88.9,0,1.56
2024-05-14,2024,5,2,135,0.5,-0.866,Nawa,Cacao,Argileux,Pluies,245.5,25.4,87.8,1,1.09
2021-09-23,2021,9,3,266,-1.0,-0.0,Nawa,Cacao,Argileux,Pluies,203.4,25.2,80.8,1,1.79
2023-03-04,2023,3,1,63,1.0,0.0,Nawa,Anacarde,Argileux,Seche,51.6,31.9,61.2,0,0.42
2021-09-10,2021,9,3,253,-1.0,-0.0,Poro,Anacarde,Sablonneux,Pluies,156.7,30.8,76.1,0,0.77
2023-04-02,2023,4,2,92,0.866,-0.5,Nawa,Maïs,Argileux,Seche,70.3,32.9,71.2,1,1.32
2024-08-05,2024,8,3,218,-0.866,-0.5,Nawa,Cacao,Argileux,Seche,29.6,30.1,69.2,1,1.04
2021-06-13,2021,6,2,164,0.0,-1.0,Haut-Sassandra,Cacao,Argileux,Pluies,178.7,28.2,83.0,0,1.36
2021-04-05,2021,4,2,95,0.866,-0.5,Haut-Sassandra,Anacarde,Sablonneux,Seche,48.5,32.6,65.7,1,0.4
2023-04-13,2023,4,2,103,0.866,-0.5,Poro,Anacarde,Sablonneux,Seche,13.3,35.0,48.1,0,0.65
2024-02-08,2024,2,1,39,0.866,0.5,Poro,Anacarde,Limoneux,Seche,19.9,33.0,25.4,0,0.77
2021-12-02,2021,12,4,336,-0.0,1.0,Nawa,Manioc,Argileux,Seche,43.1,30.6,76.1,0,11.96
2023-04-02,2023,4,2,92,0.866,-0.5,Nawa,Maïs,Argileux,Seche,63.6,24.6,80.5,1,1.2
2021-08-26,2021,8,3,238,-0.866,-0.5,Haut-Sassandra,Maïs,Argileux,Seche,66.9,25.8,63.4,1,1.22
2022-01-16,2022,1,1,16,0.5,0.866,Nawa,Manioc,Argileux,Seche,87.6,32.3,56.0,0,11.46
2024-12-30,2024,12,4,365,-0.0,1.0,Nawa,Manioc,Sablonneux,Seche,88.1,29.0,70.6,0,11.46
2023-06-18,2023,6,2,169,0.0,-1.0,Nawa,Manioc,Limoneux,Pluies,220.7,26.4,89.4,0,18.56
2022-04-28,2022,4,2,118,0.866,-0.5,Haut-Sassandra,Cacao,Argileux,Seche,64.7,29.5,70.8,1,1.17
2023-06-21,2023,6,2,172,0.0,-1.0,Haut-Sassandra,Maïs,Argileux,Pluies,177.7,27.5,87.2,0,1.55
2023-11-15,2023,11,4,319,-0.5,0.866,Poro,Manioc,Sablonneux,Seche,15.8,38.8,50.0,0,5.91
2024-02-15,2024,2,1,46,0.866,0.5,Haut-Sassandra,Cacao,Limoneux,Seche,38.0,30.8,61.2,0,1.25
2022-04-27,2022,4,2,117,0.866,-0.5,Haut-Sassandra,Cacao,Limoneux,Seche,66.6,28.6,62.0,1,1.23
2024-11-16,2024,11,4,321,-0.5,0.866,Poro,Anacarde,Argileux,Seche,13.8,36.1,32.4,0,0.78
2023-07-06,2023,7,3,187,-0.5,-0.866,Nawa,Cacao,Sablonneux,Pluies,179.8,28.6,89.3,0,1.53
2023-09-21,2023,9,3,264,-1.0,-0.0,Poro,Manioc,Limoneux,Pluies,163.1,28.3,67.1,0,8.04
2023-08-22,2023,8,3,234,-0.866,-0.5,Nawa,Cacao,Argileux,Seche,37.1,28.3,59.1,1,0.99
2022-06-21,2022,6,2,172,0.0,-1.0,Nawa,Manioc,Limoneux,Pluies,178.8,26.0,77.0,0,16.3
2024-01-08,2024,1,1,8,0.5,0.866,Poro,Manioc,Sablonneux,Seche,0.0,31.7,50.0,0,6.18
2024-04-11,2024,4,2,102,0.866,-0.5,Haut-Sassandra,Cacao,Limoneux,Seche,29.1,27.1,66.7,1,1.14
2023-11-02,2023,11,4,306,-0.5,0.866,Nawa,Cacao,Limoneux,Seche,73.9,30.2,68.6,0,1.31
2021-05-08,2021,5,2,128,0.5,-0.866,Poro,Anacarde,Sablonneux,Seche,4.8,32.6,37.5,1,0.7
2021-04-02,2021,4,2,92,0.866,-0.5,Poro,Maïs,Limoneux,Seche,6.9,32.7,41.0,0,1.13
2022-06-27,2022,6,2,178,0.0,-1.0,Poro,Anacarde,Limoneux,Pluies,148.9,25.7,73.5,1,1.25
2023-04-26,2023,4,2,116,0.866,-0.5,Nawa,Cacao,Argileux,Seche,61.3,31.0,74.6,1,1.18
2023-09-16,2023,9,3,259,-1.0,-0.0,Haut-Sassandra,Cacao,Limoneux,Pluies,238.5,23.9,95.2,1,1.06
2022-03-23,2022,3,1,82,1.0,0.0,Haut-Sassandra,Cacao,Limoneux,Seche,45.3,27.0,62.7,0,1.21
2022-01-25,2022,1,1,25,0.5,0.866,Haut-Sassandra,Manioc,Argileux,Seche,51.7,28.8,71.0,0,10.94
2022-11-03,2022,11,4,307,-0.5,0.866,Nawa,Cacao,Limoneux,Seche,73.9,29.8,69.7,0,1.14
2021-02-12,2021,2,1,43,0.866,0.5,Haut-Sassandra,Cacao,Limoneux,Seche,61.6,27.0,71.3,0,1.27
2021-09-11,2021,9,3,254,-1.0,-0.0,Poro,Anacarde,Sablonneux,Pluies,82.0,26.1,88.0,0,0.82
2024-02-28,2024,2,1,59,0.866,0.5,Nawa,Cacao,Sablonneux,Seche,27.9,30.2,58.3,1,1.09
2023-12-20,2023,12,4,354,-0.0,1.0,Haut-Sassandra,Manioc,Argileux,Seche,54.9,28.9,70.6,0,12.49
2022-10-25,2022,10,4,298,-0.866,0.5,Haut-Sassandra,Cacao,Argileux,Pluies,119.2,27.1,87.5,0,1.39
2022-04-12,2022,4,2,102,0.866,-0.5,Haut-Sassandra,Maïs,Limoneux,Seche,51.5,30.3,73.3,1,1.28
2021-10-14,2021,10,4,287,-0.866,0.5,Haut-Sassandra,Cacao,Limoneux,Pluies,209.7,22.8,82.5,0,1.05
2023-10-08,2023,10,4,281,-0.866,0.5,Nawa,Manioc,Argileux,Pluies,121.4,23.5,86.2,0,14.86
2023-02-17,2023,2,1,48,0.866,0.5,Nawa,Cacao,Argileux,Seche,59.2,28.9,77.0,0,1.08
2021-12-11,2021,12,4,345,-0.0,1.0,Haut-Sassandra,Cacao,Argileux,Seche,56.1,31.6,80.4,0,1.13
2022-10-04,2022,10,4,277,-0.866,0.5,Haut-Sassandra,Manioc,Limoneux,Pluies,214.1,26.5,75.4,0,15.78
2022-01-17,2022,1,1,17,0.5,0.866,Haut-Sassandra,Manioc,Limoneux,Seche,57.3,24.8,73.7,0,12.02
2022-11-21,2022,11,4,325,-0.5,0.866,Haut-Sassandra,Maïs,Sablonneux,Seche,88.8,33.2,78.1,0,1.26
2024-06-30,2024,6,2,182,0.0,-1.0,Nawa,Manioc,Argileux,Pluies,153.5,28.8,90.3,0,16.05
2023-12-16,2023,12,4,350,-0.0,1.0,Poro,Anacarde,Sablonneux,Seche,11.5,36.0,38.2,0,0.7
2022-04-02,2022,4,2,92,0.866,-0.5,Nawa,Cacao,Limoneux,Seche,53.8,26.1,79.6,1,1.22
2023-09-10,2023,9,3,253,-1.0,-0.0,Haut-Sassandra,Cacao,Limoneux,Pluies,204.3,28.4,84.0,1,1.5
2021-03-24,2021,3,1,83,1.0,0.0,Nawa,Manioc,Argileux,Seche,53.9,28.2,66.2,0,10.8
2024-01-28,2024,1,1,28,0.5,0.866,Poro,Anacarde,Argileux,Seche,24.8,41.5,31.3,0,0.81
2021-05-29,2021,5,2,149,0.5,-0.866,Haut-Sassandra,Maïs,Limoneux,Pluies,180.1,24.3,92.7,1,1.53
2024-09-14,2024,9,3,258,-1.0,-0.0,Haut-Sassandra,Manioc,Argileux,Pluies,197.9,25.3,83.5,0,18.16
2024-03-25,2024,3,1,85,1.0,0.0,Poro,Manioc,Argileux,Seche,7.5,29.7,34.0,0,6.81
2021-07-09,2021,7,3,190,-0.5,-0.866,Nawa,Cacao,Limoneux,Pluies,193.0,23.5,81.6,0,1.77
2023-06-02,2023,6,2,153,0.0,-1.0,Nawa,Manioc,Argileux,Pluies,207.4,28.4,85.8,0,16.92
2021-09-20,2021,9,3,263,-1.0,-0.0,Poro,Anacarde,Limoneux,Pluies,129.0,27.9,69.7,0,1.11
2024-01-09,2024,1,1,9,0.5,0.866,Nawa,Cacao,Limoneux,Seche,30.6,29.3,75.1,0,1.12
2022-02-04,2022,2,1,35,0.866,0.5,Haut-Sassandra,Manioc,Argileux,Seche,21.4,29.7,61.7,1,11.57
2023-02-03,2023,2,1,34,0.866,0.5,Haut-Sassandra,Cacao,Argileux,Seche,52.1,34.1,66.5,0,1.15
2022-09-01,2022,9,3,244,-1.0,-0.0,Nawa,Manioc,Argileux,Pluies,76.6,24.9,86.4,1,11.69
2024-07-07,2024,7,3,189,-0.5,-0.866,Nawa,Anacarde,Argileux,Pluies,178.6,30.4,87.9,0,0.38
2023-02-24,2023,2,1,55,0.866,0.5,Poro,Anacarde,Limoneux,Seche,16.2,35.3,47.8,0,0.79
2021-04-11,2021,4,2,101,0.866,-0.5,Haut-Sassandra,Manioc,Limoneux,Seche,68.1,30.0,69.3,1,12.62
2024-10-14,2024,10,4,288,-0.866,0.5,Haut-Sassandra,Cacao,Argileux,Pluies,197.6,21.9,82.5,0,0.99
2024-11-04,2024,11,4,309,-0.5,0.866,Haut-Sassandra,Cacao,Argileux,Seche,55.5,26.1,61.5,0,1.13
2023-03-31,2023,3,1,90,1.0,0.0,Haut-Sassandra,Maïs,Sablonneux,Seche,66.0,24.0,68.0,0,1.31
2024-05-29,2024,5,2,150,0.5,-0.866,Poro,Maïs,Limoneux,Seche,4.1,29.8,43.0,1,1.28
2023-03-31,2023,3,1,90,1.0,0.0,Poro,Anacarde,Sablonneux,Seche,17.4,34.0,57.1,0,0.83
2022-02-24,2022,2,1,55,0.866,0.5,Haut-Sassandra,Cacao,Argileux,Seche,9.3,31.6,62.2,0,1.43
2021-05-04,2021,5,2,124,0.5,-0.866,Poro,Maïs,Limoneux,Seche,26.4,32.8,51.3,1,1.26
2022-02-26,2022,2,1,57,0.866,0.5,Nawa,Anacarde,Argileux,Seche,21.2,32.8,62.4,0,0.44
2024-06-08,2024,6,2,160,0.0,-1.0,Haut-Sassandra,Cacao,Limoneux,Pluies,230.9,27.4,85.0,0,1.19
2023-12-23,2023,12,4,357,-0.0,1.0,Poro,Maïs,Limoneux,Seche,25.5,30.1,49.6,0,1.18
2023-02-07,2023,2,1,38,0.866,0.5,Haut-Sassandra,Cacao,Limoneux,Seche,36.0,30.6,67.2,1,1.26
2022-04-28,2022,4,2,118,0.866,-0.5,Haut-Sassandra,Maïs,Limoneux,Seche,54.6,28.9,61.0,1,1.27
2022-06-03,2022,6,2,154,0.0,-1.0,Nawa,Cacao,Argileux,Pluies,213.8,26.9,83.2,0,1.63
2021-06-04,2021,6,2,155,0.0,-1.0,Haut-Sassandra,Maïs,Limoneux,Pluies,228.4,22.5,83.8,0,1.24
2021-04-02,2021,4,2,92,0.866,-0.5,Haut-Sassandra,Cacao,Argileux,Seche,67.3,31.1,74.4,1,1.01
2023-09-09,2023,9,3,252,-1.0,-0.0,Nawa,Cacao,Limoneux,Pluies,146.7,28.7,86.0,1,1.45
2022-03-31,2022,3,1,90,1.0,0.0,Haut-Sassandra,Manioc,Sablonneux,Seche,41.7,29.5,50.5,0,12.97
2022-08-21,2022,8,3,233,-0.866,-0.5,Haut-Sassandra,Maïs,Limoneux,Seche,22.6,28.0,73.2,1,1.28
2022-05-25,2022,5,2,145,0.5,-0.866,Nawa,Manioc,Sablonneux,Pluies,165.1,27.6,84.1,1,15.48
2024-04-21,2024,4,2,112,0.866,-0.5,Nawa,Cacao,Argileux,Seche,59.1,28.7,72.9,1,1.05
2022-01-21,2022,1,1,21,0.5,0.866,Nawa,Manioc,Limoneux,Seche,85.2,27.9,72.0,0,11.77
2022-02-09,2022,2,1,40,0.866,0.5,Nawa,Anacarde,Sablonneux,Seche,34.9,31.0,69.8,0,0.39
2021-09-03,2021,9,3,246,-1.0,-0.0,Haut-Sassandra,Cacao,Argileux,Pluies,172.3,23.8,89.7,1,1.56
2023-01-12,2023,1,1,12,0.5,0.866,Nawa,Manioc,Argileux,Seche,93.0,31.0,71.4,0,12.36
2022-10-23,2022,10,4,296,-0.866,0.5,Poro,Anacarde,Limoneux,Seche,11.3,35.0,41.1,0,0.69
2022-10-12,2022,10,4,285,-0.866,0.5,Poro,Manioc,Sablonneux,Seche,16.7,31.3,54.4,0,7.02
2024-12-17,2024,12,4,352,-0.0,1.0,Nawa,Manioc,Argileux,Seche,26.8,31.6,49.2,0,11.58
2023-06-20,2023,6,2,171,0.0,-1.0,Haut-Sassandra,Cacao,Argileux,Pluies,147.0,26.2,88.4,0,1.85
2021-03-06,2021,3,1,65,1.0,0.0,Haut-Sassandra,Manioc,Limoneux,Seche,46.3,33.1,66.8,0,12.43
2023-11-03,2023,11,4,307,-0.5,0.866,Poro,Maïs,Limoneux,Seche,14.9,35.2,38.7,0,1.26
2021-08-01,2021,8,3,213,-0.866,-0.5,Haut-Sassandra,Cacao,Argileux,Seche,61.2,31.2,61.2,1,1.04
2021-08-30,2021,8,3,242,-0.866,-0.5,Haut-Sassandra,Manioc,Argileux,Seche,55.3,32.2,58.0,1,11.2
2022-05-08,2022,5,2,128,0.5,-0.866,Nawa,Maïs,Argileux,Pluies,170.2,24.8,81.7,1,1.87
2024-05-21,2024,5,2,142,0.5,-0.866,Haut-Sassandra,Cacao,Limoneux,Pluies,204.6,27.0,82.1,1,1.56
2021-12-04,2021,12,4,338,-0.0,1.0,Poro,Anacarde,Limoneux,Seche,6.8,38.2,40.6,0,0.82
2021-06-22,2021,6,2,173,0.0,-1.0,Haut-Sassandra,Cacao,Argileux,Pluies,188.5,25.9,90.3,0,1.55
2022-11-03,2022,11,4,307,-0.5,0.866,Nawa,Cacao,Argileux,Seche,32.7,29.0,60.9,0,0.98
2021-06-13,2021,6,2,164,0.0,-1.0,Poro,Maïs,Sablonneux,Pluies,178.6,27.8,80.6,1,1.92
2022-04-10,2022,4,2,100,0.866,-0.5,Poro,Anacarde,Limoneux,Seche,21.9,28.7,50.8,0,0.83
2023-09-22,2023,9,3,265,-1.0,-0.0,Nawa,Cacao,Argileux,Pluies,153.3,27.4,87.7,1,1.61
2022-05-12,2022,5,2,132,0.5,-0.866,Haut-Sassandra,Cacao,Limoneux,Pluies,150.5,30.3,90.1,1,1.14
2022-12-01,2022,12,4,335,-0.0,1.0,Nawa,Cacao,Argileux,Seche,78.5,29.4,62.2,0,1.13
2022-01-30,2022,1,1,30,0.5,0.866,Haut-Sassandra,Cacao,Argileux,Seche,72.4,31.2,65.6,0,1.09
2022-12-04,2022,12,4,338,-0.0,1.0,Nawa,Cacao,Argileux,Seche,26.8,25.1,71.9,0,1.23
2021-11-04,2021,11,4,308,-0.5,0.866,Haut-Sassandra,Cacao,Argileux,Seche,71.7,28.1,69.4,0,1.18
2021-07-02,2021,7,3,183,-0.5,-0.866,Haut-Sassandra,Cacao,Argileux,Pluies,205.2,20.7,91.4,0,1.04
2022-09-21,2022,9,3,264,-1.0,-0.0,Nawa,Manioc,Argileux,Pluies,197.5,27.5,90.4,1,15.44
2022-05-25,2022,5,2,145,0.5,-0.866,Poro,Anacarde,Limoneux,Seche,8.5,37.3,43.6,1,0.74
2022-06-30,2022,6,2,181,0.0,-1.0,Haut-Sassandra,Manioc,Limoneux,Pluies,220.0,27.3,84.6,0,14.49
2022-09-16,2022,9,3,259,-1.0,-0.0,Haut-Sassandra,Anacarde,Limoneux,Pluies,229.9,27.2,88.5,1,0.57
2022-08-17,2022,8,3,229,-0.866,-0.5,Haut-Sassandra,Cacao,Limoneux,Seche,79.9,31.3,69.3,1,1.05
2023-01-14,2023,1,1,14,0.5,0.866,Nawa,Cacao,Argileux,Seche,57.2,33.0,73.9,0,1.23
2024-06-04,2024,6,2,156,0.0,-1.0,Haut-Sassandra,Cacao,Limoneux,Pluies,196.1,27.3,90.0,0,1.82
2024-12-30,2024,12,4,365,-0.0,1.0,Nawa,Cacao,Argileux,Seche,59.0,26.6,71.7,1,1.03
2024-12-16,2024,12,4,351,-0.0,1.0,Poro,Anacarde,Sablonneux,Seche,9.5,32.6,44.6,0,0.82
2022-07-08,2022,7,3,189,-0.5,-0.866,Poro,Anacarde,Sablonneux,Pluies,154.9,30.5,78.6,0,0.81
2021-01-21,2021,1,1,21,0.5,0.866,Nawa,Anacarde,Limoneux,Seche,50.1,30.0,64.9,0,0.4
2022-07-08,2022,7,3,189,-0.5,-0.866,Poro,Manioc,Limoneux,Pluies,151.7,27.0,72.9,0,9.52
2022-02-01,2022,2,1,32,0.866,0.5,Nawa,Cacao,Sablonneux,Seche,24.5,30.5,76.6,0,1.16
2022-09-17,2022,9,3,260,-1.0,-0.0,Haut-Sassandra,Manioc,Sablonneux,Pluies,172.4,23.1,85.8,1,19.92
2021-04-15,2021,4,2,105,0.866,-0.5,Poro,Maïs,Sablonneux,Seche,26.2,34.6,42.6,0,1.33
2021-07-11,2021,7,3,192,-0.5,-0.866,Nawa,Cacao,Sablonneux,Pluies,114.9,21.9,84.6,0,1.34
2021-01-17,2021,1,1,17,0.5,0.866,Poro,Anacarde,Argileux,Seche,25.3,36.7,42.1,0,0.86
2024-02-18,2024,2,1,49,0.866,0.5,Haut-Sassandra,Cacao,Limoneux,Seche,90.3,31.2,62.8,0,1.12
2022-01-28,2022,1,1,28,0.5,0.866,Nawa,Manioc,Argileux,Seche,59.8,30.7,68.7,0,11.87
2022-03-01,2022,3,1,60,1.0,0.0,Haut-Sassandra,Manioc,Argileux,Seche,36.0,27.7,66.6,0,10.55
2021-05-09,2021,5,2,129,0.5,-0.866,Poro,Maïs,Sablonneux,Seche,16.0,34.6,56.3,1,1.45
2024-02-28,2024,2,1,59,0.866,0.5,Haut-Sassandra,Manioc,Sablonneux,Seche,41.5,26.3,72.0,0,11.29
2022-07-26,2022,7,3,207,-0.5,-0.866,Haut-Sassandra,Cacao,Argileux,Pluies,163.6,29.8,81.2,0,1.11
2021-01-29,2021,1,1,29,0.5,0.866,Nawa,Cacao,Limoneux,Seche,14.5,33.1,60.1,0,1.03
2024-01-26,2024,1,1,26,0.5,0.866,Poro,Anacarde,Sablonneux,Seche,3.6,32.1,41.1,0,0.72
2023-10-31,2023,10,4,304,-0.866,0.5,Haut-Sassandra,Cacao,Limoneux,Pluies,164.6,28.8,85.5,0,1.76
2021-08-30,2021,8,3,242,-0.866,-0.5,Haut-Sassandra,Manioc,Argileux,Seche,68.3,29.5,63.4,1,13.78
2021-08-20,2021,8,3,232,-0.866,-0.5,Haut-Sassandra,Manioc,Limoneux,Seche,19.9,29.5,59.4,1,11.34
2023-02-28,2023,2,1,59,0.866,0.5,Poro,Cacao,Limoneux,Seche,25.5,29.6,59.1,0,0.62
2024-07-31,2024,7,3,213,-0.5,-0.866,Poro,Maïs,Argileux,Pluies,115.8,27.9,75.1,0,1.8
2022-12-16,2022,12,4,350,-0.0,1.0,Nawa,Cacao,Sablonneux,Seche,96.4,25.0,70.3,0,1.14
2023-01-29,2023,1,1,29,0.5,0.866,Poro,Anacarde,Argileux,Seche,27.9,34.5,30.0,0,0.79
2023-03-13,2023,3,1,72,1.0,0.0,Nawa,Maïs,Sablonneux,Seche,48.7,29.7,66.6,0,1.27
2023-02-15,2023,2,1,46,0.866,0.5,Nawa,Cacao,Limoneux,Seche,42.2,30.6,62.8,1,1.03
2022-12-27,2022,12,4,361,-0.0,1.0,Nawa,Cacao,Limoneux,Seche,1.9,34.4,63.4,1,1.02
2021-07-19,2021,7,3,200,-0.5,-0.866,Haut-Sassandra,Manioc,Limoneux,Pluies,197.1,24.4,84.8,0,16.57
2023-08-03,2023,8,3,215,-0.866,-0.5,Haut-Sassandra,Manioc,Argileux,Seche,47.6,27.1,68.6,1,12.56
2021-03-20,2021,3,1,79,1.0,0.0,Haut-Sassandra,Cacao,Limoneux,Seche,40.8,28.6,69.0,0,1.02
2023-08-14,2023,8,3,226,-0.866,-0.5,Poro,Anacarde,Sablonneux,Pluies,142.5,27.1,70.7,0,1.21
2023-05-06,2023,5,2,126,0.5,-0.866,Haut-Sassandra,Maïs,Limoneux,Pluies,172.4,23.7,88.7,1,2.01
2024-04-11,2024,4,2,102,0.866,-0.5,Poro,Maïs,Sablonneux,Seche,14.4,33.1,41.3,0,1.33
2022-04-12,2022,4,2,102,0.866,-0.5,Poro,Cacao,Sablonneux,Seche,14.1,33.7,47.6,0,0.56
2022-08-04,2022,8,3,216,-0.866,-0.5,Haut-Sassandra,Manioc,Argileux,Seche,24.8,26.7,77.7,1,8.65
2024-12-10,2024,12,4,345,-0.0,1.0,Nawa,Cacao,Argileux,Seche,91.6,31.5,61.9,0,1.12
2023-07-29,2023,7,3,210,-0.5,-0.866,Haut-Sassandra,Cacao,Limoneux,Pluies,192.0,25.3,89.0,0,1.58
2022-03-25,2022,3,1,84,1.0,0.0,Nawa,Anacarde,Limoneux,Seche,51.0,33.6,61.2,0,0.34
2021-03-28,2021,3,1,87,1.0,0.0,Haut-Sassandra,Cacao,Argileux,Seche,11.5,29.9,67.9,0,1.18
2021-04-11,2021,4,2,101,0.866,-0.5,Haut-Sassandra,Cacao,Argileux,Seche,57.6,30.5,70.4,1,1.2
2023-10-29,2023,10,4,302,-0.866,0.5,Nawa,Anacarde,Argileux,Pluies,205.6,27.3,84.8,0,0.58
2023-04-25,2023,4,2,115,0.866,-0.5,Haut-Sassandra,Manioc,Limoneux,Seche,72.9,29.3,62.5,1,11.53
2024-05-08,2024,5,2,129,0.5,-0.866,Nawa,Manioc,Sablonneux,Pluies,207.9,27.5,86.6,1,16.63
2021-03-28,2021,3,1,87,1.0,0.0,Poro,Anacarde,Sablonneux,Seche,21.2,30.2,49.8,0,0.77
2021-02-12,2021,2,1,43,0.866,0.5,Poro,Anacarde,Limoneux,Seche,9.6,35.5,44.3,0,0.71
2024-11-09,2024,11,4,314,-0.5,0.866,Nawa,Maïs,Limoneux,Seche,61.1,32.1,75.2,0,1.22
2024-12-29,2024,12,4,364,-0.0,1.0,Nawa,Cacao,Limoneux,Seche,41.4,28.7,68.3,0,1.2
2022-02-12,2022,2,1,43,0.866,0.5,Poro,Anacarde,Limoneux,Seche,14.0,38.7,33.9,0,0.73
2022-10-26,2022,10,4,299,-0.866,0.5,Nawa,Cacao,Argileux,Pluies,156.0,26.7,90.3,0,1.74
2023-11-07,2023,11,4,311,-0.5,0.866,Haut-Sassandra,Maïs,Limoneux,Seche,27.5,35.2,71.2,0,1.27
2021-05-28,2021,5,2,148,0.5,-0.866,Nawa,Manioc,Limoneux,Pluies,128.7,25.2,84.7,1,14.89
2021-10-04,2021,10,4,277,-0.866,0.5,Poro,Maïs,Limoneux,Seche,6.3,35.9,34.7,0,1.14
2021-08-20,2021,8,3,232,-0.866,-0.5,Poro,Cacao,Sablonneux,Pluies,188.7,29.1,71.4,0,0.55
2022-01-01,2022,1,1,1,0.5,0.866,Nawa,Cacao,Sablonneux,Seche,90.1,29.9,66.2,0,1.09
2024-06-05,2024,6,2,157,0.0,-1.0,Poro,Anacarde,Limoneux,Pluies,165.0,26.8,77.8,1,1.09
2022-03-12,2022,3,1,71,1.0,0.0,Haut-Sassandra,Cacao,Limoneux,Seche,28.7,30.2,69.2,0,1.16
2022-02-03,2022,2,1,34,0.866,0.5,Nawa,Cacao,Limoneux,Seche,18.2,32.7,71.0,0,1.08
2024-05-19,2024,5,2,140,0.5,-0.866,Nawa,Cacao,Argileux,Pluies,171.3,26.4,84.3,1,1.64
2024-11-15,2024,11,4,320,-0.5,0.866,Nawa,Cacao,Limoneux,Seche,55.5,35.6,73.1,0,1.11
2022-05-14,2022,5,2,134,0.5,-0.866,Nawa,Cacao,Argileux,Pluies,201.1,26.1,89.9,1,1.61
2022-06-24,2022,6,2,175,0.0,-1.0,Haut-Sassandra,Cacao,Limoneux,Pluies,211.0,29.2,94.6,0,1.23
2022-07-17,2022,7,3,198,-0.5,-0.866,Nawa,Manioc,Limoneux,Pluies,253.0,26.4,87.0,0,11.81
2022-03-18,2022,3,1,77,1.0,0.0,Haut-Sassandra,Manioc,Argileux,Seche,41.1,32.3,62.9,0,11.76
2024-07-08,2024,7,3,190,-0.5,-0.866,Poro,Maïs,Sablonneux,Pluies,195.5,29.0,80.5,0,2.0
2023-02-12,2023,2,1,43,0.866,0.5,Nawa,Cacao,Sablonneux,Seche,48.0,26.2,76.5,0,1.05
2021-12-16,2021,12,4,350,-0.0,1.0,Nawa,Manioc,Limoneux,Seche,56.9,29.4,71.9,0,12.67
2024-10-07,2024,10,4,281,-0.866,0.5,Haut-Sassandra,Cacao,Limoneux,Pluies,218.2,25.0,87.7,0,1.79
2022-06-04,2022,6,2,155,0.0,-1.0,Haut-Sassandra,Cacao,Argileux,Pluies,234.5,27.1,83.5,0,1.18
2024-09-05,2024,9,3,249,-1.0,-0.0,Haut-Sassandra,Cacao,Limoneux,Pluies,194.8,24.9,81.3,1,1.55
2021-05-18,2021,5,2,138,0.5,-0.866,Haut-Sassandra,Manioc,Argileux,Pluies,172.2,27.9,91.1,1,17.11
2023-09-19,2023,9,3,262,-1.0,-0.0,Haut-Sassandra,Cacao,Argileux,Pluies,149.1,28.7,85.5,1,1.64
2022-01-03,2022,1,1,3,0.5,0.866,Haut-Sassandra,Maïs,Sablonneux,Seche,46.4,30.0,65.4,0,1.31
2024-05-28,2024,5,2,149,0.5,-0.866,Nawa,Anacarde,Limoneux,Pluies,224.6,27.9,87.9,1,0.59
2024-09-22,2024,9,3,266,-1.0,-0.0,Poro,Manioc,Argileux,Pluies,156.2,26.3,81.7,0,8.91
2024-05-31,2024,5,2,152,0.5,-0.866,Poro,Anacarde,Sablonneux,Seche,8.2,34.5,41.2,1,0.86
2021-12-26,2021,12,4,360,-0.0,1.0,Nawa,Manioc,Limoneux,Seche,55.8,28.9,68.7,0,12.22
2023-07-10,2023,7,3,191,-0.5,-0.866,Nawa,Cacao,Argileux,Pluies,280.4,28.0,82.1,0,1.17
2021-11-25,2021,11,4,329,-0.5,0.866,Haut-Sassandra,Cacao,Sablonneux,Seche,50.9,26.4,63.3,0,1.0
2023-08-20,2023,8,3,232,-0.866,-0.5,Haut-Sassandra,Manioc,Limoneux,Seche,52.9,26.0,63.3,1,12.53
2022-04-08,2022,4,2,98,0.866,-0.5,Haut-Sassandra,Cacao,Limoneux,Seche,29.5,30.5,81.2,1,1.37
2023-08-04,2023,8,3,216,-0.866,-0.5,Haut-Sassandra,Cacao,Argileux,Seche,78.3,27.3,64.3,1,1.15
2023-08-21,2023,8,3,233,-0.866,-0.5,Nawa,Maïs,Argileux,Seche,63.8,31.2,71.2,1,1.28
2024-11-06,2024,11,4,311,-0.5,0.866,Haut-Sassandra,Manioc,Limoneux,Seche,23.0,32.4,66.3,0,10.93
2023-04-16,2023,4,2,106,0.866,-0.5,Poro,Maïs,Argileux,Seche,0.0,35.4,37.0,0,1.33
2021-06-18,2021,6,2,169,0.0,-1.0,Poro,Anacarde,Sablonneux,Pluies,164.7,25.5,68.0,1,0.99
2021-08-05,2021,8,3,217,-0.866,-0.5,Haut-Sassandra,Maïs,Sablonneux,Seche,27.1,30.1,56.2,1,1.34
2022-01-13,2022,1,1,13,0.5,0.866,Haut-Sassandra,Cacao,Sablonneux,Seche,12.0,31.9,60.4,1,1.06
2021-04-29,2021,4,2,119,0.866,-0.5,Nawa,Cacao,Argileux,Seche,33.3,32.1,71.5,1,1.04
2021-07-09,2021,7,3,190,-0.5,-0.866,Haut-Sassandra,Manioc,Limoneux,Pluies,153.0,26.0,84.1,0,17.35
2023-02-06,2023,2,1,37,0.866,0.5,Poro,Anacarde,Limoneux,Seche,2.5,37.8,42.4,0,0.61
2022-01-05,2022,1,1,5,0.5,0.866,Nawa,Cacao,Limoneux,Seche,18.8,27.1,67.4,0,1.05
2021-05-29,2021,5,2,149,0.5,-0.866,Poro,Maïs,Limoneux,Seche,0.2,34.1,35.9,0,1.39
2022-10-14,2022,10,4,287,-0.866,0.5,Haut-Sassandra,Cacao,Limoneux,Pluies,157.4,25.8,80.2,0,1.69
2023-02-09,2023,2,1,40,0.866,0.5,Haut-Sassandra,Cacao,Sablonneux,Seche,46.2,33.8,66.5,0,1.1
2022-01-09,2022,1,1,9,0.5,0.866,Haut-Sassandra,Anacarde,Argileux,Seche,35.4,29.8,72.3,0,0.43
2023-02-20,2023,2,1,51,0.866,0.5,Nawa,Cacao,Argileux,Seche,39.7,26.3,69.0,0,1.04
2021-06-09,2021,6,2,160,0.0,-1.0,Poro,Maïs,Argileux,Pluies,229.2,29.8,79.2,1,1.38
2021-12-17,2021,12,4,351,-0.0,1.0,Nawa,Cacao,Argileux,Seche,56.1,28.3,64.2,0,1.06
2024-08-04,2024,8,3,217,-0.866,-0.5,Poro,Manioc,Limoneux,Pluies,164.3,30.5,87.9,0,6.33
2024-08-04,2024,8,3,217,-0.866,-0.5,Nawa,Maïs,Argileux,Seche,46.8,29.5,65.4,1,1.18
2023-06-11,2023,6,2,162,0.0,-1.0,Poro,Anacarde,Sablonneux,Pluies,178.3,25.0,82.4,1,1.08
2024-06-03,2024,6,2,155,0.0,-1.0,Nawa,Manioc,Argileux,Pluies,230.6,27.6,84.9,0,12.25
2022-06-07,2022,6,2,158,0.0,-1.0,Haut-Sassandra,Manioc,Limoneux,Pluies,192.4,25.1,89.5,0,17.64
2022-06-06,2022,6,2,157,0.0,-1.0,Poro,Anacarde,Sablonneux,Pluies,159.1,28.3,72.5,1,1.22
2023-02-22,2023,2,1,53,0.866,0.5,Haut-Sassandra,Manioc,Argileux,Seche,54.0,30.7,79.9,0,12.23
2021-09-30,2021,9,3,273,-1.0,-0.0,Nawa,Maïs,Sablonneux,Pluies,172.4,25.3,82.3,1,1.88
2023-07-25,2023,7,3,206,-0.5,-0.866,Poro,Anacarde,Sablonneux,Pluies,140.1,25.4,75.9,0,0.93
2024-11-26,2024,11,4,331,-0.5,0.866,Haut-Sassandra,Anacarde,Argileux,Seche,46.8,29.4,58.9,0,0.42
2021-07-02,2021,7,3,183,-0.5,-0.866,Nawa,Manioc,Argileux,Pluies,201.4,26.5,93.1,0,17.3
2022-05-03,2022,5,2,123,0.5,-0.866,Haut-Sassandra,Manioc,Limoneux,Pluies,230.6,24.0,82.6,1,12.08
2023-04-26,2023,4,2,116,0.866,-0.5,Nawa,Cacao,Sablonneux,Seche,36.2,26.3,71.6,1,1.11
2021-05-04,2021,5,2,124,0.5,-0.866,Haut-Sassandra,Manioc,Argileux,Pluies,194.3,23.7,85.0,1,15.77
2023-09-12,2023,9,3,255,-1.0,-0.0,Nawa,Maïs,Limoneux,Pluies,183.6,23.5,80.7,1,1.81
2023-03-01,2023,3,1,60,1.0,0.0,Haut-Sassandra,Manioc,Limoneux,Seche,26.1,31.4,61.0,0,13.33
2022-02-18,2022,2,1,49,0.866,0.5,Haut-Sassandra,Manioc,Argileux,Seche,79.1,30.9,70.3,0,11.18
2024-04-10,2024,4,2,101,0.866,-0.5,Nawa,Cacao,Argileux,Seche,55.9,28.9,69.6,1,1.13
2024-08-04,2024,8,3,217,-0.866,-0.5,Nawa,Manioc,Argileux,Seche,32.2,30.9,71.3,1,14.6
2024-12-29,2024,12,4,364,-0.0,1.0,Nawa,Cacao,Limoneux,Seche,65.5,28.0,66.9,0,1.09
2022-11-17,2022,11,4,321,-0.5,0.866,Nawa,Cacao,Argileux,Seche,36.4,32.2,69.0,0,0.99
2021-04-23,2021,4,2,113,0.866,-0.5,Nawa,Manioc,Argileux,Seche,67.9,29.2,62.5,1,11.77
2023-06-07,2023,6,2,158,0.0,-1.0,Poro,Anacarde,Argileux,Pluies,174.3,28.8,82.9,1,1.01
2021-05-02,2021,5,2,122,0.5,-0.866,Nawa,Cacao,Sablonneux,Pluies,205.6,29.3,83.0,1,1.28
2024-05-30,2024,5,2,151,0.5,-0.866,Haut-Sassandra,Cacao,Limoneux,Pluies,189.1,29.3,91.1,1,1.14
2021-02-08,2021,2,1,39,0.866,0.5,Nawa,Cacao,Limoneux,Seche,45.9,30.1,70.8,0,1.2
2022-05-12,2022,5,2,132,0.5,-0.866,Haut-Sassandra,Cacao,Argileux,Pluies,187.5,27.6,87.3,1,1.78
2023-02-19,2023,2,1,50,0.866,0.5,Nawa,Cacao,Argileux,Seche,47.0,29.4,74.5,0,1.22
2024-06-10,2024,6,2,162,0.0,-1.0,Nawa,Manioc,Argileux,Pluies,229.2,25.6,84.7,0,14.83
2023-08-01,2023,8,3,213,-0.866,-0.5,Poro,Anacarde,Argileux,Pluies,169.3,28.7,73.1,0,0.99
2021-05-29,2021,5,2,149,0.5,-0.866,Haut-Sassandra,Manioc,Argileux,Pluies,184.8,29.6,86.9,1,11.03
2024-11-21,2024,11,4,326,-0.5,0.866,Nawa,Cacao,Limoneux,Seche,69.8,31.3,66.9,1,1.02
2023-10-19,2023,10,4,292,-0.866,0.5,Haut-Sassandra,Manioc,Limoneux,Pluies,215.7,27.4,79.5,0,14.95
2022-10-23,2022,10,4,296,-0.866,0.5,Nawa,Cacao,Argileux,Pluies,232.6,25.2,82.3,0,1.13
2021-10-29,2021,10,4,302,-0.866,0.5,Poro,Anacarde,Limoneux,Seche,3.4,32.5,38.6,0,0.68
2024-10-15,2024,10,4,289,-0.866,0.5,Nawa,Manioc,Argileux,Pluies,167.5,27.2,85.5,0,18.76
2021-08-26,2021,8,3,238,-0.866,-0.5,Haut-Sassandra,Cacao,Sablonneux,Seche,87.4,30.9,66.9,1,1.27
2022-10-09,2022,10,4,282,-0.866,0.5,Haut-Sassandra,Cacao,Sablonneux,Pluies,233.1,28.0,83.9,0,1.16
2022-10-25,2022,10,4,298,-0.866,0.5,Haut-Sassandra,Manioc,Argileux,Pluies,191.4,23.8,80.3,0,16.29
2021-08-24,2021,8,3,236,-0.866,-0.5,Haut-Sassandra,Cacao,Limoneux,Seche,30.2,31.2,76.9,1,1.22
2021-07-22,2021,7,3,203,-0.5,-0.866,Haut-Sassandra,Cacao,Limoneux,Pluies,238.5,27.6,86.8,0,0.97
2021-09-13,2021,9,3,256,-1.0,-0.0,Nawa,Cacao,Limoneux,Pluies,185.3,25.5,87.6,1,1.48
2022-08-21,2022,8,3,233,-0.866,-0.5,Poro,Anacarde,Sablonneux,Pluies,188.5,26.5,73.5,0,0.9
2022-10-24,2022,10,4,297,-0.866,0.5,Nawa,Cacao,Argileux,Pluies,196.4,25.6,87.4,0,1.55
2021-08-23,2021,8,3,235,-0.866,-0.5,Haut-Sassandra,Manioc,Argileux,Seche,16.0,27.9,81.8,1,11.64
2024-09-30,2024,9,3,274,-1.0,-0.0,Poro,Anacarde,Argileux,Pluies,194.4,27.5,81.5,0,1.09
2022-06-18,2022,6,2,169,0.0,-1.0,Poro,Anacarde,Sablonneux,Pluies,188.1,25.2,77.1,1,1.16
2023-05-10,2023,5,2,130,0.5,-0.866,Nawa,Manioc,Argileux,Pluies,157.8,27.5,89.0,1,17.84
2023-02-09,2023,2,1,40,0.866,0.5,Nawa,Maïs,Limoneux,Seche,25.9,29.1,76.9,0,1.14
2022-06-25,2022,6,2,176,0.0,-1.0,Nawa,Cacao,Argileux,Pluies,165.1,26.7,78.7,0,1.8
2021-08-01,2021,8,3,213,-0.866,-0.5,Poro,Anacarde,Sablonneux,Pluies,159.3,29.7,75.9,0,0.77
2022-04-08,2022,4,2,98,0.866,-0.5,Haut-Sassandra,Manioc,Argileux,Seche,58.4,31.2,74.4,0,10.8
2022-03-12,2022,3,1,71,1.0,0.0,Poro,Anacarde,Sablonneux,Seche,11.7,33.9,43.0,0,0.8
2021-10-10,2021,10,4,283,-0.866,0.5,Poro,Maïs,Sablonneux,Seche,24.8,31.9,55.2,0,1.24
2024-12-01,2024,12,4,336,-0.0,1.0,Nawa,Cacao,Limoneux,Seche,66.1,30.3,64.5,0,1.11
2021-03-29,2021,3,1,88,1.0,0.0,Nawa,Cacao,Limoneux,Seche,39.7,28.9,64.1,0,1.27
2023-12-04,2023,12,4,338,-0.0,1.0,Haut-Sassandra,Cacao,Argileux,Seche,21.4,31.9,65.0,0,0.93
2022-04-06,2022,4,2,96,0.866,-0.5,Poro,Cacao,Argileux,Seche,22.5,36.5,41.1,0,0.6
2021-10-05,2021,10,4,278,-0.866,0.5,Nawa,Manioc,Argileux,Pluies,190.8,26.6,85.1,0,17.83
2022-02-25,2022,2,1,56,0.866,0.5,Nawa,Cacao,Argileux,Seche,46.2,33.6,62.3,0,1.07
2024-10-08,2024,10,4,282,-0.866,0.5,Nawa,Cacao,Argileux,Pluies,197.0,28.3,80.6,0,1.74
2022-11-27,2022,11,4,331,-0.5,0.866,Nawa,Cacao,Argileux,Seche,32.4,33.0,68.0,0,1.02
2022-05-30,2022,5,2,150,0.5,-0.866,Haut-Sassandra,Cacao,Sablonneux,Pluies,207.9,28.8,86.0,1,1.79
2022-12-04,2022,12,4,338,-0.0,1.0,Haut-Sassandra,Cacao,Limoneux,Seche,60.9,31.6,69.5,0,1.19
2021-01-19,2021,1,1,19,0.5,0.866,Nawa,Maïs,Limoneux,Seche,58.0,35.7,74.1,0,1.24
2021-01-23,2021,1,1,23,0.5,0.866,Nawa,Cacao,Limoneux,Seche,30.2,29.7,69.6,0,1.05
2022-02-17,2022,2,1,48,0.866,0.5,Poro,Maïs,Sablonneux,Seche,10.1,36.5,36.5,0,1.17
2023-11-20,2023,11,4,324,-0.5,0.866,Nawa,Anacarde,Argileux,Seche,58.3,35.3,68.6,1,0.45
2021-04-18,2021,4,2,108,0.866,-0.5,Haut-Sassandra,Cacao,Argileux,Seche,44.0,27.5,73.0,1,1.12
2024-10-22,2024,10,4,296,-0.866,0.5,Haut-Sassandra,Maïs,Limoneux,Pluies,262.6,27.5,89.8,1,1.12
2024-07-28,2024,7,3,210,-0.5,-0.866,Haut-Sassandra,Maïs,Argileux,Pluies,215.4,26.4,82.9,0,2.05
2024-02-26,2024,2,1,57,0.866,0.5,Nawa,Cacao,Argileux,Seche,32.7,30.6,66.3,0,1.11
2024-06-06,2024,6,2,158,0.0,-1.0,Nawa,Manioc,Argileux,Pluies,155.4,29.0,89.0,0,17.1
2024-02-09,2024,2,1,40,0.866,0.5,Nawa,Cacao,Limoneux,Seche,61.9,28.4,68.0,0,1.22
2021-05-16,2021,5,2,136,0.5,-0.866,Nawa,Manioc,Limoneux,Pluies,153.9,26.5,88.9,1,17.64
2021-12-28,2021,12,4,362,-0.0,1.0,Haut-Sassandra,Cacao,Argileux,Seche,56.1,33.9,63.5,0,1.17
2024-04-24,2024,4,2,115,0.866,-0.5,Poro,Anacarde,Sablonneux,Seche,12.9,31.9,37.1,0,0.8
2021-05-09,2021,5,2,129,0.5,-0.866,Haut-Sassandra,Cacao,Limoneux,Pluies,134.1,28.5,91.7,1,1.64
2024-07-08,2024,7,3,190,-0.5,-0.866,Poro,Anacarde,Sablonneux,Pluies,179.6,27.0,76.7,0,0.93
2022-05-30,2022,5,2,150,0.5,-0.866,Haut-Sassandra,Manioc,Argileux,Pluies,146.8,31.0,83.2,1,11.32
2022-03-25,2022,3,1,84,1.0,0.0,Nawa,Maïs,Limoneux,Seche,21.5,30.1,70.0,0,1.17
2024-02-02,2024,2,1,33,0.866,0.5,Nawa,Cacao,Limoneux,Seche,49.6,29.2,66.4,0,1.16
2024-06-01,2024,6,2,153,0.0,-1.0,Haut-Sassandra,Cacao,Argileux,Pluies,145.0,23.4,86.6,0,1.37
2023-05-24,2023,5,2,144,0.5,-0.866,Poro,Maïs,Limoneux,Seche,27.1,35.2,46.1,1,1.21
2022-04-18,2022,4,2,108,0.866,-0.5,Haut-Sassandra,Cacao,Limoneux,Seche,56.4,29.1,74.7,1,1.05
2023-10-31,2023,10,4,304,-0.866,0.5,Nawa,Manioc,Argileux,Pluies,230.3,22.5,79.8,1,12.35
2024-11-29,2024,11,4,334,-0.5,0.866,Poro,Maïs,Sablonneux,Seche,8.1,30.4,27.5,0,1.19
2021-10-29,2021,10,4,302,-0.866,0.5,Poro,Maïs,Sablonneux,Seche,25.5,37.4,49.6,0,1.4
2021-08-19,2021,8,3,231,-0.866,-0.5,Haut-Sassandra,Maïs,Limoneux,Seche,29.5,30.8,64.1,1,1.41
2023-07-12,2023,7,3,193,-0.5,-0.866,Haut-Sassandra,Maïs,Limoneux,Pluies,214.6,28.5,82.5,0,1.8
2023-12-26,2023,12,4,360,-0.0,1.0,Nawa,Manioc,Limoneux,Seche,56.6,28.8,73.1,0,11.73
2023-07-26,2023,7,3,207,-0.5,-0.866,Haut-Sassandra,Cacao,Limoneux,Pluies,153.1,25.3,84.4,0,1.85
2021-04-22,2021,4,2,112,0.866,-0.5,Nawa,Anacarde,Limoneux,Seche,40.3,32.6,68.3,1,0.37
2023-11-03,2023,11,4,307,-0.5,0.866,Haut-Sassandra,Cacao,Limoneux,Seche,23.5,29.1,74.5,0,1.27
2024-11-17,2024,11,4,322,-0.5,0.866,Haut-Sassandra,Manioc,Limoneux,Seche,59.8,30.8,74.6,0,9.69
2022-05-15,2022,5,2,135,0.5,-0.866,Poro,Maïs,Sablonneux,Seche,14.3,35.8,50.4,1,1.36
2023-07-21,2023,7,3,202,-0.5,-0.866,Nawa,Maïs,Argileux,Pluies,191.3,29.7,88.8,0,1.3
2022-08-21,2022,8,3,233,-0.866,-0.5,Haut-Sassandra,Cacao,Argileux,Seche,49.5,26.1,64.2,1,1.1
2021-08-22,2021,8,3,234,-0.866,-0.5,Nawa,Cacao,Sablonneux,Seche,42.7,24.9,73.0,1,1.29
2022-08-25,2022,8,3,237,-0.866,-0.5,Poro,Cacao,Sablonneux,Pluies,174.7,29.1,73.3,0,0.55
2021-11-10,2021,11,4,314,-0.5,0.866,Poro,Maïs,Sablonneux,Seche,8.6,33.0,40.4,0,1.23
2022-07-20,2022,7,3,201,-0.5,-0.866,Nawa,Cacao,Limoneux,Pluies,179.5,26.4,83.9,0,1.66
2023-11-02,2023,11,4,306,-0.5,0.866,Haut-Sassandra,Maïs,Argileux,Seche,35.5,29.5,67.3,0,1.29
2021-07-28,2021,7,3,209,-0.5,-0.866,Haut-Sassandra,Maïs,Argileux,Pluies,172.4,27.7,85.0,1,1.93
2023-11-04,2023,11,4,308,-0.5,0.866,Haut-Sassandra,Cacao,Argileux,Seche,23.9,26.5,69.2,0,0.97
2024-12-12,2024,12,4,347,-0.0,1.0,Poro,Anacarde,Limoneux,Seche,20.4,31.4,41.8,0,0.74
2024-11-01,2024,11,4,306,-0.5,0.866,Haut-Sassandra,Manioc,Limoneux,Seche,49.6,26.9,63.3,0,11.88
2023-11-10,2023,11,4,314,-0.5,0.866,Haut-Sassandra,Cacao,Sablonneux,Seche,28.3,28.8,69.8,0,1.3
2022-08-10,2022,8,3,222,-0.866,-0.5,Nawa,Cacao,Limoneux,Seche,69.9,32.3,63.3,1,1.21
2023-10-12,2023,10,4,285,-0.866,0.5,Haut-Sassandra,Manioc,Limoneux,Pluies,198.4,25.3,80.8,0,17.61
2023-12-30,2023,12,4,364,-0.0,1.0,Haut-Sassandra,Cacao,Sablonneux,Seche,35.5,35.4,77.1,0,1.09
2024-05-19,2024,5,2,140,0.5,-0.866,Haut-Sassandra,Manioc,Argileux,Pluies,226.0,27.4,86.5,1,15.04
2024-01-30,2024,1,1,30,0.5,0.866,Haut-Sassandra,Maïs,Sablonneux,Seche,66.2,30.1,75.5,0,1.15
2022-11-29,2022,11,4,333,-0.5,0.866,Poro,Cacao,Sablonneux,Seche,6.9,33.1,34.7,0,0.56
2021-05-12,2021,5,2,132,0.5,-0.866,Nawa,Manioc,Sablonneux,Pluies,184.4,24.1,90.2,1,16.74
2024-11-05,2024,11,4,310,-0.5,0.866,Haut-Sassandra,Manioc,Argileux,Seche,101.9,30.3,63.7,0,10.69
2024-03-01,2024,3,1,61,1.0,0.0,Haut-Sassandra,Manioc,Sablonneux,Seche,36.0,26.6,68.4,0,11.84
2023-11-10,2023,11,4,314,-0.5,0.866,Nawa,Manioc,Limoneux,Seche,1.1,29.5,75.8,0,12.36
2022-06-20,2022,6,2,171,0.0,-1.0,Haut-Sassandra,Cacao,Limoneux,Pluies,155.6,25.4,88.5,0,1.61
2023-10-11,2023,10,4,284,-0.866,0.5,Haut-Sassandra,Manioc,Limoneux,Pluies,209.2,22.7,82.5,0,10.58
2021-08-15,2021,8,3,227,-0.866,-0.5,Haut-Sassandra,Maïs,Argileux,Seche,66.2,32.3,62.4,1,1.34
2024-03-23,2024,3,1,83,1.0,0.0,Nawa,Manioc,Limoneux,Seche,40.6,31.8,68.9,0,12.92
2023-04-02,2023,4,2,92,0.866,-0.5,Haut-Sassandra,Cacao,Argileux,Seche,45.3,33.0,61.6,1,1.0
2023-05-21,2023,5,2,141,0.5,-0.866,Haut-Sassandra,Anacarde,Limoneux,Pluies,243.9,26.9,95.8,1,0.41
2022-02-09,2022,2,1,40,0.866,0.5,Poro,Maïs,Argileux,Seche,23.8,31.5,46.7,0,1.32
2021-07-21,2021,7,3,202,-0.5,-0.866,Haut-Sassandra,Cacao,Limoneux,Pluies,212.3,27.5,92.3,0,1.85
2021-02-07,2021,2,1,38,0.866,0.5,Nawa,Cacao,Limoneux,Seche,35.9,32.1,69.8,0,1.04
2023-07-31,2023,7,3,212,-0.5,-0.866,Poro,Anacarde,Sablonneux,Pluies,165.7,27.5,81.9,0,1.07
2021-07-07,2021,7,3,188,-0.5,-0.866,Haut-Sassandra,Cacao,Sablonneux,Pluies,150.5,27.4,83.2,0,1.77
2023-12-17,2023,12,4,351,-0.0,1.0,Poro,Manioc,Sablonneux,Seche,27.1,35.1,46.1,0,6.67
2023-07-30,2023,7,3,211,-0.5,-0.866,Haut-Sassandra,Cacao,Argileux,Pluies,173.3,28.8,85.4,0,1.52
2023-11-10,2023,11,4,314,-0.5,0.866,Nawa,Cacao,Argileux,Seche,39.6,32.3,75.2,0,1.12
2021-09-30,2021,9,3,273,-1.0,-0.0,Nawa,Cacao,Limoneux,Pluies,174.2,26.4,82.9,0,1.54
2024-02-17,2024,2,1,48,0.866,0.5,Nawa,Maïs,Argileux,Seche,62.6,31.3,68.7,0,1.51
2022-08-06,2022,8,3,218,-0.866,-0.5,Haut-Sassandra,Cacao,Limoneux,Seche,47.8,27.9,79.7,1,1.1
2022-05-31,2022,5,2,151,0.5,-0.866,Nawa,Manioc,Argileux,Pluies,106.1,27.9,93.0,1,11.23
2024-05-29,2024,5,2,150,0.5,-0.866,Haut-Sassandra,Cacao,Limoneux,Pluies,222.7,26.3,74.0,1,1.54
2022-06-10,2022,6,2,161,0.0,-1.0,Haut-Sassandra,Cacao,Sablonneux,Pluies,212.5,28.4,87.1,0,1.54
2021-12-02,2021,12,4,336,-0.0,1.0,Nawa,Cacao,Limoneux,Seche,112.8,30.3,69.9,0,1.26
2022-11-29,2022,11,4,333,-0.5,0.866,Haut-Sassandra,Manioc,Argileux,Seche,34.6,27.1,74.8,0,10.81
2023-12-15,2023,12,4,349,-0.0,1.0,Nawa,Manioc,Argileux,Seche,66.4,29.5,64.4,0,10.52
2022-05-15,2022,5,2,135,0.5,-0.866,Haut-Sassandra,Manioc,Argileux,Pluies,189.4,26.9,79.0,1,16.04
2023-06-19,2023,6,2,170,0.0,-1.0,Haut-Sassandra,Maïs,Argileux,Pluies,221.6,27.1,88.0,0,1.93
2023-02-05,2023,2,1,36,0.866,0.5,Haut-Sassandra,Cacao,Argileux,Seche,70.0,27.0,66.1,0,0.99
2022-06-20,2022,6,2,171,0.0,-1.0,Nawa,Manioc,Argileux,Pluies,127.1,23.8,85.3,0,18.0
2021-06-11,2021,6,2,162,0.0,-1.0,Haut-Sassandra,Cacao,Argileux,Pluies,226.2,28.6,84.8,0,1.36
2022-08-17,2022,8,3,229,-0.866,-0.5,Poro,Maïs,Limoneux,Pluies,181.1,26.2,76.5,0,1.89
2021-06-08,2021,6,2,159,0.0,-1.0,Nawa,Cacao,Argileux,Pluies,198.1,25.0,88.9,0,1.49
2024-04-26,2024,4,2,117,0.866,-0.5,Haut-Sassandra,Cacao,Limoneux,Seche,48.9,28.5,75.5,1,1.05
2021-03-01,2021,3,1,60,1.0,0.0,Haut-Sassandra,Cacao,Limoneux,Seche,56.1,27.4,63.3,0,1.13
2023-07-04,2023,7,3,185,-0.5,-0.866,Nawa,Maïs,Limoneux,Pluies,228.5,24.8,83.7,0,2.06
2024-09-04,2024,9,3,248,-1.0,-0.0,Haut-Sassandra,Manioc,Limoneux,Pluies,210.5,27.0,80.2,1,19.06
2021-07-30,2021,7,3,211,-0.5,-0.866,Nawa,Manioc,Argileux,Pluies,227.8,24.1,93.9,0,17.97
2022-02-10,2022,2,1,41,0.866,0.5,Haut-Sassandra,Manioc,Limoneux,Seche,55.4,27.8,60.4,0,11.28
2022-10-26,2022,10,4,299,-0.866,0.5,Haut-Sassandra,Manioc,Argileux,Pluies,186.9,26.7,85.8,0,17.04
2024-02-07,2024,2,1,38,0.866,0.5,Haut-Sassandra,Cacao,Limoneux,Seche,56.1,29.4,71.2,0,1.07
2024-01-05,2024,1,1,5,0.5,0.866,Haut-Sassandra,Cacao,Argileux,Seche,35.1,29.0,68.3,0,1.05
2022-06-26,2022,6,2,177,0.0,-1.0,Haut-Sassandra,Manioc,Argileux,Pluies,90.0,28.2,86.8,0,12.3
2024-08-30,2024,8,3,243,-0.866,-0.5,Nawa,Cacao,Argileux,Seche,58.0,32.4,78.0,1,1.02
2023-09-25,2023,9,3,268,-1.0,-0.0,Nawa,Manioc,Limoneux,Pluies,191.0,25.2,80.6,1,13.9
2024-02-15,2024,2,1,46,0.866,0.5,Haut-Sassandra,Maïs,Limoneux,Seche,60.7,30.7,61.0,0,1.4
2023-07-16,2023,7,3,197,-0.5,-0.866,Haut-Sassandra,Maïs,Limoneux,Pluies,201.4,26.7,87.4,0,1.8
2023-05-18,2023,5,2,138,0.5,-0.866,Poro,Manioc,Sablonneux,Seche,2.6,35.8,46.1,1,6.66
2021-01-19,2021,1,1,19,0.5,0.866,Haut-Sassandra,Cacao,Argileux,Seche,30.6,32.5,75.2,0,1.03
2022-03-08,2022,3,1,67,1.0,0.0,Nawa,Maïs,Argileux,Seche,40.5,28.7,76.7,0,1.2
2023-01-10,2023,1,1,10,0.5,0.866,Poro,Anacarde,Sablonneux,Seche,18.8,36.4,45.1,0,0.72
2024-10-05,2024,10,4,279,-0.866,0.5,Haut-Sassandra,Manioc,Sablonneux,Pluies,192.6,23.7,82.8,0,17.49
2021-07-02,2021,7,3,183,-0.5,-0.866,Haut-Sassandra,Manioc,Argileux,Pluies,197.2,25.3,85.3,0,17.36
2021-04-23,2021,4,2,113,0.866,-0.5,Poro,Anacarde,Sablonneux,Seche,20.8,28.8,36.7,0,0.76
2024-04-21,2024,4,2,112,0.866,-0.5,Nawa,Cacao,Argileux,Seche,36.8,31.6,68.4,1,1.09
2022-04-26,2022,4,2,116,0.866,-0.5,Nawa,Cacao,Argileux,Seche,35.5,30.1,78.4,1,1.08
2024-03-15,2024,3,1,75,1.0,0.0,Haut-Sassandra,Maïs,Limoneux,Seche,38.9,31.7,59.8,0,1.55
2023-04-11,2023,4,2,101,0.866,-0.5,Nawa,Maïs,Argileux,Seche,57.4,30.2,71.8,1,1.24
2024-02-11,2024,2,1,42,0.866,0.5,Haut-Sassandra,Maïs,Argileux,Seche,52.5,29.3,75.4,0,1.26
2023-02-02,2023,2,1,33,0.866,0.5,Nawa,Anacarde,Argileux,Seche,72.4,27.3,69.4,0,0.37
2022-04-21,2022,4,2,111,0.866,-0.5,Poro,Anacarde,Limoneux,Seche,9.9,34.0,41.9,1,0.73
2023-02-02,2023,2,1,33,0.866,0.5,Haut-Sassandra,Cacao,Argileux,Seche,58.3,29.2,78.6,0,1.06
2024-08-19,2024,8,3,232,-0.866,-0.5,Haut-Sassandra,Cacao,Sablonneux,Seche,42.9,28.8,65.9,1,1.22
2023-08-29,2023,8,3,241,-0.866,-0.5,Haut-Sassandra,Cacao,Limoneux,Seche,50.7,30.4,72.5,1,1.2
2023-10-17,2023,10,4,290,-0.866,0.5,Nawa,Cacao,Argileux,Pluies,194.3,26.7,98.3,0,1.76
2024-02-16,2024,2,1,47,0.866,0.5,Haut-Sassandra,Manioc,Argileux,Seche,43.7,31.7,77.0,0,10.98
2021-06-10,2021,6,2,161,0.0,-1.0,Poro,Manioc,Sablonneux,Pluies,186.5,28.9,72.2,1,8.7
2022-02-05,2022,2,1,36,0.866,0.5,Haut-Sassandra,Anacarde,Sablonneux,Seche,92.1,24.4,67.6,0,0.44
2021-07-17,2021,7,3,198,-0.5,-0.866,Nawa,Cacao,Argileux,Pluies,206.8,22.4,81.6,0,1.12
2024-07-07,2024,7,3,189,-0.5,-0.866,Poro,Maïs,Sablonneux,Pluies,164.4,29.1,82.4,0,1.3
2022-10-22,2022,10,4,295,-0.866,0.5,Haut-Sassandra,Maïs,Argileux,Pluies,176.8,25.7,88.5,0,1.82
2023-12-07,2023,12,4,341,-0.0,1.0,Haut-Sassandra,Anacarde,Argileux,Seche,33.3,30.1,63.5,0,0.39
2022-02-03,2022,2,1,34,0.866,0.5,Haut-Sassandra,Cacao,Argileux,Seche,34.6,30.0,71.8,0,0.99
2021-03-19,2021,3,1,78,1.0,0.0,Poro,Anacarde,Argileux,Seche,29.8,35.0,38.1,0,0.78
2021-05-04,2021,5,2,124,0.5,-0.866,Haut-Sassandra,Manioc,Argileux,Pluies,152.1,27.2,88.1,1,17.48
2021-03-16,2021,3,1,75,1.0,0.0,Haut-Sassandra,Manioc,Sablonneux,Seche,66.6,34.0,64.1,0,10.6
2021-05-17,2021,5,2,137,0.5,-0.866,Nawa,Maïs,Sablonneux,Pluies,109.1,25.3,90.4,1,1.1
2022-08-25,2022,8,3,237,-0.866,-0.5,Haut-Sassandra,Anacarde,Sablonneux,Seche,58.1,26.3,66.2,1,0.4
2024-11-24,2024,11,4,329,-0.5,0.866,Haut-Sassandra,Cacao,Argileux,Seche,38.5,30.7,71.1,0,1.14
2023-04-17,2023,4,2,107,0.866,-0.5,Nawa,Manioc,Limoneux,Seche,57.2,30.8,61.1,1,11.97
2022-05-15,2022,5,2,135,0.5,-0.866,Nawa,Maïs,Argileux,Pluies,149.5,26.8,80.0,1,1.79
2021-05-18,2021,5,2,138,0.5,-0.866,Nawa,Cacao,Limoneux,Pluies,127.4,25.1,85.0,1,1.55
2021-02-19,2021,2,1,50,0.866,0.5,Poro,Manioc,Limoneux,Seche,0.0,34.8,43.5,0,5.79
2023-08-31,2023,8,3,243,-0.866,-0.5,Nawa,Maïs,Sablonneux,Seche,12.0,27.8,66.3,0,1.38
2021-09-11,2021,9,3,254,-1.0,-0.0,Nawa,Cacao,Limoneux,Pluies,205.9,25.1,82.3,1,1.53
2022-12-11,2022,12,4,345,-0.0,1.0,Haut-Sassandra,Cacao,Argileux,Seche,62.2,31.3,61.5,0,1.14
2022-07-17,2022,7,3,198,-0.5,-0.866,Haut-Sassandra,Anacarde,Limoneux,Pluies,120.3,26.5,84.4,0,0.57
2023-01-27,2023,1,1,27,0.5,0.866,Nawa,Cacao,Limoneux,Seche,0.0,28.4,65.1,0,0.96
2024-12-20,2024,12,4,355,-0.0,1.0,Nawa,Cacao,Argileux,Seche,49.4,30.8,66.6,0,1.08
2022-07-01,2022,7,3,182,-0.5,-0.866,Poro,Cacao,Sablonneux,Pluies,108.2,25.0,63.9,0,0.61
2024-08-18,2024,8,3,231,-0.866,-0.5,Haut-Sassandra,Cacao,Argileux,Seche,40.3,32.1,65.5,1,1.23
2023-07-11,2023,7,3,192,-0.5,-0.866,Haut-Sassandra,Cacao,Limoneux,Pluies,142.0,23.5,83.3,0,1.28
2022-08-04,2022,8,3,216,-0.866,-0.5,Nawa,Cacao,Argileux,Seche,53.1,33.7,79.2,1,1.18
2024-10-04,2024,10,4,278,-0.866,0.5,Nawa,Cacao,Argileux,Pluies,130.8,25.8,90.0,0,1.48
2021-02-18,2021,2,1,49,0.866,0.5,Poro,Anacarde,Sablonneux,Seche,21.0,32.8,42.2,0,0.74
2023-07-06,2023,7,3,187,-0.5,-0.866,Nawa,Cacao,Sablonneux,Pluies,203.0,27.5,89.3,0,1.54
2024-01-03,2024,1,1,3,0.5,0.866,Haut-Sassandra,Maïs,Argileux,Seche,49.4,28.7,69.0,0,1.06
2022-12-05,2022,12,4,339,-0.0,1.0,Poro,Maïs,Sablonneux,Seche,10.6,31.8,40.9,0,1.1
2021-09-18,2021,9,3,261,-1.0,-0.0,Haut-Sassandra,Cacao,Argileux,Pluies,151.6,27.5,85.0,1,1.57
2021-12-22,2021,12,4,356,-0.0,1.0,Poro,Anacarde,Argileux,Seche,13.2,37.2,33.3,0,0.8
2024-07-07,2024,7,3,189,-0.5,-0.866,Nawa,Manioc,Argileux,Pluies,183.7,27.8,78.4,0,13.73
2022-09-30,2022,9,3,273,-1.0,-0.0,Poro,Anacarde,Argileux,Pluies,153.1,29.5,79.6,0,0.65
2023-01-13,2023,1,1,13,0.5,0.866,Poro,Manioc,Argileux,Seche,20.6,32.8,41.4,0,6.12
2024-08-11,2024,8,3,224,-0.866,-0.5,Nawa,Cacao,Limoneux,Seche,39.3,29.9,73.8,1,1.12
2023-10-07,2023,10,4,280,-0.866,0.5,Haut-Sassandra,Cacao,Limoneux,Pluies,195.4,26.0,85.2,0,1.53
2023-07-20,2023,7,3,201,-0.5,-0.866,Nawa,Manioc,Argileux,Pluies,116.3,27.4,80.8,0,18.53
2022-10-03,2022,10,4,276,-0.866,0.5,Haut-Sassandra,Cacao,Limoneux,Pluies,157.4,28.7,85.8,0,1.48
2023-03-03,2023,3,1,62,1.0,0.0,Poro,Anacarde,Sablonneux,Seche,15.8,34.6,26.5,0,0.74
2024-08-29,2024,8,3,242,-0.866,-0.5,Poro,Anacarde,Sablonneux,Pluies,165.0,29.2,77.8,0,0.81
2022-09-04,2022,9,3,247,-1.0,-0.0,Nawa,Maïs,Limoneux,Pluies,188.9,26.6,81.0,1,1.61
2023-03-20,2023,3,1,79,1.0,0.0,Poro,Anacarde,Sablonneux,Seche,17.3,34.7,46.5,0,0.69
2024-04-20,2024,4,2,111,0.866,-0.5,Nawa,Manioc,Argileux,Seche,24.4,28.5,64.9,1,12.87
2022-11-17,2022,11,4,321,-0.5,0.866,Haut-Sassandra,Manioc,Argileux,Seche,53.6,33.9,63.0,0,13.14
2024-10-19,2024,10,4,293,-0.866,0.5,Nawa,Cacao,Argileux,Pluies,162.3,28.7,85.9,0,1.68
2021-07-07,2021,7,3,188,-0.5,-0.866,Poro,Anacarde,Sablonneux,Pluies,162.7,27.5,79.5,0,0.99
2023-09-12,2023,9,3,255,-1.0,-0.0,Nawa,Manioc,Argileux,Pluies,196.9,28.0,91.3,1,17.01
2022-07-02,2022,7,3,183,-0.5,-0.866,Poro,Anacarde,Sablonneux,Pluies,193.0,27.6,82.2,0,1.15
2022-12-26,2022,12,4,360,-0.0,1.0,Nawa,Maïs,Argileux,Seche,79.8,29.7,59.7,0,1.31
2023-07-15,2023,7,3,196,-0.5,-0.866,Nawa,Anacarde,Limoneux,Pluies,200.1,22.2,86.0,0,0.42
2024-12-02,2024,12,4,337,-0.0,1.0,Nawa,Cacao,Limoneux,Seche,31.0,28.3,67.3,0,1.09
2023-05-26,2023,5,2,146,0.5,-0.866,Haut-Sassandra,Manioc,Limoneux,Pluies,183.5,26.2,85.4,1,16.89
2022-09-10,2022,9,3,253,-1.0,-0.0,Haut-Sassandra,Manioc,Limoneux,Pluies,189.6,24.6,82.4,1,17.55
2022-02-18,2022,2,1,49,0.866,0.5,Poro,Maïs,Limoneux,Seche,19.4,34.6,48.9,0,1.31
2024-09-27,2024,9,3,271,-1.0,-0.0,Poro,Maïs,Limoneux,Pluies,168.5,29.5,73.9,0,1.4
2024-05-28,2024,5,2,149,0.5,-0.866,Poro,Manioc,Limoneux,Seche,25.1,33.0,46.5,1,6.26
2023-06-22,2023,6,2,173,0.0,-1.0,Nawa,Cacao,Limoneux,Pluies,245.0,26.2,89.4,0,1.15
2021-06-12,2021,6,2,163,0.0,-1.0,Haut-Sassandra,Cacao,Argileux,Pluies,228.1,26.4,84.9,0,1.75
2024-05-28,2024,5,2,149,0.5,-0.866,Haut-Sassandra,Cacao,Argileux,Pluies,135.8,28.5,84.3,1,1.4
2021-09-27,2021,9,3,270,-1.0,-0.0,Nawa,Manioc,Limoneux,Pluies,190.8,23.6,88.3,1,16.24
2022-09-24,2022,9,3,267,-1.0,-0.0,Haut-Sassandra,Manioc,Limoneux,Pluies,194.2,24.8,80.3,1,17.19
2023-06-25,2023,6,2,176,0.0,-1.0,Nawa,Cacao,Limoneux,Pluies,133.2,25.8,84.3,0,1.69
2024-11-24,2024,11,4,329,-0.5,0.866,Poro,Anacarde,Argileux,Seche,23.0,34.2,51.4,0,0.78
2024-04-20,2024,4,2,111,0.866,-0.5,Poro,Maïs,Sablonneux,Seche,14.9,36.7,49.3,0,1.13
2021-07-24,2021,7,3,205,-0.5,-0.866,Nawa,Cacao,Limoneux,Pluies,158.1,26.7,81.9,0,1.67
2022-08-05,2022,8,3,217,-0.866,-0.5,Nawa,Cacao,Limoneux,Seche,59.1,32.8,73.5,1,1.2
2023-04-21,2023,4,2,111,0.866,-0.5,Nawa,Cacao,Argileux,Seche,63.8,25.9,64.0,1,1.27
2024-06-05,2024,6,2,157,0.0,-1.0,Poro,Anacarde,Argileux,Pluies,190.9,27.4,74.1,1,1.18
2022-08-19,2022,8,3,231,-0.866,-0.5,Haut-Sassandra,Maïs,Argileux,Seche,51.6,29.6,73.5,1,1.13
2021-09-07,2021,9,3,250,-1.0,-0.0,Haut-Sassandra,Cacao,Limoneux,Pluies,200.7,24.5,92.0,1,1.53
2023-05-25,2023,5,2,145,0.5,-0.866,Poro,Maïs,Limoneux,Seche,0.0,32.1,68.0,1,1.3
2021-07-15,2021,7,3,196,-0.5,-0.866,Haut-Sassandra,Cacao,Argileux,Pluies,164.1,27.5,84.3,0,1.53
2022-11-21,2022,11,4,325,-0.5,0.866,Haut-Sassandra,Cacao,Limoneux,Seche,35.1,28.6,57.9,0,1.04
2023-12-30,2023,12,4,364,-0.0,1.0,Nawa,Manioc,Sablonneux,Seche,50.3,29.9,71.8,0,11.45
2022-10-01,2022,10,4,274,-0.866,0.5,Nawa,Maïs,Argileux,Pluies,199.7,25.2,89.9,0,1.7
2024-11-23,2024,11,4,328,-0.5,0.866,Nawa,Cacao,Argileux,Seche,47.6,27.9,64.9,0,1.14
2022-11-03,2022,11,4,307,-0.5,0.866,Haut-Sassandra,Manioc,Limoneux,Seche,45.3,31.4,66.2,0,10.82
2024-05-11,2024,5,2,132,0.5,-0.866,Nawa,Cacao,Argileux,Pluies,177.6,24.7,88.7,1,1.84
2024-03-17,2024,3,1,77,1.0,0.0,Nawa,Maïs,Limoneux,Seche,38.7,24.1,77.4,0,1.21
2023-08-02,2023,8,3,214,-0.866,-0.5,Haut-Sassandra,Manioc,Argileux,Seche,64.7,29.0,67.5,1,11.67
2021-07-18,2021,7,3,199,-0.5,-0.866,Haut-Sassandra,Cacao,Argileux,Pluies,194.9,24.8,79.5,0,1.74
2024-12-20,2024,12,4,355,-0.0,1.0,Haut-Sassandra,Maïs,Argileux,Seche,19.0,28.8,70.2,0,1.18
2022-05-07,2022,5,2,127,0.5,-0.866,Haut-Sassandra,Cacao,Limoneux,Pluies,150.8,27.3,82.4,1,1.76
2023-06-15,2023,6,2,166,0.0,-1.0,Nawa,Manioc,Argileux,Pluies,195.7,26.4,78.2,0,16.35
2021-05-22,2021,5,2,142,0.5,-0.866,Nawa,Cacao,Limoneux,Pluies,250.0,26.9,87.0,1,1.21
2024-08-29,2024,8,3,242,-0.866,-0.5,Nawa,Manioc,Argileux,Seche,32.5,31.8,64.0,1,11.58
2021-06-14,2021,6,2,165,0.0,-1.0,Haut-Sassandra,Manioc,Argileux,Pluies,176.1,28.6,82.6,0,14.36
2021-11-10,2021,11,4,314,-0.5,0.866,Poro,Maïs,Argileux,Seche,11.7,32.7,37.9,0,1.29
2021-01-21,2021,1,1,21,0.5,0.866,Nawa,Maïs,Limoneux,Seche,65.3,34.4,55.3,0,1.33
2024-01-11,2024,1,1,11,0.5,0.866,Haut-Sassandra,Cacao,Argileux,Seche,19.2,32.3,68.8,0,1.23
2024-02-29,2024,2,1,60,0.866,0.5,Haut-Sassandra,Maïs,Sablonneux,Seche,57.6,31.1,68.6,0,1.22
2023-09-11,2023,9,3,254,-1.0,-0.0,Haut-Sassandra,Manioc,Limoneux,Pluies,193.4,29.5,91.0,1,11.31
2021-11-01,2021,11,4,305,-0.5,0.866,Haut-Sassandra,Manioc,Argileux,Seche,50.6,28.0,64.1,0,13.55
2022-01-06,2022,1,1,6,0.5,0.866,Haut-Sassandra,Cacao,Argileux,Seche,2.4,30.4,81.1,0,1.08
2023-05-03,2023,5,2,123,0.5,-0.866,Nawa,Cacao,Sablonneux,Pluies,167.8,30.5,89.9,1,1.19
2022-01-19,2022,1,1,19,0.5,0.866,Nawa,Manioc,Argileux,Seche,46.6,29.4,66.3,0,11.28
2022-03-21,2022,3,1,80,1.0,0.0,Haut-Sassandra,Cacao,Sablonneux,Seche,22.5,24.7,74.3,0,0.89
2022-03-01,2022,3,1,60,1.0,0.0,Haut-Sassandra,Cacao,Argileux,Seche,53.8,29.7,69.3,0,1.09
2021-06-10,2021,6,2,161,0.0,-1.0,Poro,Anacarde,Limoneux,Pluies,191.1,27.7,76.2,1,1.04
2024-04-16,2024,4,2,107,0.866,-0.5,Poro,Anacarde,Sablonneux,Seche,12.7,31.1,49.2,0,0.83
2022-09-21,2022,9,3,264,-1.0,-0.0,Poro,Maïs,Sablonneux,Pluies,136.7,29.2,78.8,0,1.35
2023-06-14,2023,6,2,165,0.0,-1.0,Nawa,Maïs,Limoneux,Pluies,249.8,26.0,86.2,1,1.32
2022-05-05,2022,5,2,125,0.5,-0.866,Nawa,Cacao,Argileux,Pluies,204.0,25.2,94.7,1,1.66
2023-10-14,2023,10,4,287,-0.866,0.5,Haut-Sassandra,Cacao,Limoneux,Pluies,201.8,27.3,87.8,0,1.71
2021-11-23,2021,11,4,327,-0.5,0.866,Haut-Sassandra,Manioc,Argileux,Seche,45.7,27.5,68.1,0,10.46
2022-08-21,2022,8,3,233,-0.866,-0.5,Nawa,Cacao,Limoneux,Seche,37.5,27.6,73.5,1,1.1
2023-10-12,2023,10,4,285,-0.866,0.5,Haut-Sassandra,Cacao,Limoneux,Pluies,148.9,26.8,87.5,0,1.51
2021-10-16,2021,10,4,289,-0.866,0.5,Haut-Sassandra,Manioc,Argileux,Pluies,183.5,27.4,81.6,0,15.77
2022-08-16,2022,8,3,228,-0.866,-0.5,Poro,Maïs,Argileux,Pluies,129.1,30.0,68.2,0,1.31
2022-07-27,2022,7,3,208,-0.5,-0.866,Nawa,Cacao,Argileux,Pluies,181.8,24.5,84.8,0,1.68
2024-10-09,2024,10,4,283,-0.866,0.5,Nawa,Cacao,Argileux,Pluies,164.1,28.0,84.4,0,1.69
2021-01-28,2021,1,1,28,0.5,0.866,Haut-Sassandra,Manioc,Argileux,Seche,63.7,29.5,76.3,0,14.79
2023-08-12,2023,8,3,224,-0.866,-0.5,Poro,Anacarde,Sablonneux,Pluies,181.5,28.8,69.8,0,1.05
2021-02-12,2021,2,1,43,0.866,0.5,Haut-Sassandra,Cacao,Argileux,Seche,21.5,25.9,71.8,0,1.13
2022-02-27,2022,2,1,58,0.866,0.5,Nawa,Cacao,Limoneux,Seche,62.8,32.2,61.3,0,1.21
2021-06-26,2021,6,2,177,0.0,-1.0,Nawa,Manioc,Limoneux,Pluies,150.8,28.2,87.6,0,15.58
2022-06-13,2022,6,2,164,0.0,-1.0,Haut-Sassandra,Cacao,Argileux,Pluies,273.9,29.7,78.0,0,1.13
2023-08-24,2023,8,3,236,-0.866,-0.5,Haut-Sassandra,Cacao,Argileux,Seche,61.9,30.8,71.2,1,1.11
2021-07-17,2021,7,3,198,-0.5,-0.866,Nawa,Manioc,Argileux,Pluies,220.8,22.8,85.8,0,11.34
2022-09-02,2022,9,3,245,-1.0,-0.0,Nawa,Manioc,Limoneux,Pluies,268.7,27.9,87.1,1,11.8
2023-04-22,2023,4,2,112,0.866,-0.5,Nawa,Anacarde,Sablonneux,Seche,68.1,28.6,63.2,1,0.41
2023-05-03,2023,5,2,123,0.5,-0.866,Nawa,Cacao,Argileux,Pluies,176.9,30.5,86.9,1,1.12
2021-01-22,2021,1,1,22,0.5,0.866,Poro,Maïs,Limoneux,Seche,25.4,40.1,47.9,0,1.35
2024-02-10,2024,2,1,41,0.866,0.5,Haut-Sassandra,Manioc,Argileux,Seche,76.6,26.6,55.6,0,13.43
2023-12-17,2023,12,4,351,-0.0,1.0,Poro,Maïs,Limoneux,Seche,12.8,30.6,44.5,0,1.4
2023-12-26,2023,12,4,360,-0.0,1.0,Haut-Sassandra,Cacao,Argileux,Seche,52.6,27.1,78.4,0,1.13
2023-04-22,2023,4,2,112,0.866,-0.5,Nawa,Maïs,Sablonneux,Seche,18.5,27.8,78.3,1,1.24
2021-04-08,2021,4,2,98,0.866,-0.5,Poro,Anacarde,Sablonneux,Seche,6.1,32.3,38.7,0,0.72
2024-03-13,2024,3,1,73,1.0,0.0,Haut-Sassandra,Manioc,Argileux,Seche,41.2,31.7,79.9,0,12.67
2022-03-11,2022,3,1,70,1.0,0.0,Nawa,Manioc,Limoneux,Seche,45.3,29.5,80.1,0,13.55
2022-09-29,2022,9,3,272,-1.0,-0.0,Poro,Manioc,Sablonneux,Pluies,130.5,28.1,82.0,0,7.46
2024-01-15,2024,1,1,15,0.5,0.866,Poro,Maïs,Argileux,Seche,16.8,35.4,47.5,0,1.21
2022-08-11,2022,8,3,223,-0.866,-0.5,Nawa,Manioc,Limoneux,Seche,52.5,30.1,68.0,1,11.49
2021-12-10,2021,12,4,344,-0.0,1.0,Nawa,Manioc,Limoneux,Seche,32.6,30.6,66.7,0,10.85
2024-08-10,2024,8,3,223,-0.866,-0.5,Nawa,Cacao,Sablonneux,Seche,43.3,31.6,67.0,1,1.03
2022-07-25,2022,7,3,206,-0.5,-0.866,Nawa,Cacao,Argileux,Pluies,194.0,25.9,83.5,0,1.65
2022-09-03,2022,9,3,246,-1.0,-0.0,Nawa,Manioc,Limoneux,Pluies,245.4,24.5,89.8,1,13.07
2021-08-31,2021,8,3,243,-0.866,-0.5,Nawa,Manioc,Argileux,Seche,24.4,30.9,61.5,1,10.63
2022-07-15,2022,7,3,196,-0.5,-0.866,Nawa,Manioc,Argileux,Pluies,285.8,24.0,81.5,0,12.61
2023-08-18,2023,8,3,230,-0.866,-0.5,Haut-Sassandra,Cacao,Argileux,Seche,37.3,29.8,72.0,1,0.96
2021-02-01,2021,2,1,32,0.866,0.5,Nawa,Cacao,Argileux,Seche,36.4,29.2,66.3,0,1.27
2022-01-26,2022,1,1,26,0.5,0.866,Haut-Sassandra,Anacarde,Sablonneux,Seche,49.1,30.5,73.0,0,0.41
2021-10-04,2021,10,4,277,-0.866,0.5,Haut-Sassandra,Cacao,Argileux,Pluies,212.3,25.6,84.7,0,1.51
2022-06-16,2022,6,2,167,0.0,-1.0,Nawa,Cacao,Limoneux,Pluies,165.0,29.1,86.8,0,1.12
2024-03-23,2024,3,1,83,1.0,0.0,Poro,Anacarde,Limoneux,Seche,22.5,35.9,50.9,0,0.62
2022-01-18,2022,1,1,18,0.5,0.866,Haut-Sassandra,Anacarde,Limoneux,Seche,66.1,33.5,66.9,0,0.41
2023-12-28,2023,12,4,362,-0.0,1.0,Nawa,Manioc,Sablonneux,Seche,77.3,27.9,63.9,0,12.67
2023-06-03,2023,6,2,154,0.0,-1.0,Nawa,Manioc,Sablonneux,Pluies,125.2,27.7,83.5,0,17.31
2021-08-02,2021,8,3,214,-0.866,-0.5,Haut-Sassandra,Maïs,Argileux,Seche,36.1,29.1,64.3,1,1.36
2022-01-11,2022,1,1,11,0.5,0.866,Poro,Anacarde,Sablonneux,Seche,5.2,38.0,36.8,0,0.74
2023-01-14,2023,1,1,14,0.5,0.866,Haut-Sassandra,Cacao,Limoneux,Seche,66.6,25.0,64.5,0,1.05
2021-08-01,2021,8,3,213,-0.866,-0.5,Haut-Sassandra,Cacao,Limoneux,Seche,31.3,29.8,71.3,1,1.06
2021-03-20,2021,3,1,79,1.0,0.0,Nawa,Manioc,Argileux,Seche,38.4,29.2,62.9,0,11.94
2022-09-20,2022,9,3,263,-1.0,-0.0,Haut-Sassandra,Manioc,Limoneux,Pluies,199.0,24.9,85.6,1,16.2
2022-08-27,2022,8,3,239,-0.866,-0.5,Nawa,Cacao,Sablonneux,Seche,64.7,27.3,66.3,0,1.09
2023-02-21,2023,2,1,52,0.866,0.5,Haut-Sassandra,Manioc,Limoneux,Seche,52.3,28.4,67.0,0,11.59
2024-11-05,2024,11,4,310,-0.5,0.866,Nawa,Manioc,Limoneux,Seche,50.0,29.5,62.1,0,10.62
2023-09-28,2023,9,3,271,-1.0,-0.0,Haut-Sassandra,Maïs,Argileux,Pluies,181.0,24.7,88.0,1,1.75
2022-11-11,2022,11,4,315,-0.5,0.866,Nawa,Cacao,Limoneux,Seche,67.3,27.3,71.6,0,1.06
2021-02-27,2021,2,1,58,0.866,0.5,Haut-Sassandra,Cacao,Limoneux,Seche,12.2,29.3,64.2,0,1.17
2023-11-16,2023,11,4,320,-0.5,0.866,Nawa,Maïs,Argileux,Seche,59.1,30.4,72.4,0,1.26
2023-05-31,2023,5,2,151,0.5,-0.866,Nawa,Cacao,Limoneux,Pluies,165.0,28.8,87.9,1,1.42
2022-03-23,2022,3,1,82,1.0,0.0,Nawa,Cacao,Limoneux,Seche,70.2,31.7,69.0,0,1.16
2021-03-07,2021,3,1,66,1.0,0.0,Poro,Maïs,Sablonneux,Seche,13.8,32.2,34.4,0,1.29
2024-07-01,2024,7,3,183,-0.5,-0.866,Nawa,Cacao,Sablonneux,Pluies,140.1,26.4,86.3,0,1.78
2023-12-04,2023,12,4,338,-0.0,1.0,Haut-Sassandra,Manioc,Argileux,Seche,27.2,33.2,67.8,0,11.6
2024-01-26,2024,1,1,26,0.5,0.866,Nawa,Manioc,Limoneux,Seche,23.0,31.6,71.6,0,10.61
2023-10-09,2023,10,4,282,-0.866,0.5,Poro,Anacarde,Limoneux,Seche,17.8,31.4,27.1,0,0.78
2021-08-15,2021,8,3,227,-0.866,-0.5,Poro,Anacarde,Sablonneux,Pluies,104.6,29.4,79.9,0,0.72
2023-02-13,2023,2,1,44,0.866,0.5,Poro,Anacarde,Limoneux,Seche,7.5,34.0,28.6,0,0.81
2022-11-10,2022,11,4,314,-0.5,0.866,Nawa,Cacao,Limoneux,Seche,41.2,29.5,67.6,0,1.13
2024-12-30,2024,12,4,365,-0.0,1.0,Haut-Sassandra,Cacao,Argileux,Seche,65.3,27.6,68.1,0,0.98
2022-08-24,2022,8,3,236,-0.866,-0.5,Nawa,Cacao,Argileux,Seche,57.1,28.4,74.7,1,1.02
2022-01-14,2022,1,1,14,0.5,0.866,Haut-Sassandra,Manioc,Argileux,Seche,31.1,31.3,70.6,0,11.28
2024-04-16,2024,4,2,107,0.866,-0.5,Poro,Manioc,Sablonneux,Seche,0.8,33.5,30.3,0,5.62
2024-12-21,2024,12,4,356,-0.0,1.0,Poro,Anacarde,Limoneux,Seche,10.1,32.5,38.4,0,0.79
2022-12-10,2022,12,4,344,-0.0,1.0,Nawa,Manioc,Limoneux,Seche,31.0,28.6,64.7,1,10.56
2021-11-03,2021,11,4,307,-0.5,0.866,Poro,Maïs,Sablonneux,Seche,22.8,33.8,47.9,0,1.25
2023-02-18,2023,2,1,49,0.866,0.5,Nawa,Cacao,Sablonneux,Seche,62.1,28.7,69.3,0,1.15
2022-05-19,2022,5,2,139,0.5,-0.866,Haut-Sassandra,Cacao,Argileux,Pluies,191.5,26.2,85.8,1,1.35
2021-09-25,2021,9,3,268,-1.0,-0.0,Haut-Sassandra,Cacao,Limoneux,Pluies,182.8,26.5,87.8,1,1.88
2021-01-08,2021,1,1,8,0.5,0.866,Haut-Sassandra,Maïs,Limoneux,Seche,48.8,30.5,62.1,0,1.23
2022-05-23,2022,5,2,143,0.5,-0.866,Haut-Sassandra,Cacao,Argileux,Pluies,154.9,26.4,86.6,1,1.68
2022-04-21,2022,4,2,111,0.866,-0.5,Poro,Anacarde,Sablonneux,Seche,8.6,31.1,39.0,0,0.79
2024-08-13,2024,8,3,226,-0.866,-0.5,Nawa,Cacao,Sablonneux,Seche,30.9,29.5,75.1,1,0.98
2021-06-13,2021,6,2,164,0.0,-1.0,Haut-Sassandra,Cacao,Limoneux,Pluies,194.6,26.0,80.4,0,1.44
2022-04-30,2022,4,2,120,0.866,-0.5,Haut-Sassandra,Manioc,Argileux,Seche,50.8,35.0,66.6,1,11.84
2024-01-01,2024,1,1,1,0.5,0.866,Nawa,Cacao,Limoneux,Seche,77.6,29.9,75.3,0,1.39
2022-07-21,2022,7,3,202,-0.5,-0.866,Nawa,Cacao,Argileux,Pluies,277.3,27.7,87.2,0,1.02
2023-06-24,2023,6,2,175,0.0,-1.0,Nawa,Cacao,Limoneux,Pluies,214.1,26.2,83.8,0,1.72
2022-07-13,2022,7,3,194,-0.5,-0.866,Poro,Anacarde,Limoneux,Pluies,194.0,28.3,76.8,0,1.06
2021-08-26,2021,8,3,238,-0.866,-0.5,Poro,Anacarde,Sablonneux,Pluies,135.6,26.1,75.8,0,1.02
2024-02-02,2024,2,1,33,0.866,0.5,Nawa,Cacao,Argileux,Seche,59.7,30.5,62.2,0,1.12
2024-05-18,2024,5,2,139,0.5,-0.866,Poro,Anacarde,Sablonneux,Seche,15.8,34.8,27.2,1,0.74
2022-07-08,2022,7,3,189,-0.5,-0.866,Haut-Sassandra,Maïs,Argileux,Pluies,149.3,29.5,76.3,0,1.29
2023-04-08,2023,4,2,98,0.866,-0.5,Haut-Sassandra,Cacao,Argileux,Seche,35.5,26.9,76.5,1,1.05
2022-04-13,2022,4,2,103,0.866,-0.5,Haut-Sassandra,Cacao,Limoneux,Seche,64.9,33.1,60.3,1,0.99
2024-07-15,2024,7,3,197,-0.5,-0.866,Nawa,Cacao,Argileux,Pluies,241.8,26.1,91.5,0,1.08
2022-01-21,2022,1,1,21,0.5,0.866,Nawa,Manioc,Argileux,Seche,68.7,27.9,72.7,0,11.78
2023-02-14,2023,2,1,45,0.866,0.5,Poro,Manioc,Limoneux,Seche,14.0,33.9,27.1,0,6.81
2023-04-28,2023,4,2,118,0.866,-0.5,Poro,Manioc,Limoneux,Seche,16.8,32.0,32.4,0,6.44
2022-01-22,2022,1,1,22,0.5,0.866,Haut-Sassandra,Cacao,Argileux,Seche,51.7,29.4,68.2,0,1.12
2023-05-27,2023,5,2,147,0.5,-0.866,Haut-Sassandra,Manioc,Argileux,Pluies,177.5,24.5,86.6,1,15.86
2021-09-16,2021,9,3,259,-1.0,-0.0,Haut-Sassandra,Cacao,Limoneux,Pluies,198.8,24.2,85.6,1,1.61
2021-10-10,2021,10,4,283,-0.866,0.5,Nawa,Cacao,Limoneux,Pluies,170.9,25.2,87.0,0,1.73
2021-02-09,2021,2,1,40,0.866,0.5,Haut-Sassandra,Maïs,Limoneux,Seche,60.1,32.9,68.8,0,1.35
2022-05-01,2022,5,2,121,0.5,-0.866,Haut-Sassandra,Cacao,Limoneux,Pluies,143.7,28.4,93.5,1,1.44
2023-07-18,2023,7,3,199,-0.5,-0.866,Poro,Maïs,Argileux,Pluies,145.8,28.3,72.0,0,1.88
2021-08-08,2021,8,3,220,-0.866,-0.5,Haut-Sassandra,Manioc,Limoneux,Seche,33.6,25.6,68.8,1,11.32
2024-02-27,2024,2,1,58,0.866,0.5,Poro,Manioc,Sablonneux,Seche,35.4,31.9,36.6,0,6.13
2023-10-12,2023,10,4,285,-0.866,0.5,Haut-Sassandra,Manioc,Argileux,Pluies,155.0,27.7,85.2,0,18.88
2023-10-21,2023,10,4,294,-0.866,0.5,Nawa,Cacao,Sablonneux,Pluies,178.0,28.6,87.4,0,1.66
2022-09-05,2022,9,3,248,-1.0,-0.0,Haut-Sassandra,Cacao,Limoneux,Pluies,188.4,23.1,88.5,1,1.73
2023-07-17,2023,7,3,198,-0.5,-0.866,Haut-Sassandra,Cacao,Sablonneux,Pluies,232.9,27.4,85.8,0,1.22
2022-11-19,2022,11,4,323,-0.5,0.866,Nawa,Cacao,Limoneux,Seche,28.1,28.5,70.7,0,1.05
2022-09-05,2022,9,3,248,-1.0,-0.0,Haut-Sassandra,Cacao,Argileux,Pluies,231.8,25.4,80.9,1,1.04
2021-09-17,2021,9,3,260,-1.0,-0.0,Poro,Maïs,Sablonneux,Pluies,152.1,25.9,71.8,0,1.77
2023-09-17,2023,9,3,260,-1.0,-0.0,Nawa,Maïs,Limoneux,Pluies,140.6,27.8,81.9,1,1.79
2023-08-24,2023,8,3,236,-0.866,-0.5,Poro,Maïs,Argileux,Pluies,170.3,30.5,82.0,0,1.35
2022-01-01,2022,1,1,1,0.5,0.866,Haut-Sassandra,Anacarde,Sablonneux,Seche,35.5,31.3,64.2,0,0.45
2022-06-28,2022,6,2,179,0.0,-1.0,Poro,Anacarde,Sablonneux,Pluies,158.6,29.3,70.4,1,0.79
2022-10-11,2022,10,4,284,-0.866,0.5,Poro,Manioc,Sablonneux,Seche,0.0,31.6,27.8,0,5.72
2023-03-25,2023,3,1,84,1.0,0.0,Poro,Anacarde,Limoneux,Seche,30.0,37.3,38.1,0,0.81
2023-11-06,2023,11,4,310,-0.5,0.866,Poro,Maïs,Sablonneux,Seche,11.5,32.9,45.9,0,1.32
2024-02-27,2024,2,1,58,0.866,0.5,Nawa,Anacarde,Argileux,Seche,65.1,26.4,57.2,0,0.41
2022-07-29,2022,7,3,210,-0.5,-0.866,Nawa,Cacao,Limoneux,Pluies,199.0,27.0,83.6,0,1.55
2024-02-07,2024,2,1,38,0.866,0.5,Nawa,Cacao,Argileux,Seche,65.4,29.2,69.0,0,1.16
2023-10-10,2023,10,4,283,-0.866,0.5,Nawa,Cacao,Argileux,Pluies,195.7,28.6,89.5,0,1.78
2022-11-01,2022,11,4,305,-0.5,0.866,Poro,Manioc,Sablonneux,Seche,7.0,37.0,41.1,0,6.44
2021-09-26,2021,9,3,269,-1.0,-0.0,Haut-Sassandra,Maïs,Sablonneux,Pluies,228.6,27.3,93.3,1,2.2
2024-03-31,2024,3,1,91,1.0,0.0,Nawa,Manioc,Argileux,Seche,0.0,32.1,65.7,0,10.65
2024-07-07,2024,7,3,189,-0.5,-0.866,Nawa,Manioc,Argileux,Pluies,182.0,26.2,86.8,0,19.23
2023-07-13,2023,7,3,194,-0.5,-0.866,Nawa,Manioc,Sablonneux,Pluies,160.8,26.8,78.9,0,17.47
2024-01-31,2024,1,1,31,0.5,0.866,Nawa,Cacao,Sablonneux,Seche,49.2,27.4,62.3,0,1.24
2021-09-04,2021,9,3,247,-1.0,-0.0,Haut-Sassandra,Manioc,Argileux,Pluies,174.8,27.1,88.1,1,17.34
2021-05-11,2021,5,2,131,0.5,-0.866,Haut-Sassandra,Manioc,Limoneux,Pluies,177.2,22.7,81.8,1,10.96
2021-12-19,2021,12,4,353,-0.0,1.0,Nawa,Cacao,Argileux,Seche,57.9,27.1,75.6,0,1.14
2021-07-15,2021,7,3,196,-0.5,-0.866,Nawa,Cacao,Limoneux,Pluies,218.4,27.9,87.6,0,1.59
2023-07-19,2023,7,3,200,-0.5,-0.866,Haut-Sassandra,Cacao,Argileux,Pluies,156.4,25.2,84.6,0,1.61
2024-11-06,2024,11,4,311,-0.5,0.866,Haut-Sassandra,Cacao,Limoneux,Seche,29.4,35.4,65.9,0,1.07
2023-10-19,2023,10,4,292,-0.866,0.5,Haut-Sassandra,Cacao,Limoneux,Pluies,125.1,23.3,85.9,0,1.68
2022-10-07,2022,10,4,280,-0.866,0.5,Haut-Sassandra,Cacao,Argileux,Pluies,188.6,26.6,85.5,0,1.6
2021-08-15,2021,8,3,227,-0.866,-0.5,Nawa,Cacao,Limoneux,Seche,64.6,29.0,67.7,1,1.27
2022-12-02,2022,12,4,336,-0.0,1.0,Poro,Anacarde,Limoneux,Seche,26.9,35.7,70.3,0,0.77
2021-09-22,2021,9,3,265,-1.0,-0.0,Poro,Anacarde,Sablonneux,Pluies,159.4,30.7,80.0,0,0.79
2024-10-27,2024,10,4,301,-0.866,0.5,Haut-Sassandra,Cacao,Argileux,Pluies,229.8,26.0,84.5,0,1.68
2024-12-28,2024,12,4,363,-0.0,1.0,Nawa,Manioc,Argileux,Seche,33.8,31.3,62.4,0,10.71
2022-10-08,2022,10,4,281,-0.866,0.5,Poro,Anacarde,Sablonneux,Seche,12.3,30.6,39.7,0,0.74
2021-07-30,2021,7,3,211,-0.5,-0.866,Nawa,Cacao,Argileux,Pluies,186.7,30.7,91.1,0,1.12
2024-11-01,2024,11,4,306,-0.5,0.866,Nawa,Cacao,Limoneux,Seche,71.7,23.1,74.1,0,1.23
2024-11-19,2024,11,4,324,-0.5,0.866,Haut-Sassandra,Cacao,Limoneux,Seche,49.3,30.7,59.8,0,1.27
2023-08-01,2023,8,3,213,-0.866,-0.5,Haut-Sassandra,Cacao,Limoneux,Seche,51.5,32.0,75.6,1,1.04
2024-10-19,2024,10,4,293,-0.866,0.5,Poro,Maïs,Limoneux,Seche,9.0,36.0,26.8,0,1.11
2022-04-02,2022,4,2,92,0.866,-0.5,Haut-Sassandra,Manioc,Argileux,Seche,11.9,30.2,59.6,1,11.91
2022-12-26,2022,12,4,360,-0.0,1.0,Nawa,Cacao,Limoneux,Seche,39.6,29.3,70.1,0,1.21
2024-06-03,2024,6,2,155,0.0,-1.0,Nawa,Manioc,Limoneux,Pluies,150.9,24.3,93.2,1,15.31
2023-09-09,2023,9,3,252,-1.0,-0.0,Nawa,Manioc,Argileux,Pluies,228.0,26.5,85.5,1,16.93
2024-02-29,2024,2,1,60,0.866,0.5,Haut-Sassandra,Cacao,Argileux,Seche,21.5,32.6,65.9,0,1.19
2022-08-11,2022,8,3,223,-0.866,-0.5,Poro,Anacarde,Limoneux,Pluies,144.4,27.7,80.5,0,1.2
2022-04-21,2022,4,2,111,0.866,-0.5,Haut-Sassandra,Cacao,Argileux,Seche,18.7,31.9,69.7,1,1.11
2023-09-13,2023,9,3,256,-1.0,-0.0,Nawa,Manioc,Limoneux,Pluies,200.8,26.5,86.7,1,15.08
2024-07-24,2024,7,3,206,-0.5,-0.866,Nawa,Manioc,Limoneux,Pluies,170.9,28.4,85.9,0,18.25
2021-06-05,2021,6,2,156,0.0,-1.0,Nawa,Cacao,Limoneux,Pluies,170.0,26.2,87.2,0,1.71
2024-05-26,2024,5,2,147,0.5,-0.866,Poro,Maïs,Sablonneux,Seche,1.7,29.3,37.3,1,1.28
2021-07-09,2021,7,3,190,-0.5,-0.866,Nawa,Manioc,Argileux,Pluies,156.9,25.3,86.3,0,15.5
2024-12-11,2024,12,4,346,-0.0,1.0,Nawa,Anacarde,Limoneux,Seche,29.7,28.8,62.2,0,0.42
2023-09-08,2023,9,3,251,-1.0,-0.0,Nawa,Manioc,Argileux,Pluies,195.6,26.5,89.5,1,16.57
2022-06-30,2022,6,2,181,0.0,-1.0,Haut-Sassandra,Manioc,Limoneux,Pluies,165.2,30.3,88.7,0,12.17
2021-02-10,2021,2,1,41,0.866,0.5,Haut-Sassandra,Cacao,Sablonneux,Seche,33.9,27.4,70.8,0,1.16
2021-11-03,2021,11,4,307,-0.5,0.866,Haut-Sassandra,Manioc,Argileux,Seche,54.6,30.7,64.3,0,11.45
2023-08-01,2023,8,3,213,-0.866,-0.5,Haut-Sassandra,Maïs,Argileux,Seche,44.4,29.4,70.5,1,1.12
2021-12-04,2021,12,4,338,-0.0,1.0,Haut-Sassandra,Manioc,Argileux,Seche,65.6,27.2,53.6,0,10.19
2024-08-30,2024,8,3,243,-0.866,-0.5,Haut-Sassandra,Cacao,Limoneux,Seche,55.6,28.3,66.7,1,1.11
2024-01-04,2024,1,1,4,0.5,0.866,Nawa,Manioc,Sablonneux,Seche,27.3,27.2,66.8,0,10.42
2023-08-11,2023,8,3,223,-0.866,-0.5,Nawa,Manioc,Argileux,Seche,58.8,32.1,68.7,1,12.81
2021-10-06,2021,10,4,279,-0.866,0.5,Haut-Sassandra,Maïs,Argileux,Pluies,264.8,28.4,83.8,0,1.26
2024-04-14,2024,4,2,105,0.866,-0.5,Haut-Sassandra,Cacao,Limoneux,Seche,62.8,28.1,67.4,1,1.06
2023-06-15,2023,6,2,166,0.0,-1.0,Haut-Sassandra,Maïs,Limoneux,Pluies,229.8,27.5,86.5,0,1.97
2021-09-30,2021,9,3,273,-1.0,-0.0,Haut-Sassandra,Anacarde,Limoneux,Pluies,199.2,27.3,87.3,1,0.53
2023-04-17,2023,4,2,107,0.866,-0.5,Nawa,Cacao,Argileux,Seche,2.9,30.0,72.8,1,1.15
2022-09-12,2022,9,3,255,-1.0,-0.0,Nawa,Cacao,Sablonneux,Pluies,226.4,26.4,88.8,1,1.81
2023-05-12,2023,5,2,132,0.5,-0.866,Poro,Maïs,Limoneux,Seche,13.0,35.9,51.1,1,1.14
2023-07-20,2023,7,3,201,-0.5,-0.866,Nawa,Cacao,Limoneux,Pluies,181.1,23.1,87.8,0,1.56
2021-10-16,2021,10,4,289,-0.866,0.5,Haut-Sassandra,Manioc,Limoneux,Pluies,185.8,27.2,89.6,0,15.15
2022-12-25,2022,12,4,359,-0.0,1.0,Poro,Anacarde,Limoneux,Seche,6.6,37.0,37.9,0,0.75
2023-06-12,2023,6,2,163,0.0,-1.0,Nawa,Manioc,Limoneux,Pluies,259.4,28.2,91.2,0,11.51
2021-09-29,2021,9,3,272,-1.0,-0.0,Poro,Manioc,Argileux,Pluies,98.4,28.9,78.8,0,5.59
2023-12-26,2023,12,4,360,-0.0,1.0,Nawa,Maïs,Limoneux,Seche,69.3,31.0,68.0,0,1.14
2022-04-28,2022,4,2,118,0.866,-0.5,Haut-Sassandra,Maïs,Argileux,Seche,56.1,29.5,56.0,1,1.38
2023-07-25,2023,7,3,206,-0.5,-0.866,Haut-Sassandra,Cacao,Limoneux,Pluies,188.5,25.4,93.4,0,1.78
2021-09-05,2021,9,3,248,-1.0,-0.0,Haut-Sassandra,Cacao,Limoneux,Pluies,174.5,25.4,79.8,1,1.79
2021-06-05,2021,6,2,156,0.0,-1.0,Haut-Sassandra,Cacao,Limoneux,Pluies,225.9,27.0,84.9,0,1.78
2023-12-07,2023,12,4,341,-0.0,1.0,Nawa,Maïs,Argileux,Seche,15.4,32.1,72.5,0,1.31
2022-03-30,2022,3,1,89,1.0,0.0,Haut-Sassandra,Cacao,Limoneux,Seche,13.5,26.6,65.3,1,1.01
2021-07-20,2021,7,3,201,-0.5,-0.866,Poro,Anacarde,Sablonneux,Pluies,121.5,29.7,81.1,0,0.63
2021-05-04,2021,5,2,124,0.5,-0.866,Poro,Anacarde,Argileux,Seche,12.9,31.3,30.1,1,0.76
2021-01-01,2021,1,1,1,0.5,0.866,Haut-Sassandra,Cacao,Sablonneux,Seche,37.8,33.4,71.0,0,1.01
2023-08-26,2023,8,3,238,-0.866,-0.5,Nawa,Manioc,Sablonneux,Seche,68.2,31.7,66.5,1,12.1
2023-05-05,2023,5,2,125,0.5,-0.866,Nawa,Maïs,Sablonneux,Pluies,200.6,25.6,84.8,1,1.83
2022-10-02,2022,10,4,275,-0.866,0.5,Poro,Anacarde,Argileux,Seche,16.8,35.6,46.5,0,0.78
2021-07-10,2021,7,3,191,-0.5,-0.866,Nawa,Cacao,Argileux,Pluies,262.8,27.7,82.9,0,1.18
2022-05-31,2022,5,2,151,0.5,-0.866,Haut-Sassandra,Cacao,Argileux,Pluies,105.3,29.0,87.3,1,1.18
2022-03-18,2022,3,1,77,1.0,0.0,Nawa,Manioc,Limoneux,Seche,64.5,33.0,67.8,0,10.22
2021-05-23,2021,5,2,143,0.5,-0.866,Nawa,Cacao,Limoneux,Pluies,277.5,28.4,78.0,1,1.34
2024-04-29,2024,4,2,120,0.866,-0.5,Nawa,Manioc,Limoneux,Seche,47.7,27.0,65.8,1,9.92
2022-06-17,2022,6,2,168,0.0,-1.0,Poro,Anacarde,Argileux,Pluies,175.0,31.3,73.8,1,0.85
2021-08-15,2021,8,3,227,-0.866,-0.5,Nawa,Maïs,Limoneux,Seche,54.1,27.8,54.1,1,1.23
2024-08-29,2024,8,3,242,-0.866,-0.5,Nawa,Cacao,Limoneux,Seche,37.2,29.7,75.6,1,1.01
2023-08-07,2023,8,3,219,-0.866,-0.5,Nawa,Manioc,Limoneux,Seche,0.0,30.4,62.1,1,11.66
2024-08-18,2024,8,3,231,-0.866,-0.5,Poro,Anacarde,Sablonneux,Pluies,132.5,33.1,73.1,0,0.69
2022-04-05,2022,4,2,95,0.866,-0.5,Nawa,Maïs,Limoneux,Seche,89.2,27.8,69.1,1,1.41
2024-11-25,2024,11,4,330,-0.5,0.866,Nawa,Cacao,Argileux,Seche,53.0,27.8,75.6,0,1.11
2022-07-05,2022,7,3,186,-0.5,-0.866,Haut-Sassandra,Maïs,Limoneux,Pluies,139.2,25.7,85.5,0,1.87
2022-01-28,2022,1,1,28,0.5,0.866,Nawa,Cacao,Limoneux,Seche,65.5,29.8,69.8,0,1.16
2023-04-25,2023,4,2,115,0.866,-0.5,Haut-Sassandra,Manioc,Sablonneux,Seche,17.0,32.2,70.4,1,12.16
2024-05-15,2024,5,2,136,0.5,-0.866,Nawa,Maïs,Argileux,Pluies,225.8,25.4,86.0,1,1.89
2021-07-29,2021,7,3,210,-0.5,-0.866,Nawa,Cacao,Limoneux,Pluies,157.5,27.3,93.8,0,1.7
2024-02-13,2024,2,1,44,0.866,0.5,Poro,Anacarde,Sablonneux,Seche,16.5,29.3,42.8,0,0.9
2022-10-08,2022,10,4,281,-0.866,0.5,Haut-Sassandra,Cacao,Argileux,Pluies,225.4,25.7,86.4,0,1.5
2024-06-28,2024,6,2,180,0.0,-1.0,Haut-Sassandra,Cacao,Limoneux,Pluies,207.6,30.0,83.8,0,1.17
2021-08-07,2021,8,3,219,-0.866,-0.5,Nawa,Cacao,Limoneux,Seche,36.3,28.0,67.8,1,0.9
2022-02-11,2022,2,1,42,0.866,0.5,Haut-Sassandra,Cacao,Sablonneux,Seche,54.5,32.6,78.5,0,1.13
2024-10-09,2024,10,4,283,-0.866,0.5,Haut-Sassandra,Maïs,Limoneux,Pluies,215.2,27.8,86.7,0,2.21
2023-06-07,2023,6,2,158,0.0,-1.0,Haut-Sassandra,Manioc,Argileux,Pluies,195.2,28.0,92.1,0,15.72
2022-07-12,2022,7,3,193,-0.5,-0.866,Nawa,Cacao,Argileux,Pluies,247.5,26.9,91.1,0,1.12
2022-07-04,2022,7,3,185,-0.5,-0.866,Nawa,Cacao,Sablonneux,Pluies,152.2,24.5,84.7,0,1.44
2021-05-22,2021,5,2,142,0.5,-0.866,Haut-Sassandra,Cacao,Argileux,Pluies,178.4,29.4,86.6,1,1.33
2022-09-04,2022,9,3,247,-1.0,-0.0,Poro,Maïs,Argileux,Pluies,199.5,23.0,79.9,0,1.83
2022-05-16,2022,5,2,136,0.5,-0.866,Haut-Sassandra,Manioc,Sablonneux,Pluies,164.0,30.0,86.3,1,10.67
2023-04-20,2023,4,2,110,0.866,-0.5,Haut-Sassandra,Manioc,Argileux,Seche,33.2,27.2,56.8,1,11.0
2022-12-03,2022,12,4,337,-0.0,1.0,Haut-Sassandra,Cacao,Argileux,Seche,45.1,29.1,66.0,0,1.07
2022-08-19,2022,8,3,231,-0.866,-0.5,Haut-Sassandra,Cacao,Limoneux,Seche,11.4,28.8,73.5,1,1.0
2021-10-08,2021,10,4,281,-0.866,0.5,Poro,Maïs,Sablonneux,Seche,9.9,32.2,46.3,0,1.29
2022-02-28,2022,2,1,59,0.866,0.5,Nawa,Cacao,Argileux,Seche,40.7,30.9,78.0,0,1.11
2023-05-06,2023,5,2,126,0.5,-0.866,Haut-Sassandra,Cacao,Argileux,Pluies,183.8,27.1,86.5,1,1.56
2021-09-27,2021,9,3,270,-1.0,-0.0,Haut-Sassandra,Cacao,Argileux,Pluies,160.8,28.0,88.5,1,1.72
2021-06-03,2021,6,2,154,0.0,-1.0,Haut-Sassandra,Manioc,Sablonneux,Pluies,145.7,25.9,73.6,0,18.51
2022-09-06,2022,9,3,249,-1.0,-0.0,Haut-Sassandra,Cacao,Limoneux,Pluies,196.4,26.8,85.5,1,1.66
2022-10-24,2022,10,4,297,-0.866,0.5,Nawa,Manioc,Argileux,Pluies,216.8,24.3,84.4,0,15.8
2021-03-24,2021,3,1,83,1.0,0.0,Haut-Sassandra,Cacao,Limoneux,Seche,53.1,27.4,67.9,0,1.21
2023-08-05,2023,8,3,217,-0.866,-0.5,Haut-Sassandra,Cacao,Limoneux,Seche,60.5,30.1,66.6,1,1.03
2023-06-18,2023,6,2,169,0.0,-1.0,Poro,Manioc,Sablonneux,Pluies,146.3,28.4,74.6,1,7.94
2024-12-20,2024,12,4,355,-0.0,1.0,Nawa,Maïs,Sablonneux,Seche,30.3,28.9,80.6,1,1.47
2024-07-22,2024,7,3,204,-0.5,-0.866,Nawa,Cacao,Limoneux,Pluies,183.6,26.5,85.5,0,1.86
2021-10-11,2021,10,4,284,-0.866,0.5,Nawa,Maïs,Argileux,Pluies,167.4,25.3,93.8,0,1.95
2023-09-07,2023,9,3,250,-1.0,-0.0,Haut-Sassandra,Cacao,Argileux,Pluies,197.6,26.3,84.5,1,1.66
2021-06-22,2021,6,2,173,0.0,-1.0,Haut-Sassandra,Manioc,Limoneux,Pluies,155.3,25.5,82.2,0,16.6
2024-09-12,2024,9,3,256,-1.0,-0.0,Haut-Sassandra,Cacao,Argileux,Pluies,244.6,26.0,82.8,0,0.97
2023-12-23,2023,12,4,357,-0.0,1.0,Haut-Sassandra,Cacao,Limoneux,Seche,49.3,29.1,55.4,0,1.28
2024-01-02,2024,1,1,2,0.5,0.866,Poro,Maïs,Limoneux,Seche,24.3,34.1,26.4,0,1.25
2023-02-02,2023,2,1,33,0.866,0.5,Haut-Sassandra,Cacao,Limoneux,Seche,45.0,28.4,69.1,0,1.19
2024-10-30,2024,10,4,304,-0.866,0.5,Haut-Sassandra,Cacao,Limoneux,Pluies,175.3,30.6,85.6,0,1.17
2022-09-25,2022,9,3,268,-1.0,-0.0,Haut-Sassandra,Manioc,Limoneux,Pluies,172.8,24.2,89.6,1,20.68
2023-02-26,2023,2,1,57,0.866,0.5,Poro,Manioc,Sablonneux,Seche,1.7,31.9,45.2,0,5.96
2023-08-01,2023,8,3,213,-0.866,-0.5,Poro,Anacarde,Limoneux,Pluies,171.4,32.6,87.4,0,0.75
2023-10-09,2023,10,4,282,-0.866,0.5,Nawa,Manioc,Argileux,Pluies,158.4,28.6,81.9,0,16.78
2022-02-02,2022,2,1,33,0.866,0.5,Haut-Sassandra,Manioc,Argileux,Seche,36.7,29.8,57.8,0,11.31
2024-02-18,2024,2,1,49,0.866,0.5,Haut-Sassandra,Cacao,Limoneux,Seche,24.6,25.7,62.9,0,1.24
2023-07-23,2023,7,3,204,-0.5,-0.866,Poro,Anacarde,Argileux,Pluies,124.7,29.0,89.2,0,1.16
2022-11-07,2022,11,4,311,-0.5,0.866,Poro,Maïs,Limoneux,Seche,19.1,34.6,44.1,0,1.23
2023-07-25,2023,7,3,206,-0.5,-0.866,Poro,Cacao,Sablonneux,Pluies,147.1,31.6,80.4,0,0.58
2022-04-10,2022,4,2,100,0.866,-0.5,Nawa,Cacao,Argileux,Seche,32.5,27.9,69.0,1,1.08
2021-10-13,2021,10,4,286,-0.866,0.5,Haut-Sassandra,Cacao,Argileux,Pluies,135.7,23.9,85.3,0,1.61
2021-09-22,2021,9,3,265,-1.0,-0.0,Haut-Sassandra,Cacao,Sablonneux,Pluies,209.3,26.5,87.4,1,1.78
2021-11-16,2021,11,4,320,-0.5,0.866,Haut-Sassandra,Cacao,Limoneux,Seche,71.5,30.6,71.6,0,1.23
2022-11-04,2022,11,4,308,-0.5,0.866,Haut-Sassandra,Cacao,Argileux,Seche,61.4,29.2,64.7,0,1.01
2024-10-31,2024,10,4,305,-0.866,0.5,Nawa,Manioc,Argileux,Pluies,238.8,23.5,74.5,0,13.44
2023-03-31,2023,3,1,90,1.0,0.0,Nawa,Cacao,Limoneux,Seche,41.0,28.5,62.9,0,1.08
2021-03-30,2021,3,1,89,1.0,0.0,Haut-Sassandra,Cacao,Limoneux,Seche,87.9,28.7,71.1,0,1.35
2024-05-11,2024,5,2,132,0.5,-0.866,Poro,Anacarde,Sablonneux,Seche,21.9,37.4,41.8,1,0.69
2023-04-01,2023,4,2,91,0.866,-0.5,Haut-Sassandra,Cacao,Sablonneux,Seche,77.4,31.7,71.5,1,1.03
2023-09-28,2023,9,3,271,-1.0,-0.0,Haut-Sassandra,Manioc,Limoneux,Pluies,212.8,29.4,88.7,1,11.28
2021-11-30,2021,11,4,334,-0.5,0.866,Haut-Sassandra,Manioc,Sablonneux,Seche,29.5,27.0,60.3,0,11.34
2021-08-10,2021,8,3,222,-0.866,-0.5,Nawa,Manioc,Argileux,Seche,9.5,31.8,68.0,1,13.22
2021-02-10,2021,2,1,41,0.866,0.5,Nawa,Manioc,Argileux,Seche,10.8,30.8,57.8,0,12.69
2021-03-09,2021,3,1,68,1.0,0.0,Haut-Sassandra,Cacao,Limoneux,Seche,72.7,30.9,72.4,0,1.08
2023-09-15,2023,9,3,258,-1.0,-0.0,Haut-Sassandra,Maïs,Limoneux,Pluies,201.2,30.7,85.2,1,1.38
2022-05-29,2022,5,2,149,0.5,-0.866,Haut-Sassandra,Manioc,Argileux,Pluies,220.2,24.6,80.9,1,17.02
2024-02-25,2024,2,1,56,0.866,0.5,Nawa,Manioc,Sablonneux,Seche,38.5,32.3,64.2,0,11.6
2024-07-02,2024,7,3,184,-0.5,-0.866,Haut-Sassandra,Cacao,Sablonneux,Pluies,232.0,26.7,76.8,0,1.26
2022-11-26,2022,11,4,330,-0.5,0.866,Haut-Sassandra,Manioc,Sablonneux,Seche,74.5,27.6,59.5,0,12.87
2023-11-06,2023,11,4,310,-0.5,0.866,Nawa,Manioc,Limoneux,Seche,36.1,28.3,71.6,0,11.18
2022-04-22,2022,4,2,112,0.866,-0.5,Haut-Sassandra,Cacao,Limoneux,Seche,64.6,33.3,57.1,0,1.08
2023-12-22,2023,12,4,356,-0.0,1.0,Haut-Sassandra,Cacao,Limoneux,Seche,19.6,31.2,79.3,0,1.02
2023-05-31,2023,5,2,151,0.5,-0.866,Haut-Sassandra,Maïs,Limoneux,Pluies,181.7,25.2,86.7,1,1.95
2022-03-08,2022,3,1,67,1.0,0.0,Haut-Sassandra,Cacao,Limoneux,Seche,14.3,28.6,64.4,0,1.02
2021-09-25,2021,9,3,268,-1.0,-0.0,Nawa,Manioc,Limoneux,Pluies,167.6,25.9,83.0,1,14.8
2023-11-25,2023,11,4,329,-0.5,0.866,Poro,Anacarde,Sablonneux,Seche,9.3,37.0,40.8,0,0.69
2023-02-18,2023,2,1,49,0.866,0.5,Haut-Sassandra,Cacao,Argileux,Seche,28.4,32.2,55.5,0,1.15
2022-05-09,2022,5,2,129,0.5,-0.866,Nawa,Cacao,Argileux,Pluies,204.4,24.3,88.8,1,1.75
2022-10-23,2022,10,4,296,-0.866,0.5,Poro,Anacarde,Sablonneux,Seche,8.4,34.9,53.8,1,0.71
2024-09-10,2024,9,3,254,-1.0,-0.0,Haut-Sassandra,Manioc,Argileux,Pluies,190.1,25.4,83.7,1,16.47
2024-08-20,2024,8,3,233,-0.866,-0.5,Haut-Sassandra,Manioc,Argileux,Seche,53.6,27.6,61.9,1,10.04
2024-07-23,2024,7,3,205,-0.5,-0.866,Poro,Maïs,Limoneux,Pluies,138.0,28.3,74.3,0,2.0
2023-10-10,2023,10,4,283,-0.866,0.5,Poro,Maïs,Limoneux,Seche,18.8,30.5,38.3,0,1.15
2024-05-09,2024,5,2,130,0.5,-0.866,Haut-Sassandra,Cacao,Limoneux,Pluies,166.6,28.2,87.1,1,1.79
2024-09-09,2024,9,3,253,-1.0,-0.0,Haut-Sassandra,Cacao,Limoneux,Pluies,185.5,25.4,87.6,1,1.43
2023-11-25,2023,11,4,329,-0.5,0.866,Haut-Sassandra,Cacao,Sablonneux,Seche,10.5,32.4,67.4,0,1.08
2023-09-04,2023,9,3,247,-1.0,-0.0,Haut-Sassandra,Manioc,Argileux,Pluies,165.5,24.0,86.6,1,16.98
2022-04-27,2022,4,2,117,0.866,-0.5,Nawa,Maïs,Limoneux,Seche,18.5,32.8,72.1,1,1.34
2022-12-29,2022,12,4,363,-0.0,1.0,Haut-Sassandra,Manioc,Argileux,Seche,50.8,32.1,71.4,0,10.09
2022-04-25,2022,4,2,115,0.866,-0.5,Poro,Maïs,Limoneux,Seche,15.2,32.5,26.9,0,1.35
2023-12-25,2023,12,4,359,-0.0,1.0,Nawa,Cacao,Argileux,Seche,56.0,31.3,73.5,0,1.24
2023-10-29,2023,10,4,302,-0.866,0.5,Haut-Sassandra,Manioc,Argileux,Pluies,166.0,25.6,90.9,0,17.25
2024-08-17,2024,8,3,230,-0.866,-0.5,Nawa,Manioc,Limoneux,Seche,65.9,27.5,66.7,1,11.18
2021-12-09,2021,12,4,343,-0.0,1.0,Haut-Sassandra,Cacao,Limoneux,Seche,73.2,33.2,55.7,0,1.15
2024-12-25,2024,12,4,360,-0.0,1.0,Haut-Sassandra,Cacao,Limoneux,Seche,68.4,31.7,71.8,0,1.23
2024-12-18,2024,12,4,353,-0.0,1.0,Haut-Sassandra,Cacao,Limoneux,Seche,26.5,32.6,76.1,0,1.22
2021-11-28,2021,11,4,332,-0.5,0.866,Haut-Sassandra,Cacao,Argileux,Seche,52.5,31.4,65.5,0,1.03
2022-03-14,2022,3,1,73,1.0,0.0,Nawa,Manioc,Argileux,Seche,43.8,30.6,63.0,0,11.35
2021-06-23,2021,6,2,174,0.0,-1.0,Nawa,Manioc,Argileux,Pluies,176.7,27.9,92.8,0,18.33
2022-07-13,2022,7,3,194,-0.5,-0.866,Nawa,Cacao,Argileux,Pluies,117.6,26.6,82.7,0,1.61
2022-06-11,2022,6,2,162,0.0,-1.0,Haut-Sassandra,Manioc,Argileux,Pluies,126.0,28.0,88.6,0,17.69
2022-10-21,2022,10,4,294,-0.866,0.5,Nawa,Cacao,Argileux,Pluies,145.2,26.0,92.1,0,1.7
2021-01-26,2021,1,1,26,0.5,0.866,Nawa,Cacao,Limoneux,Seche,65.2,31.8,67.4,0,1.09
2023-03-31,2023,3,1,90,1.0,0.0,Haut-Sassandra,Cacao,Argileux,Seche,8.7,31.2,58.5,0,1.11
2022-08-28,2022,8,3,240,-0.866,-0.5,Nawa,Cacao,Argileux,Seche,74.6,30.7,63.9,1,1.04
2022-02-10,2022,2,1,41,0.866,0.5,Nawa,Cacao,Argileux,Seche,50.2,32.7,67.6,0,1.07
2021-08-20,2021,8,3,232,-0.866,-0.5,Nawa,Cacao,Argileux,Seche,19.8,29.4,70.7,1,1.16
2022-06-17,2022,6,2,168,0.0,-1.0,Nawa,Manioc,Argileux,Pluies,212.0,28.5,86.7,0,16.81
2022-05-20,2022,5,2,140,0.5,-0.866,Poro,Anacarde,Sablonneux,Seche,10.3,31.9,34.4,1,0.78
2021-06-28,2021,6,2,179,0.0,-1.0,Poro,Maïs,Limoneux,Pluies,214.3,30.1,64.4,1,1.35
2021-05-12,2021,5,2,132,0.5,-0.866,Nawa,Manioc,Sablonneux,Pluies,122.0,26.8,84.9,1,16.11
2021-12-14,2021,12,4,348,-0.0,1.0,Poro,Maïs,Limoneux,Seche,2.8,30.5,44.2,0,1.39
2022-06-24,2022,6,2,175,0.0,-1.0,Haut-Sassandra,Manioc,Sablonneux,Pluies,214.0,25.5,87.2,0,19.82
2023-02-11,2023,2,1,42,0.866,0.5,Haut-Sassandra,Cacao,Argileux,Seche,36.3,26.7,62.0,0,1.22
2024-11-30,2024,11,4,335,-0.5,0.866,Haut-Sassandra,Manioc,Limoneux,Seche,72.0,29.6,66.0,0,11.93
2021-03-17,2021,3,1,76,1.0,0.0,Haut-Sassandra,Cacao,Argileux,Seche,22.4,31.3,74.0,0,1.24
2022-08-02,2022,8,3,214,-0.866,-0.5,Poro,Anacarde,Limoneux,Pluies,209.9,27.2,79.1,0,1.4
2023-05-04,2023,5,2,124,0.5,-0.866,Poro,Anacarde,Sablonneux,Seche,0.0,34.7,39.8,1,0.76
2021-07-13,2021,7,3,194,-0.5,-0.866,Poro,Anacarde,Argileux,Pluies,172.7,28.5,79.6,1,1.11
2024-03-31,2024,3,1,91,1.0,0.0,Haut-Sassandra,Cacao,Argileux,Seche,58.2,29.8,75.0,0,1.24
2021-12-13,2021,12,4,347,-0.0,1.0,Haut-Sassandra,Anacarde,Argileux,Seche,52.6,33.5,74.9,0,0.39
2023-08-09,2023,8,3,221,-0.866,-0.5,Poro,Maïs,Sablonneux,Pluies,165.4,27.6,69.7,0,1.7
2024-10-16,2024,10,4,290,-0.866,0.5,Nawa,Cacao,Sablonneux,Pluies,194.2,27.9,89.7,0,1.83
2024-01-16,2024,1,1,16,0.5,0.866,Nawa,Manioc,Limoneux,Seche,14.6,32.1,65.6,0,10.6
2024-07-09,2024,7,3,191,-0.5,-0.866,Nawa,Cacao,Limoneux,Pluies,229.8,26.7,81.7,0,1.7
2021-08-02,2021,8,3,214,-0.866,-0.5,Nawa,Cacao,Limoneux,Seche,43.0,29.0,69.6,1,1.17
2022-07-27,2022,7,3,208,-0.5,-0.866,Haut-Sassandra,Manioc,Limoneux,Pluies,276.3,28.5,89.5,0,11.03
2023-02-19,2023,2,1,50,0.866,0.5,Nawa,Maïs,Argileux,Seche,24.0,29.9,63.3,0,1.32
2021-09-19,2021,9,3,262,-1.0,-0.0,Nawa,Cacao,Sablonneux,Pluies,205.1,25.6,76.2,1,1.4
2022-12-31,2022,12,4,365,-0.0,1.0,Nawa,Cacao,Limoneux,Seche,78.6,31.0,74.3,0,1.03
2021-10-10,2021,10,4,283,-0.866,0.5,Nawa,Cacao,Sablonneux,Pluies,204.7,29.7,89.1,0,1.02
2024-11-04,2024,11,4,309,-0.5,0.866,Poro,Anacarde,Argileux,Seche,12.8,36.5,51.0,0,0.79
2021-12-28,2021,12,4,362,-0.0,1.0,Nawa,Cacao,Argileux,Seche,46.6,29.5,66.6,0,1.12
2022-03-17,2022,3,1,76,1.0,0.0,Nawa,Cacao,Limoneux,Seche,71.1,28.4,71.3,0,1.18
2021-04-03,2021,4,2,93,0.866,-0.5,Nawa,Maïs,Argileux,Seche,51.7,31.9,78.4,1,1.25
2023-01-23,2023,1,1,23,0.5,0.866,Nawa,Anacarde,Sablonneux,Seche,44.0,29.8,63.0,0,0.4
2023-05-17,2023,5,2,137,0.5,-0.866,Haut-Sassandra,Anacarde,Limoneux,Pluies,144.3,26.2,84.3,1,0.53
2024-12-18,2024,12,4,353,-0.0,1.0,Nawa,Manioc,Limoneux,Seche,33.3,33.2,63.7,0,12.2
2021-05-22,2021,5,2,142,0.5,-0.866,Haut-Sassandra,Manioc,Argileux,Pluies,175.2,27.0,81.0,1,15.68
2024-08-07,2024,8,3,220,-0.866,-0.5,Nawa,Cacao,Argileux,Seche,53.7,34.9,68.5,1,1.13
2024-12-26,2024,12,4,361,-0.0,1.0,Poro,Anacarde,Limoneux,Seche,14.6,35.8,43.8,0,0.82
2023-01-19,2023,1,1,19,0.5,0.866,Haut-Sassandra,Cacao,Argileux,Seche,53.9,30.3,76.0,0,1.16
2022-10-15,2022,10,4,288,-0.866,0.5,Nawa,Cacao,Sablonneux,Pluies,195.3,26.1,77.7,0,1.45
2022-12-02,2022,12,4,336,-0.0,1.0,Poro,Maïs,Sablonneux,Seche,7.3,31.9,32.9,0,1.38
2023-09-25,2023,9,3,268,-1.0,-0.0,Haut-Sassandra,Cacao,Sablonneux,Pluies,225.5,28.3,85.3,1,1.62
2021-02-18,2021,2,1,49,0.866,0.5,Haut-Sassandra,Manioc,Limoneux,Seche,43.0,29.6,72.1,0,13.12
2024-08-18,2024,8,3,231,-0.866,-0.5,Nawa,Cacao,Sablonneux,Seche,31.5,26.1,62.9,1,1.12
2023-05-31,2023,5,2,151,0.5,-0.866,Haut-Sassandra,Maïs,Limoneux,Pluies,118.7,27.8,89.3,1,1.78
2024-04-28,2024,4,2,119,0.866,-0.5,Poro,Anacarde,Sablonneux,Seche,4.6,29.0,41.5,0,0.77
2024-03-05,2024,3,1,65,1.0,0.0,Haut-Sassandra,Manioc,Argileux,Seche,4.2,31.0,68.3,0,11.36
2022-07-09,2022,7,3,190,-0.5,-0.866,Haut-Sassandra,Cacao,Argileux,Pluies,250.5,22.9,87.7,0,1.01
2022-02-08,2022,2,1,39,0.866,0.5,Haut-Sassandra,Manioc,Argileux,Seche,25.4,29.5,52.2,0,10.34
2023-06-11,2023,6,2,162,0.0,-1.0,Nawa,Cacao,Argileux,Pluies,167.5,24.9,83.9,0,1.53
2023-05-15,2023,5,2,135,0.5,-0.866,Haut-Sassandra,Cacao,Sablonneux,Pluies,188.3,28.0,81.8,1,1.61
2022-08-25,2022,8,3,237,-0.866,-0.5,Poro,Anacarde,Sablonneux,Pluies,139.0,27.6,75.4,0,1.13
2021-12-07,2021,12,4,341,-0.0,1.0,Poro,Anacarde,Sablonneux,Seche,8.8,37.0,29.1,0,0.8
2022-12-05,2022,12,4,339,-0.0,1.0,Haut-Sassandra,Manioc,Limoneux,Seche,88.3,31.1,79.6,0,13.55
2021-11-14,2021,11,4,318,-0.5,0.866,Haut-Sassandra,Anacarde,Sablonneux,Seche,43.2,32.1,77.2,0,0.39
2022-09-10,2022,9,3,253,-1.0,-0.0,Haut-Sassandra,Cacao,Limoneux,Pluies,166.8,24.6,80.0,1,1.6
2024-10-18,2024,10,4,292,-0.866,0.5,Poro,Anacarde,Sablonneux,Seche,5.4,28.8,36.5,0,0.7
2022-01-17,2022,1,1,17,0.5,0.866,Nawa,Cacao,Limoneux,Seche,54.8,30.9,69.6,0,1.28
2021-08-21,2021,8,3,233,-0.866,-0.5,Poro,Anacarde,Argileux,Pluies,140.7,29.5,77.2,0,0.84
2024-09-29,2024,9,3,273,-1.0,-0.0,Haut-Sassandra,Cacao,Argileux,Pluies,124.7,25.6,83.7,1,1.47
2023-03-28,2023,3,1,87,1.0,0.0,Haut-Sassandra,Cacao,Argileux,Seche,34.7,31.4,71.8,0,1.27
2022-07-07,2022,7,3,188,-0.5,-0.866,Poro,Manioc,Sablonneux,Pluies,174.2,25.0,74.4,0,8.37
2023-05-06,2023,5,2,126,0.5,-0.866,Haut-Sassandra,Cacao,Limoneux,Pluies,205.9,26.6,80.1,1,1.61
2023-03-30,2023,3,1,89,1.0,0.0,Poro,Anacarde,Sablonneux,Seche,8.5,32.2,40.2,0,0.79
2021-07-02,2021,7,3,183,-0.5,-0.866,Nawa,Cacao,Limoneux,Pluies,175.4,24.1,77.2,0,1.65
2023-12-01,2023,12,4,335,-0.0,1.0,Nawa,Anacarde,Argileux,Seche,33.3,33.8,66.3,0,0.43
2022-02-01,2022,2,1,32,0.866,0.5,Nawa,Anacarde,Argileux,Seche,53.0,32.9,69.6,0,0.43
2023-02-18,2023,2,1,49,0.866,0.5,Poro,Cacao,Sablonneux,Seche,13.3,30.6,41.2,0,0.56
2023-06-26,2023,6,2,177,0.0,-1.0,Haut-Sassandra,Manioc,Limoneux,Pluies,195.2,24.0,89.1,0,15.31
2024-09-18,2024,9,3,262,-1.0,-0.0,Nawa,Maïs,Argileux,Pluies,218.5,26.8,87.7,1,1.58
2021-05-07,2021,5,2,127,0.5,-0.866,Nawa,Manioc,Sablonneux,Pluies,129.8,27.3,82.5,1,15.89
2021-01-01,2021,1,1,1,0.5,0.866,Haut-Sassandra,Cacao,Sablonneux,Seche,41.5,29.5,76.6,0,1.13
2024-04-06,2024,4,2,97,0.866,-0.5,Poro,Anacarde,Limoneux,Seche,21.4,39.4,33.1,0,0.86
2021-01-19,2021,1,1,19,0.5,0.866,Haut-Sassandra,Manioc,Argileux,Seche,41.2,31.6,70.0,0,13.35
2024-09-17,2024,9,3,261,-1.0,-0.0,Haut-Sassandra,Manioc,Limoneux,Pluies,217.7,24.4,83.8,1,18.45
2022-08-07,2022,8,3,219,-0.866,-0.5,Haut-Sassandra,Cacao,Argileux,Seche,42.8,28.8,74.8,1,1.09
2022-04-01,2022,4,2,91,0.866,-0.5,Nawa,Maïs,Limoneux,Seche,49.4,27.9,69.4,1,1.36
2023-08-15,2023,8,3,227,-0.866,-0.5,Haut-Sassandra,Cacao,Sablonneux,Seche,63.4,28.2,63.3,1,1.12
2024-02-07,2024,2,1,38,0.866,0.5,Nawa,Anacarde,Limoneux,Seche,41.1,28.4,70.1,0,0.4
2024-07-15,2024,7,3,197,-0.5,-0.866,Haut-Sassandra,Cacao,Argileux,Pluies,202.2,26.0,85.2,0,1.47
2022-03-21,2022,3,1,80,1.0,0.0,Nawa,Cacao,Argileux,Seche,45.7,27.9,71.1,0,1.13
2024-06-17,2024,6,2,169,0.0,-1.0,Nawa,Cacao,Limoneux,Pluies,197.5,30.3,88.4,0,1.01
2024-08-17,2024,8,3,230,-0.866,-0.5,Nawa,Cacao,Argileux,Seche,32.4,29.7,58.2,1,1.12
2022-08-25,2022,8,3,237,-0.866,-0.5,Haut-Sassandra,Manioc,Limoneux,Seche,74.3,30.0,63.4,1,10.47
2021-04-13,2021,4,2,103,0.866,-0.5,Poro,Anacarde,Limoneux,Seche,14.8,39.1,58.1,0,0.69
2023-09-15,2023,9,3,258,-1.0,-0.0,Nawa,Maïs,Limoneux,Pluies,225.4,24.6,78.9,1,1.75
2024-06-27,2024,6,2,179,0.0,-1.0,Haut-Sassandra,Manioc,Sablonneux,Pluies,224.8,25.4,89.1,0,18.0
2022-06-04,2022,6,2,155,0.0,-1.0,Haut-Sassandra,Manioc,Limoneux,Pluies,238.4,27.3,86.2,0,11.66
2024-03-22,2024,3,1,82,1.0,0.0,Nawa,Cacao,Argileux,Seche,48.0,28.6,68.2,0,1.23
2023-05-09,2023,5,2,129,0.5,-0.866,Haut-Sassandra,Cacao,Limoneux,Pluies,252.7,25.0,91.1,1,1.02
2021-06-23,2021,6,2,174,0.0,-1.0,Poro,Anacarde,Sablonneux,Pluies,184.3,27.9,68.3,1,1.1
2024-09-28,2024,9,3,272,-1.0,-0.0,Nawa,Manioc,Argileux,Pluies,225.5,27.4,83.5,1,16.88
2023-10-02,2023,10,4,275,-0.866,0.5,Haut-Sassandra,Manioc,Sablonneux,Pluies,222.5,26.6,89.5,0,18.65
2022-03-07,2022,3,1,66,1.0,0.0,Haut-Sassandra,Maïs,Limoneux,Seche,41.8,25.4,70.6,0,1.39
2022-12-28,2022,12,4,362,-0.0,1.0,Poro,Anacarde,Limoneux,Seche,13.2,30.9,54.9,0,0.67
2023-04-30,2023,4,2,120,0.866,-0.5,Poro,Maïs,Sablonneux,Seche,14.8,34.8,41.1,0,1.16
2024-09-09,2024,9,3,253,-1.0,-0.0,Haut-Sassandra,Cacao,Argileux,Pluies,165.6,26.3,88.3,1,1.59
2023-09-17,2023,9,3,260,-1.0,-0.0,Nawa,Maïs,Argileux,Pluies,155.7,27.3,86.7,1,1.68
2022-10-01,2022,10,4,274,-0.866,0.5,Haut-Sassandra,Cacao,Argileux,Pluies,153.4,24.3,88.0,0,1.66
2022-02-24,2022,2,1,55,0.866,0.5,Poro,Anacarde,Argileux,Seche,21.7,36.3,32.5,0,0.72
2022-08-17,2022,8,3,229,-0.866,-0.5,Haut-Sassandra,Cacao,Argileux,Seche,45.6,32.5,69.2,1,1.24
2022-04-30,2022,4,2,120,0.866,-0.5,Nawa,Cacao,Limoneux,Seche,17.9,34.2,68.6,1,1.02
2022-02-16,2022,2,1,47,0.866,0.5,Nawa,Cacao,Argileux,Seche,56.8,32.1,68.3,0,1.18
2023-07-25,2023,7,3,206,-0.5,-0.866,Nawa,Cacao,Argileux,Pluies,185.9,26.5,87.8,0,1.83
2024-01-13,2024,1,1,13,0.5,0.866,Nawa,Cacao,Argileux,Seche,52.0,29.2,74.5,0,1.08
2024-02-11,2024,2,1,42,0.866,0.5,Poro,Manioc,Sablonneux,Seche,15.2,33.0,45.8,0,5.93
2021-11-28,2021,11,4,332,-0.5,0.866,Nawa,Maïs,Sablonneux,Seche,56.2,35.1,75.3,0,1.22
2024-11-02,2024,11,4,307,-0.5,0.866,Nawa,Cacao,Limoneux,Seche,29.9,31.5,79.6,0,1.12
2022-10-17,2022,10,4,290,-0.866,0.5,Haut-Sassandra,Cacao,Limoneux,Pluies,202.6,26.7,85.5,0,1.74
2021-02-10,2021,2,1,41,0.866,0.5,Haut-Sassandra,Cacao,Limoneux,Seche,74.1,33.7,62.8,0,1.09
2023-08-17,2023,8,3,229,-0.866,-0.5,Nawa,Cacao,Argileux,Seche,42.3,29.6,66.4,1,1.14
2021-04-15,2021,4,2,105,0.866,-0.5,Nawa,Anacarde,Limoneux,Seche,74.3,27.6,66.9,1,0.4
2021-07-21,2021,7,3,202,-0.5,-0.866,Haut-Sassandra,Manioc,Argileux,Pluies,190.4,28.1,90.3,0,16.28
2022-03-26,2022,3,1,85,1.0,0.0,Haut-Sassandra,Manioc,Argileux,Seche,66.1,28.4,68.7,0,11.34
2024-07-13,2024,7,3,195,-0.5,-0.866,Poro,Anacarde,Sablonneux,Pluies,150.9,28.1,72.6,0,1.19
2023-06-29,2023,6,2,180,0.0,-1.0,Haut-Sassandra,Cacao,Argileux,Pluies,157.7,27.9,84.2,0,1.73
2021-07-29,2021,7,3,210,-0.5,-0.866,Haut-Sassandra,Cacao,Limoneux,Pluies,128.9,24.1,90.5,0,1.51
2022-07-17,2022,7,3,198,-0.5,-0.866,Haut-Sassandra,Cacao,Sablonneux,Pluies,187.1,27.7,81.1,0,1.61
2024-02-16,2024,2,1,47,0.866,0.5,Nawa,Maïs,Limoneux,Seche,17.0,30.9,67.3,0,1.4
2022-12-14,2022,12,4,348,-0.0,1.0,Poro,Anacarde,Sablonneux,Seche,13.3,34.7,28.3,0,0.84
2024-11-01,2024,11,4,306,-0.5,0.866,Poro,Anacarde,Limoneux,Seche,13.8,33.9,57.1,0,0.62
2023-02-10,2023,2,1,41,0.866,0.5,Nawa,Cacao,Argileux,Seche,18.2,27.1,70.6,0,1.05
2024-01-13,2024,1,1,13,0.5,0.866,Haut-Sassandra,Cacao,Argileux,Seche,26.0,29.1,63.2,0,1.12
2022-03-30,2022,3,1,89,1.0,0.0,Haut-Sassandra,Manioc,Limoneux,Seche,31.7,32.7,67.8,0,10.16
2022-10-29,2022,10,4,302,-0.866,0.5,Haut-Sassandra,Cacao,Argileux,Pluies,129.0,25.6,81.0,0,1.62
2022-09-21,2022,9,3,264,-1.0,-0.0,Haut-Sassandra,Maïs,Sablonneux,Pluies,214.0,23.3,85.0,1,1.54
2022-01-22,2022,1,1,22,0.5,0.866,Poro,Anacarde,Sablonneux,Seche,8.5,34.0,38.0,0,0.79
2024-10-05,2024,10,4,279,-0.866,0.5,Nawa,Maïs,Limoneux,Pluies,171.4,27.0,93.3,0,1.89
2021-10-23,2021,10,4,296,-0.866,0.5,Haut-Sassandra,Cacao,Sablonneux,Pluies,225.3,25.7,88.0,0,1.68
2021-09-15,2021,9,3,258,-1.0,-0.0,Poro,Anacarde,Sablonneux,Pluies,157.0,28.1,71.4,0,1.17
2024-01-10,2024,1,1,10,0.5,0.866,Poro,Anacarde,Argileux,Seche,14.9,38.3,41.0,0,0.78
2021-09-25,2021,9,3,268,-1.0,-0.0,Nawa,Cacao,Limoneux,Pluies,134.0,27.3,90.6,1,1.61
2022-02-23,2022,2,1,54,0.866,0.5,Nawa,Maïs,Sablonneux,Seche,20.8,26.1,65.9,0,1.11
2021-08-23,2021,8,3,235,-0.866,-0.5,Poro,Anacarde,Argileux,Pluies,169.8,26.7,73.7,0,1.23
2024-08-27,2024,8,3,240,-0.866,-0.5,Nawa,Cacao,Limoneux,Seche,49.0,28.7,63.7,1,1.23
2023-09-13,2023,9,3,256,-1.0,-0.0,Poro,Anacarde,Sablonneux,Pluies,134.4,28.1,83.7,0,1.32
2024-10-12,2024,10,4,286,-0.866,0.5,Poro,Anacarde,Sablonneux,Seche,2.0,31.0,38.5,0,0.75
2024-05-21,2024,5,2,142,0.5,-0.866,Nawa,Maïs,Argileux,Pluies,186.0,27.3,76.9,1,1.79
2022-07-28,2022,7,3,209,-0.5,-0.866,Nawa,Manioc,Limoneux,Pluies,202.9,28.1,82.7,0,17.35
2021-02-18,2021,2,1,49,0.866,0.5,Haut-Sassandra,Cacao,Limoneux,Seche,67.4,34.0,63.7,0,1.05
2024-02-25,2024,2,1,56,0.866,0.5,Nawa,Cacao,Limoneux,Seche,44.6,29.9,72.0,0,1.26
2021-08-11,2021,8,3,223,-0.866,-0.5,Poro,Anacarde,Argileux,Pluies,177.7,30.2,80.7,0,0.72
2023-07-10,2023,7,3,191,-0.5,-0.866,Poro,Anacarde,Limoneux,Pluies,161.9,25.7,75.0,0,1.11
2024-07-26,2024,7,3,208,-0.5,-0.866,Haut-Sassandra,Manioc,Argileux,Pluies,221.1,28.2,82.2,0,13.41
2024-12-02,2024,12,4,337,-0.0,1.0,Nawa,Anacarde,Argileux,Seche,53.5,31.0,68.0,0,0.39
2024-08-10,2024,8,3,223,-0.866,-0.5,Poro,Maïs,Limoneux,Pluies,114.4,26.0,75.7,0,2.14
2021-10-04,2021,10,4,277,-0.866,0.5,Poro,Anacarde,Argileux,Seche,12.7,31.7,51.2,0,0.71
2024-02-05,2024,2,1,36,0.866,0.5,Haut-Sassandra,Cacao,Argileux,Seche,64.9,29.9,63.7,0,1.17
2022-02-24,2022,2,1,55,0.866,0.5,Nawa,Manioc,Sablonneux,Seche,76.1,29.5,68.6,0,11.98
2022-09-03,2022,9,3,246,-1.0,-0.0,Nawa,Cacao,Limoneux,Pluies,187.3,28.3,90.4,1,1.64
2024-12-23,2024,12,4,358,-0.0,1.0,Haut-Sassandra,Cacao,Argileux,Seche,19.5,27.7,67.5,0,1.08
2022-01-10,2022,1,1,10,0.5,0.866,Poro,Anacarde,Limoneux,Seche,2.8,32.2,48.6,0,0.77
2021-03-14,2021,3,1,73,1.0,0.0,Haut-Sassandra,Cacao,Argileux,Seche,14.9,32.3,68.7,0,1.33
2023-11-20,2023,11,4,324,-0.5,0.866,Haut-Sassandra,Manioc,Sablonneux,Seche,48.4,32.9,65.1,0,11.12
2024-04-26,2024,4,2,117,0.866,-0.5,Haut-Sassandra,Manioc,Limoneux,Seche,54.5,30.2,72.2,1,12.63
2024-10-19,2024,10,4,293,-0.866,0.5,Haut-Sassandra,Cacao,Argileux,Pluies,178.2,23.9,81.7,0,1.61
2021-07-14,2021,7,3,195,-0.5,-0.866,Poro,Maïs,Sablonneux,Pluies,145.6,29.7,64.4,0,1.22
2024-03-25,2024,3,1,85,1.0,0.0,Haut-Sassandra,Maïs,Limoneux,Seche,60.1,32.0,69.0,0,1.27
2024-04-10,2024,4,2,101,0.866,-0.5,Nawa,Cacao,Argileux,Seche,17.6,29.7,60.9,1,1.13
2023-04-27,2023,4,2,117,0.866,-0.5,Haut-Sassandra,Manioc,Limoneux,Seche,51.9,29.4,68.2,1,11.4
2023-12-01,2023,12,4,335,-0.0,1.0,Nawa,Manioc,Limoneux,Seche,17.7,33.1,71.4,0,12.97
2023-12-23,2023,12,4,357,-0.0,1.0,Haut-Sassandra,Cacao,Limoneux,Seche,31.4,29.6,62.1,0,0.97
2021-01-23,2021,1,1,23,0.5,0.866,Poro,Anacarde,Sablonneux,Seche,10.6,36.7,37.3,0,0.79
2021-12-26,2021,12,4,360,-0.0,1.0,Nawa,Manioc,Argileux,Seche,61.1,28.6,66.7,0,9.73
2024-01-04,2024,1,1,4,0.5,0.866,Nawa,Manioc,Argileux,Seche,37.0,31.7,59.7,0,11.32
2022-07-14,2022,7,3,195,-0.5,-0.866,Poro,Anacarde,Argileux,Pluies,135.7,26.6,76.6,0,1.16
2022-11-03,2022,11,4,307,-0.5,0.866,Haut-Sassandra,Manioc,Limoneux,Seche,47.1,28.5,62.3,0,12.17
2024-02-16,2024,2,1,47,0.866,0.5,Poro,Manioc,Sablonneux,Seche,0.0,34.6,54.4,0,5.99
2024-11-04,2024,11,4,309,-0.5,0.866,Poro,Manioc,Sablonneux,Seche,0.0,38.2,38.0,0,5.54
2022-11-10,2022,11,4,314,-0.5,0.866,Nawa,Maïs,Limoneux,Seche,38.6,29.3,59.9,0,1.23
2024-08-06,2024,8,3,219,-0.866,-0.5,Nawa,Cacao,Limoneux,Seche,71.2,30.9,73.6,1,1.09
2022-03-16,2022,3,1,75,1.0,0.0,Poro,Anacarde,Sablonneux,Seche,12.5,35.3,32.1,0,0.69
2023-07-22,2023,7,3,203,-0.5,-0.866,Nawa,Cacao,Argileux,Pluies,208.7,25.1,82.0,0,1.53
2021-01-07,2021,1,1,7,0.5,0.866,Nawa,Cacao,Limoneux,Seche,51.4,31.5,64.5,0,1.26
2024-05-04,2024,5,2,125,0.5,-0.866,Haut-Sassandra,Cacao,Limoneux,Pluies,163.9,27.2,85.6,1,1.54
2022-02-25,2022,2,1,56,0.866,0.5,Poro,Anacarde,Argileux,Seche,14.1,32.8,36.0,0,0.77
2023-04-13,2023,4,2,103,0.866,-0.5,Nawa,Maïs,Sablonneux,Seche,42.3,26.7,69.9,1,1.13
2024-05-01,2024,5,2,122,0.5,-0.866,Nawa,Manioc,Limoneux,Pluies,251.5,27.8,87.9,1,12.84
2022-07-13,2022,7,3,194,-0.5,-0.866,Haut-Sassandra,Cacao,Limoneux,Pluies,144.8,26.8,90.7,0,1.5
2024-03-17,2024,3,1,77,1.0,0.0,Poro,Maïs,Argileux,Seche,10.0,28.7,30.3,0,1.32
2024-05-10,2024,5,2,131,0.5,-0.866,Poro,Anacarde,Sablonneux,Seche,10.2,34.1,56.1,1,0.76
2023-07-03,2023,7,3,184,-0.5,-0.866,Nawa,Cacao,Sablonneux,Pluies,264.3,26.2,86.6,0,1.24
2024-12-13,2024,12,4,348,-0.0,1.0,Haut-Sassandra,Maïs,Limoneux,Seche,28.7,34.0,70.2,0,1.36
2024-12-21,2024,12,4,356,-0.0,1.0,Nawa,Cacao,Limoneux,Seche,61.7,29.6,59.0,0,1.13
2023-10-04,2023,10,4,277,-0.866,0.5,Nawa,Cacao,Sablonneux,Pluies,174.3,29.1,88.5,0,1.09
2021-05-06,2021,5,2,126,0.5,-0.866,Nawa,Cacao,Limoneux,Pluies,130.2,29.3,84.5,1,1.22
2022-01-30,2022,1,1,30,0.5,0.866,Haut-Sassandra,Cacao,Argileux,Seche,21.5,29.4,73.8,0,1.18
2023-03-28,2023,3,1,87,1.0,0.0,Poro,Anacarde,Sablonneux,Seche,3.6,35.7,34.6,0,0.73
2023-05-31,2023,5,2,151,0.5,-0.866,Nawa,Cacao,Argileux,Pluies,184.5,25.8,84.6,0,1.79
2022-07-30,2022,7,3,211,-0.5,-0.866,Nawa,Manioc,Sablonneux,Pluies,195.7,24.0,92.8,0,16.07
2021-11-21,2021,11,4,325,-0.5,0.866,Poro,Manioc,Sablonneux,Seche,17.4,33.5,49.1,0,5.29
2024-11-16,2024,11,4,321,-0.5,0.866,Nawa,Manioc,Limoneux,Seche,62.5,31.1,56.0,0,11.99
2023-07-19,2023,7,3,200,-0.5,-0.866,Haut-Sassandra,Manioc,Argileux,Pluies,196.6,25.6,85.3,0,13.45
2024-05-12,2024,5,2,133,0.5,-0.866,Haut-Sassandra,Cacao,Argileux,Pluies,166.5,27.0,75.1,1,1.88
2023-04-13,2023,4,2,103,0.866,-0.5,Nawa,Manioc,Argileux,Seche,33.2,31.5,64.0,1,12.67
2023-11-21,2023,11,4,325,-0.5,0.866,Haut-Sassandra,Manioc,Sablonneux,Seche,56.6,26.9,63.6,0,10.52
2024-11-12,2024,11,4,317,-0.5,0.866,Nawa,Cacao,Limoneux,Seche,40.2,27.7,65.5,0,1.18
2024-12-28,2024,12,4,363,-0.0,1.0,Poro,Maïs,Limoneux,Seche,11.7,33.6,36.1,0,1.29
2023-04-17,2023,4,2,107,0.866,-0.5,Nawa,Manioc,Sablonneux,Seche,67.4,31.5,76.6,1,8.84
2023-07-15,2023,7,3,196,-0.5,-0.866,Nawa,Manioc,Argileux,Pluies,214.4,26.9,82.2,0,14.38
2024-10-31,2024,10,4,305,-0.866,0.5,Poro,Anacarde,Sablonneux,Seche,11.8,30.3,28.3,0,0.75
2024-09-29,2024,9,3,273,-1.0,-0.0,Nawa,Cacao,Limoneux,Pluies,143.8,28.4,98.1,1,1.79
2022-03-19,2022,3,1,78,1.0,0.0,Haut-Sassandra,Cacao,Sablonneux,Seche,58.2,32.0,62.4,0,1.17
2021-03-16,2021,3,1,75,1.0,0.0,Poro,Maïs,Sablonneux,Seche,0.0,38.6,53.3,0,1.28
2022-07-11,2022,7,3,192,-0.5,-0.866,Nawa,Cacao,Argileux,Pluies,184.4,25.4,88.3,0,1.56
2024-03-24,2024,3,1,84,1.0,0.0,Nawa,Maïs,Argileux,Seche,66.0,26.4,60.7,0,1.23
2024-12-24,2024,12,4,359,-0.0,1.0,Nawa,Cacao,Limoneux,Seche,55.6,32.4,67.5,0,1.29
2021-12-29,2021,12,4,363,-0.0,1.0,Haut-Sassandra,Cacao,Limoneux,Seche,19.9,31.2,60.7,0,1.01
2022-03-24,2022,3,1,83,1.0,0.0,Poro,Manioc,Sablonneux,Seche,10.2,31.6,38.8,0,5.8
2024-06-11,2024,6,2,163,0.0,-1.0,Haut-Sassandra,Cacao,Limoneux,Pluies,261.9,24.3,82.9,0,1.13
2021-09-19,2021,9,3,262,-1.0,-0.0,Nawa,Cacao,Sablonneux,Pluies,174.5,25.2,84.8,1,1.55
2021-05-05,2021,5,2,125,0.5,-0.866,Nawa,Anacarde,Limoneux,Pluies,181.9,24.2,84.6,1,0.59
2023-06-30,2023,6,2,181,0.0,-1.0,Haut-Sassandra,Manioc,Argileux,Pluies,156.2,24.7,83.1,0,16.32
2021-09-02,2021,9,3,245,-1.0,-0.0,Nawa,Maïs,Sablonneux,Pluies,223.3,23.1,87.4,1,1.87
2022-06-26,2022,6,2,177,0.0,-1.0,Poro,Anacarde,Sablonneux,Pluies,170.1,28.5,77.6,1,1.09
2022-04-30,2022,4,2,120,0.866,-0.5,Haut-Sassandra,Cacao,Limoneux,Seche,43.8,30.4,70.9,1,1.2
2021-05-02,2021,5,2,122,0.5,-0.866,Haut-Sassandra,Cacao,Sablonneux,Pluies,224.7,27.0,82.1,1,1.73
2021-05-05,2021,5,2,125,0.5,-0.866,Nawa,Manioc,Limoneux,Pluies,244.8,27.9,81.4,1,12.19
2021-06-19,2021,6,2,170,0.0,-1.0,Nawa,Cacao,Limoneux,Pluies,213.7,25.4,92.8,0,1.5
2021-05-04,2021,5,2,124,0.5,-0.866,Nawa,Manioc,Sablonneux,Pluies,169.2,23.5,83.7,1,15.41
2023-11-25,2023,11,4,329,-0.5,0.866,Haut-Sassandra,Cacao,Limoneux,Seche,73.9,29.1,65.3,0,1.14
2024-01-16,2024,1,1,16,0.5,0.866,Haut-Sassandra,Cacao,Argileux,Seche,55.7,28.9,62.7,0,1.13
2022-10-08,2022,10,4,281,-0.866,0.5,Haut-Sassandra,Cacao,Limoneux,Pluies,139.2,25.6,80.8,0,1.53
2023-02-25,2023,2,1,56,0.866,0.5,Nawa,Cacao,Argileux,Seche,23.4,33.4,68.4,1,1.22
2021-07-20,2021,7,3,201,-0.5,-0.866,Nawa,Cacao,Argileux,Pluies,174.6,23.3,85.3,0,1.53
2022-01-04,2022,1,1,4,0.5,0.866,Haut-Sassandra,Manioc,Sablonneux,Seche,28.1,30.0,71.2,0,10.32
2023-03-08,2023,3,1,67,1.0,0.0,Nawa,Manioc,Limoneux,Seche,38.9,29.6,52.1,0,13.49
2021-03-18,2021,3,1,77,1.0,0.0,Nawa,Cacao,Argileux,Seche,55.5,29.0,58.6,0,1.12
2021-02-28,2021,2,1,59,0.866,0.5,Nawa,Cacao,Limoneux,Seche,32.1,27.3,69.1,0,1.19
2022-03-07,2022,3,1,66,1.0,0.0,Nawa,Maïs,Argileux,Seche,20.8,30.5,68.0,0,1.29
2022-09-30,2022,9,3,273,-1.0,-0.0,Haut-Sassandra,Cacao,Sablonneux,Pluies,183.9,28.2,91.7,1,1.75
2021-04-19,2021,4,2,109,0.866,-0.5,Haut-Sassandra,Maïs,Argileux,Seche,68.0,28.6,67.4,1,1.37
2023-10-05,2023,10,4,278,-0.866,0.5,Nawa,Cacao,Argileux,Pluies,268.2,28.7,89.1,0,1.27
2024-07-25,2024,7,3,207,-0.5,-0.866,Haut-Sassandra,Cacao,Argileux,Pluies,156.3,26.1,79.8,0,1.58
2021-03-09,2021,3,1,68,1.0,0.0,Nawa,Manioc,Argileux,Seche,80.3,27.0,73.3,0,11.99
2023-12-29,2023,12,4,363,-0.0,1.0,Nawa,Anacarde,Argileux,Seche,53.8,29.9,68.9,0,0.42
2024-04-03,2024,4,2,94,0.866,-0.5,Nawa,Maïs,Limoneux,Seche,35.9,30.4,77.2,1,1.21
2021-11-01,2021,11,4,305,-0.5,0.866,Poro,Anacarde,Sablonneux,Seche,15.1,30.9,41.5,0,0.77
2022-11-05,2022,11,4,309,-0.5,0.866,Nawa,Cacao,Sablonneux,Seche,28.5,32.2,70.8,0,1.22
2021-12-31,2021,12,4,365,-0.0,1.0,Haut-Sassandra,Maïs,Argileux,Seche,29.0,25.9,67.4,0,1.36
2023-04-01,2023,4,2,91,0.866,-0.5,Nawa,Manioc,Argileux,Seche,63.5,27.8,74.9,1,11.72
2024-11-03,2024,11,4,308,-0.5,0.866,Poro,Manioc,Argileux,Seche,0.7,32.1,44.1,0,5.76
2021-12-09,2021,12,4,343,-0.0,1.0,Poro,Anacarde,Sablonneux,Seche,16.8,33.0,61.0,0,0.65
2023-08-05,2023,8,3,217,-0.866,-0.5,Poro,Maïs,Sablonneux,Pluies,170.6,28.9,60.0,0,1.81
2023-06-18,2023,6,2,169,0.0,-1.0,Nawa,Maïs,Limoneux,Pluies,186.4,24.2,87.4,1,1.82
2024-10-09,2024,10,4,283,-0.866,0.5,Haut-Sassandra,Cacao,Limoneux,Pluies,213.0,29.9,87.1,0,1.15
2024-12-10,2024,12,4,345,-0.0,1.0,Haut-Sassandra,Maïs,Limoneux,Seche,41.5,28.4,70.6,0,1.3
2024-02-07,2024,2,1,38,0.866,0.5,Haut-Sassandra,Anacarde,Argileux,Seche,65.4,28.6,60.8,0,0.31
2023-02-01,2023,2,1,32,0.866,0.5,Haut-Sassandra,Cacao,Argileux,Seche,37.7,28.2,63.5,0,1.04
2021-12-07,2021,12,4,341,-0.0,1.0,Nawa,Manioc,Limoneux,Seche,14.3,30.5,62.6,0,12.77
2023-07-31,2023,7,3,212,-0.5,-0.866,Nawa,Anacarde,Limoneux,Pluies,193.4,27.7,86.1,0,0.58
2022-01-18,2022,1,1,18,0.5,0.866,Poro,Anacarde,Argileux,Seche,20.0,37.9,51.8,0,0.75
2023-10-01,2023,10,4,274,-0.866,0.5,Nawa,Manioc,Limoneux,Pluies,227.0,23.9,83.1,0,17.89
2021-10-27,2021,10,4,300,-0.866,0.5,Nawa,Manioc,Limoneux,Pluies,182.7,29.1,87.4,0,11.03
2021-05-19,2021,5,2,139,0.5,-0.866,Haut-Sassandra,Cacao,Limoneux,Pluies,173.8,23.7,88.8,1,1.48
2021-12-25,2021,12,4,359,-0.0,1.0,Poro,Anacarde,Sablonneux,Seche,3.9,31.5,48.8,0,0.71
2023-04-16,2023,4,2,106,0.866,-0.5,Poro,Anacarde,Sablonneux,Seche,8.6,38.0,33.5,0,0.88
2024-11-09,2024,11,4,314,-0.5,0.866,Nawa,Manioc,Limoneux,Seche,42.9,29.4,63.3,0,11.87
2024-07-27,2024,7,3,209,-0.5,-0.866,Haut-Sassandra,Manioc,Limoneux,Pluies,152.3,29.7,80.7,0,11.64
2022-04-28,2022,4,2,118,0.866,-0.5,Poro,Maïs,Limoneux,Seche,12.2,34.3,38.2,0,1.46
2023-06-28,2023,6,2,179,0.0,-1.0,Poro,Anacarde,Limoneux,Pluies,184.7,27.8,77.6,1,1.04
2024-02-09,2024,2,1,40,0.866,0.5,Haut-Sassandra,Cacao,Argileux,Seche,0.0,30.7,59.5,0,1.12
2023-05-16,2023,5,2,136,0.5,-0.866,Haut-Sassandra,Cacao,Limoneux,Pluies,188.3,26.1,86.4,1,1.83
2021-05-19,2021,5,2,139,0.5,-0.866,Haut-Sassandra,Cacao,Argileux,Pluies,206.1,29.8,81.5,1,1.25
2023-09-23,2023,9,3,266,-1.0,-0.0,Haut-Sassandra,Manioc,Limoneux,Pluies,213.4,26.2,90.5,1,17.42
2022-03-11,2022,3,1,70,1.0,0.0,Nawa,Cacao,Sablonneux,Seche,48.7,30.8,72.1,0,1.13
2022-05-24,2022,5,2,144,0.5,-0.866,Nawa,Anacarde,Argileux,Pluies,164.7,28.3,83.3,1,0.53
2021-09-30,2021,9,3,273,-1.0,-0.0,Haut-Sassandra,Cacao,Limoneux,Pluies,274.6,26.4,81.6,1,1.05
2024-01-28,2024,1,1,28,0.5,0.866,Haut-Sassandra,Cacao,Argileux,Seche,43.4,33.3,75.6,0,1.05
2021-04-14,2021,4,2,104,0.866,-0.5,Poro,Anacarde,Limoneux,Seche,11.3,32.6,42.0,0,0.73
2024-05-22,2024,5,2,143,0.5,-0.866,Poro,Anacarde,Argileux,Seche,17.4,32.4,50.8,1,0.9
2023-02-01,2023,2,1,32,0.866,0.5,Nawa,Anacarde,Limoneux,Seche,43.3,28.5,71.3,0,0.43
2023-02-26,2023,2,1,57,0.866,0.5,Haut-Sassandra,Cacao,Limoneux,Seche,55.6,29.7,74.8,0,1.09
2021-06-14,2021,6,2,165,0.0,-1.0,Nawa,Cacao,Limoneux,Pluies,186.3,27.2,85.6,0,1.53
2023-09-26,2023,9,3,269,-1.0,-0.0,Haut-Sassandra,Manioc,Limoneux,Pluies,147.7,25.0,87.3,1,16.76
2022-06-04,2022,6,2,155,0.0,-1.0,Nawa,Maïs,Argileux,Pluies,157.4,25.5,85.1,0,2.22
2024-07-31,2024,7,3,213,-0.5,-0.866,Nawa,Manioc,Argileux,Pluies,161.8,26.5,85.2,0,17.71
2022-06-01,2022,6,2,152,0.0,-1.0,Poro,Maïs,Limoneux,Pluies,157.3,26.2,81.1,1,1.69
2022-10-19,2022,10,4,292,-0.866,0.5,Haut-Sassandra,Manioc,Argileux,Pluies,194.6,27.1,85.7,0,18.56
2022-09-05,2022,9,3,248,-1.0,-0.0,Haut-Sassandra,Cacao,Sablonneux,Pluies,195.1,25.6,80.5,1,1.67
2021-06-13,2021,6,2,164,0.0,-1.0,Haut-Sassandra,Manioc,Limoneux,Pluies,176.7,28.2,82.6,0,15.79
2021-03-05,2021,3,1,64,1.0,0.0,Nawa,Manioc,Limoneux,Seche,25.1,28.5,66.9,0,11.5
2024-01-20,2024,1,1,20,0.5,0.866,Nawa,Cacao,Limoneux,Seche,78.2,30.2,63.0,0,1.01
2024-02-15,2024,2,1,46,0.866,0.5,Haut-Sassandra,Manioc,Limoneux,Seche,29.7,26.7,69.6,0,10.28
2021-09-24,2021,9,3,267,-1.0,-0.0,Poro,Anacarde,Sablonneux,Pluies,170.2,29.3,80.5,0,0.75
2024-03-09,2024,3,1,69,1.0,0.0,Haut-Sassandra,Manioc,Argileux,Seche,40.7,29.1,70.7,0,11.61
2021-09-03,2021,9,3,246,-1.0,-0.0,Nawa,Cacao,Argileux,Pluies,165.7,28.2,85.4,1,1.61
2022-01-30,2022,1,1,30,0.5,0.866,Nawa,Manioc,Argileux,Seche,41.5,28.8,64.7,0,10.7
2022-04-21,2022,4,2,111,0.866,-0.5,Haut-Sassandra,Manioc,Sablonneux,Seche,23.5,32.8,68.4,1,10.68
2023-09-04,2023,9,3,247,-1.0,-0.0,Poro,Anacarde,Limoneux,Pluies,185.3,28.3,78.3,0,1.21
2024-04-22,2024,4,2,113,0.866,-0.5,Poro,Anacarde,Sablonneux,Seche,13.4,35.0,59.7,0,0.75
2023-11-10,2023,11,4,314,-0.5,0.866,Nawa,Manioc,Limoneux,Seche,35.1,31.9,68.2,0,11.5
2022-07-12,2022,7,3,193,-0.5,-0.866,Nawa,Maïs,Limoneux,Pluies,221.0,26.1,84.3,0,1.9
2023-10-15,2023,10,4,288,-0.866,0.5,Poro,Anacarde,Limoneux,Seche,9.2,32.1,40.6,0,0.74
2023-06-02,2023,6,2,153,0.0,-1.0,Nawa,Cacao,Argileux,Pluies,144.2,27.5,87.5,0,1.54
2021-05-27,2021,5,2,147,0.5,-0.866,Haut-Sassandra,Maïs,Limoneux,Pluies,126.8,27.3,83.6,1,1.7
2022-10-28,2022,10,4,301,-0.866,0.5,Nawa,Maïs,Limoneux,Pluies,221.9,26.3,86.9,0,1.96
2024-08-20,2024,8,3,233,-0.866,-0.5,Poro,Manioc,Sablonneux,Pluies,182.0,27.0,75.4,0,9.22
2022-09-12,2022,9,3,255,-1.0,-0.0,Haut-Sassandra,Cacao,Argileux,Pluies,207.0,24.8,84.2,1,1.63
2023-03-31,2023,3,1,90,1.0,0.0,Nawa,Cacao,Argileux,Seche,88.5,31.8,56.9,0,1.09
2023-05-14,2023,5,2,134,0.5,-0.866,Nawa,Cacao,Sablonneux,Pluies,161.7,29.5,87.4,1,1.11
2022-08-05,2022,8,3,217,-0.866,-0.5,Poro,Maïs,Sablonneux,Pluies,170.9,28.9,77.6,0,1.99
2023-10-20,2023,10,4,293,-0.866,0.5,Nawa,Maïs,Sablonneux,Pluies,176.0,26.4,85.8,0,2.0
2022-11-26,2022,11,4,330,-0.5,0.866,Haut-Sassandra,Manioc,Limoneux,Seche,14.1,27.5,63.9,0,12.22
2024-06-05,2024,6,2,157,0.0,-1.0,Poro,Maïs,Limoneux,Pluies,128.2,29.3,66.7,1,1.16
2024-01-31,2024,1,1,31,0.5,0.866,Poro,Anacarde,Sablonneux,Seche,17.7,30.7,40.4,0,0.8
2024-12-11,2024,12,4,346,-0.0,1.0,Haut-Sassandra,Manioc,Argileux,Seche,29.7,27.9,63.8,0,11.81
2024-05-24,2024,5,2,145,0.5,-0.866,Haut-Sassandra,Cacao,Argileux,Pluies,210.4,27.1,79.7,1,1.46
2022-02-11,2022,2,1,42,0.866,0.5,Haut-Sassandra,Cacao,Argileux,Seche,52.1,27.5,63.4,0,0.98
2022-02-03,2022,2,1,34,0.866,0.5,Poro,Maïs,Sablonneux,Seche,4.8,30.6,37.9,0,1.3
2022-12-16,2022,12,4,350,-0.0,1.0,Nawa,Cacao,Sablonneux,Seche,28.1,29.1,74.9,0,1.18
2022-12-05,2022,12,4,339,-0.0,1.0,Nawa,Cacao,Sablonneux,Seche,20.7,30.5,74.7,0,1.15
2023-01-31,2023,1,1,31,0.5,0.866,Haut-Sassandra,Manioc,Argileux,Seche,75.8,28.4,77.8,0,12.35
2022-05-14,2022,5,2,134,0.5,-0.866,Haut-Sassandra,Manioc,Limoneux,Pluies,193.8,27.9,89.5,1,18.85
2023-09-01,2023,9,3,244,-1.0,-0.0,Nawa,Cacao,Sablonneux,Pluies,135.6,30.3,91.2,1,0.99
2021-03-23,2021,3,1,82,1.0,0.0,Poro,Anacarde,Argileux,Seche,13.9,33.6,44.0,0,0.82
2022-08-27,2022,8,3,239,-0.866,-0.5,Haut-Sassandra,Maïs,Limoneux,Seche,85.2,27.5,66.8,1,1.1
2023-02-11,2023,2,1,42,0.866,0.5,Poro,Manioc,Limoneux,Seche,13.5,31.5,29.7,0,6.84
2023-06-22,2023,6,2,173,0.0,-1.0,Nawa,Cacao,Limoneux,Pluies,194.6,27.1,92.4,0,1.59
2021-12-31,2021,12,4,365,-0.0,1.0,Haut-Sassandra,Manioc,Limoneux,Seche,68.5,26.9,76.7,0,10.27
2021-06-12,2021,6,2,163,0.0,-1.0,Poro,Anacarde,Sablonneux,Pluies,170.6,27.2,73.8,1,0.89
2023-12-08,2023,12,4,342,-0.0,1.0,Haut-Sassandra,Cacao,Argileux,Seche,75.1,29.4,64.8,0,1.08
2022-05-26,2022,5,2,146,0.5,-0.866,Nawa,Cacao,Argileux,Pluies,204.0,23.9,86.4,1,1.77
2024-09-14,2024,9,3,258,-1.0,-0.0,Haut-Sassandra,Manioc,Limoneux,Pluies,190.8,25.9,81.2,1,15.9
2021-04-26,2021,4,2,116,0.866,-0.5,Haut-Sassandra,Maïs,Sablonneux,Seche,58.6,29.5,78.8,1,1.38
2023-07-30,2023,7,3,211,-0.5,-0.866,Haut-Sassandra,Cacao,Argileux,Pluies,185.9,23.0,89.4,0,1.78
2021-12-03,2021,12,4,337,-0.0,1.0,Nawa,Anacarde,Argileux,Seche,41.9,34.3,72.2,0,0.4
2023-05-31,2023,5,2,151,0.5,-0.866,Haut-Sassandra,Cacao,Sablonneux,Pluies,197.3,27.3,83.3,1,1.78
2023-01-07,2023,1,1,7,0.5,0.866,Haut-Sassandra,Cacao,Sablonneux,Seche,9.7,29.4,69.4,0,1.08
2023-04-20,2023,4,2,110,0.866,-0.5,Haut-Sassandra,Cacao,Argileux,Seche,30.4,27.9,75.4,1,1.0
2021-05-27,2021,5,2,147,0.5,-0.866,Poro,Maïs,Sablonneux,Seche,18.8,29.7,54.1,1,1.34
2024-09-08,2024,9,3,252,-1.0,-0.0,Nawa,Manioc,Sablonneux,Pluies,206.6,26.9,91.7,1,16.93
2022-03-19,2022,3,1,78,1.0,0.0,Haut-Sassandra,Manioc,Sablonneux,Seche,38.6,32.4,73.4,0,14.47
2023-04-17,2023,4,2,107,0.866,-0.5,Poro,Manioc,Limoneux,Seche,11.4,34.8,43.2,0,6.55
2023-11-03,2023,11,4,307,-0.5,0.866,Nawa,Manioc,Argileux,Seche,51.1,31.3,71.1,0,12.38
2023-08-01,2023,8,3,213,-0.866,-0.5,Haut-Sassandra,Cacao,Argileux,Seche,76.5,27.4,79.8,1,1.16
2021-10-14,2021,10,4,287,-0.866,0.5,Haut-Sassandra,Manioc,Limoneux,Pluies,177.8,24.5,88.5,0,15.44
2022-12-21,2022,12,4,355,-0.0,1.0,Haut-Sassandra,Cacao,Argileux,Seche,54.4,29.9,63.1,0,1.07
2024-02-12,2024,2,1,43,0.866,0.5,Poro,Anacarde,Argileux,Seche,11.7,38.2,39.6,0,0.84
2022-04-25,2022,4,2,115,0.866,-0.5,Poro,Maïs,Limoneux,Seche,3.9,34.0,52.0,0,1.22
2021-01-22,2021,1,1,22,0.5,0.866,Haut-Sassandra,Cacao,Argileux,Seche,21.7,32.2,77.5,0,1.02
2024-10-04,2024,10,4,278,-0.866,0.5,Haut-Sassandra,Manioc,Argileux,Pluies,154.2,24.9,86.8,1,18.72
2022-11-14,2022,11,4,318,-0.5,0.866,Poro,Anacarde,Sablonneux,Seche,7.6,33.1,35.1,0,0.66
2023-06-25,2023,6,2,176,0.0,-1.0,Nawa,Cacao,Limoneux,Pluies,201.5,26.3,83.9,0,1.68
2021-11-16,2021,11,4,320,-0.5,0.866,Nawa,Cacao,Limoneux,Seche,46.7,26.4,70.0,0,1.07
2021-05-06,2021,5,2,126,0.5,-0.866,Haut-Sassandra,Manioc,Limoneux,Pluies,129.5,26.8,89.9,1,13.91
2021-10-04,2021,10,4,277,-0.866,0.5,Poro,Cacao,Sablonneux,Seche,21.5,31.3,47.1,0,0.6
2024-05-12,2024,5,2,133,0.5,-0.866,Nawa,Cacao,Limoneux,Pluies,161.3,28.4,85.0,1,1.62
2021-07-13,2021,7,3,194,-0.5,-0.866,Haut-Sassandra,Manioc,Argileux,Pluies,193.7,27.3,84.9,0,17.26
2022-11-27,2022,11,4,331,-0.5,0.866,Poro,Maïs,Sablonneux,Seche,11.7,36.3,49.9,0,1.37
2024-08-02,2024,8,3,215,-0.866,-0.5,Haut-Sassandra,Cacao,Argileux,Seche,34.0,29.4,67.3,1,1.07
2021-02-26,2021,2,1,57,0.866,0.5,Nawa,Cacao,Limoneux,Seche,55.2,26.2,64.1,0,1.12
2024-08-19,2024,8,3,232,-0.866,-0.5,Haut-Sassandra,Cacao,Argileux,Seche,70.4,29.6,75.0,1,1.1
2024-04-01,2024,4,2,92,0.866,-0.5,Poro,Cacao,Sablonneux,Seche,11.0,30.6,55.8,0,0.55
2021-01-19,2021,1,1,19,0.5,0.866,Nawa,Manioc,Argileux,Seche,30.7,31.3,76.4,0,10.71
2024-10-25,2024,10,4,299,-0.866,0.5,Haut-Sassandra,Cacao,Argileux,Pluies,204.9,26.1,82.3,0,1.81
2021-09-21,2021,9,3,264,-1.0,-0.0,Haut-Sassandra,Cacao,Argileux,Pluies,168.1,27.1,88.5,1,1.73
2023-03-05,2023,3,1,64,1.0,0.0,Poro,Manioc,Sablonneux,Seche,10.9,35.3,37.5,0,5.08
2021-04-23,2021,4,2,113,0.866,-0.5,Haut-Sassandra,Maïs,Limoneux,Seche,43.1,30.4,74.9,1,1.28
2024-09-12,2024,9,3,256,-1.0,-0.0,Nawa,Manioc,Argileux,Pluies,229.8,29.2,91.7,1,10.46
2022-06-26,2022,6,2,177,0.0,-1.0,Haut-Sassandra,Anacarde,Argileux,Pluies,191.5,23.4,84.6,0,0.64
2022-10-09,2022,10,4,282,-0.866,0.5,Poro,Maïs,Limoneux,Seche,14.5,31.3,37.2,0,1.29
2022-08-02,2022,8,3,214,-0.866,-0.5,Haut-Sassandra,Cacao,Sablonneux,Seche,36.3,30.4,73.2,1,1.06
2023-12-25,2023,12,4,359,-0.0,1.0,Haut-Sassandra,Maïs,Argileux,Seche,9.2,27.2,71.0,0,1.29
2024-08-08,2024,8,3,221,-0.866,-0.5,Haut-Sassandra,Maïs,Limoneux,Seche,16.0,31.1,69.0,1,1.08
2021-01-25,2021,1,1,25,0.5,0.866,Haut-Sassandra,Manioc,Argileux,Seche,48.3,29.5,77.9,0,10.73
2021-01-01,2021,1,1,1,0.5,0.866,Poro,Manioc,Sablonneux,Seche,21.2,35.7,29.8,0,6.13
2023-06-30,2023,6,2,181,0.0,-1.0,Haut-Sassandra,Cacao,Argileux,Pluies,138.8,26.5,87.1,0,1.67
2021-05-21,2021,5,2,141,0.5,-0.866,Haut-Sassandra,Cacao,Limoneux,Pluies,125.8,24.8,88.2,1,1.56
2022-10-10,2022,10,4,283,-0.866,0.5,Haut-Sassandra,Maïs,Limoneux,Pluies,227.6,25.2,92.0,0,1.81
2021-07-07,2021,7,3,188,-0.5,-0.866,Poro,Anacarde,Sablonneux,Pluies,137.9,27.7,76.0,0,1.07
2024-02-26,2024,2,1,57,0.866,0.5,Nawa,Maïs,Limoneux,Seche,29.8,34.8,66.6,0,1.25
2021-07-20,2021,7,3,201,-0.5,-0.866,Nawa,Anacarde,Argileux,Pluies,235.0,24.6,87.9,0,0.39
2024-02-25,2024,2,1,56,0.866,0.5,Haut-Sassandra,Manioc,Sablonneux,Seche,0.0,29.1,52.6,0,11.03
2021-09-14,2021,9,3,257,-1.0,-0.0,Poro,Manioc,Limoneux,Pluies,184.1,27.5,73.3,0,8.17
2022-07-01,2022,7,3,182,-0.5,-0.866,Poro,Anacarde,Argileux,Pluies,105.4,23.2,79.0,0,0.68
2021-07-13,2021,7,3,194,-0.5,-0.866,Poro,Maïs,Sablonneux,Pluies,195.1,28.9,77.1,0,2.1
2022-12-04,2022,12,4,338,-0.0,1.0,Nawa,Anacarde,Limoneux,Seche,75.5,29.6,70.6,0,0.38
2024-02-02,2024,2,1,33,0.866,0.5,Haut-Sassandra,Cacao,Argileux,Seche,55.1,33.2,65.7,0,1.01
2024-07-12,2024,7,3,194,-0.5,-0.866,Haut-Sassandra,Cacao,Argileux,Pluies,218.1,25.2,80.6,0,1.83
2023-03-13,2023,3,1,72,1.0,0.0,Nawa,Cacao,Argileux,Seche,90.9,28.3,66.8,0,1.16
2023-07-31,2023,7,3,212,-0.5,-0.866,Nawa,Manioc,Limoneux,Pluies,234.2,26.4,77.5,0,12.72
2024-11-08,2024,11,4,313,-0.5,0.866,Nawa,Maïs,Sablonneux,Seche,54.4,30.8,57.6,0,1.39
2024-07-07,2024,7,3,189,-0.5,-0.866,Poro,Maïs,Sablonneux,Pluies,164.0,28.1,78.1,0,1.97
2022-02-18,2022,2,1,49,0.866,0.5,Nawa,Cacao,Limoneux,Seche,26.3,30.4,66.8,0,1.31
2024-10-13,2024,10,4,287,-0.866,0.5,Haut-Sassandra,Manioc,Limoneux,Pluies,189.2,30.4,87.4,0,13.21
2024-01-04,2024,1,1,4,0.5,0.866,Haut-Sassandra,Cacao,Sablonneux,Seche,9.4,27.7,68.3,0,1.27
2024-10-10,2024,10,4,284,-0.866,0.5,Haut-Sassandra,Maïs,Limoneux,Pluies,230.1,25.9,82.1,0,1.19
2023-06-29,2023,6,2,180,0.0,-1.0,Haut-Sassandra,Manioc,Limoneux,Pluies,237.0,29.8,86.7,0,12.65
2021-07-07,2021,7,3,188,-0.5,-0.866,Haut-Sassandra,Cacao,Sablonneux,Pluies,210.1,24.3,87.8,0,1.68
2024-08-06,2024,8,3,219,-0.866,-0.5,Haut-Sassandra,Cacao,Argileux,Seche,50.0,29.2,64.1,1,1.23
2021-02-14,2021,2,1,45,0.866,0.5,Haut-Sassandra,Cacao,Argileux,Seche,75.8,26.8,70.4,0,1.12
2021-03-24,2021,3,1,83,1.0,0.0,Nawa,Maïs,Argileux,Seche,56.8,33.8,56.8,0,1.29
2024-02-21,2024,2,1,52,0.866,0.5,Haut-Sassandra,Cacao,Argileux,Seche,67.4,29.2,70.1,0,1.21
2021-12-24,2021,12,4,358,-0.0,1.0,Haut-Sassandra,Anacarde,Limoneux,Seche,85.2,30.0,71.4,1,0.39
2023-12-26,2023,12,4,360,-0.0,1.0,Haut-Sassandra,Cacao,Limoneux,Seche,57.7,29.6,71.3,0,1.24
2023-07-25,2023,7,3,206,-0.5,-0.866,Haut-Sassandra,Cacao,Sablonneux,Pluies,171.5,24.5,80.2,0,1.64
2022-01-10,2022,1,1,10,0.5,0.866,Haut-Sassandra,Manioc,Limoneux,Seche,19.8,30.3,68.4,0,12.35
2021-06-11,2021,6,2,162,0.0,-1.0,Haut-Sassandra,Manioc,Argileux,Pluies,189.7,28.3,89.4,0,20.26
2024-11-04,2024,11,4,309,-0.5,0.866,Nawa,Cacao,Argileux,Seche,48.0,28.8,72.6,0,0.9
2024-10-13,2024,10,4,287,-0.866,0.5,Haut-Sassandra,Cacao,Argileux,Pluies,226.8,24.3,85.5,0,1.55
2024-04-26,2024,4,2,117,0.866,-0.5,Haut-Sassandra,Cacao,Sablonneux,Seche,52.4,32.4,68.3,1,1.31
2021-11-18,2021,11,4,322,-0.5,0.866,Haut-Sassandra,Maïs,Limoneux,Seche,29.8,29.7,66.1,0,1.15
2022-03-26,2022,3,1,85,1.0,0.0,Nawa,Manioc,Limoneux,Seche,51.7,28.1,70.9,0,11.19
2023-11-03,2023,11,4,307,-0.5,0.866,Haut-Sassandra,Cacao,Argileux,Seche,42.6,28.8,69.7,0,1.09
2021-07-03,2021,7,3,184,-0.5,-0.866,Haut-Sassandra,Cacao,Argileux,Pluies,240.2,23.6,96.0,0,1.17
2021-04-21,2021,4,2,111,0.866,-0.5,Nawa,Cacao,Limoneux,Seche,49.4,33.3,59.9,1,1.01
2022-05-23,2022,5,2,143,0.5,-0.866,Haut-Sassandra,Manioc,Argileux,Pluies,152.2,29.9,85.8,1,11.08
2024-08-06,2024,8,3,219,-0.866,-0.5,Haut-Sassandra,Manioc,Sablonneux,Seche,35.0,32.8,70.6,1,10.72
2021-10-22,2021,10,4,295,-0.866,0.5,Haut-Sassandra,Cacao,Argileux,Pluies,197.9,27.8,87.8,0,1.53
2023-06-23,2023,6,2,174,0.0,-1.0,Nawa,Manioc,Argileux,Pluies,171.8,24.1,89.4,0,18.36
2024-05-23,2024,5,2,144,0.5,-0.866,Haut-Sassandra,Anacarde,Argileux,Pluies,216.1,26.3,85.2,1,0.61
2023-09-01,2023,9,3,244,-1.0,-0.0,Haut-Sassandra,Manioc,Argileux,Pluies,199.8,26.9,89.5,1,16.59
2022-09-24,2022,9,3,267,-1.0,-0.0,Haut-Sassandra,Cacao,Argileux,Pluies,206.2,26.8,85.1,1,1.6
2023-11-17,2023,11,4,321,-0.5,0.866,Haut-Sassandra,Cacao,Sablonneux,Seche,47.4,29.8,66.0,0,1.19
2023-01-03,2023,1,1,3,0.5,0.866,Nawa,Manioc,Sablonneux,Seche,41.2,28.9,67.6,0,11.27
2024-06-08,2024,6,2,160,0.0,-1.0,Poro,Anacarde,Sablonneux,Pluies,168.2,27.7,79.2,1,1.25
2021-11-17,2021,11,4,321,-0.5,0.866,Nawa,Cacao,Limoneux,Seche,41.2,28.1,63.7,0,1.09
2023-07-02,2023,7,3,183,-0.5,-0.866,Nawa,Cacao,Limoneux,Pluies,156.0,25.4,91.3,0,1.88
2024-06-10,2024,6,2,162,0.0,-1.0,Haut-Sassandra,Maïs,Argileux,Pluies,194.9,25.8,88.5,0,1.79
2022-03-13,2022,3,1,72,1.0,0.0,Poro,Manioc,Sablonneux,Seche,18.8,33.0,23.9,0,6.37
2023-02-20,2023,2,1,51,0.866,0.5,Haut-Sassandra,Maïs,Limoneux,Seche,46.3,33.2,75.8,0,1.24
2024-11-27,2024,11,4,332,-0.5,0.866,Nawa,Cacao,Limoneux,Seche,43.5,31.0,75.8,0,1.13
2023-12-13,2023,12,4,347,-0.0,1.0,Haut-Sassandra,Cacao,Limoneux,Seche,40.8,31.2,76.3,0,1.23
2024-08-29,2024,8,3,242,-0.866,-0.5,Nawa,Maïs,Sablonneux,Seche,25.0,30.1,58.1,1,1.23
2024-07-28,2024,7,3,210,-0.5,-0.866,Poro,Maïs,Sablonneux,Pluies,146.1,24.6,73.2,0,1.8
2022-12-27,2022,12,4,361,-0.0,1.0,Haut-Sassandra,Cacao,Sablonneux,Seche,32.2,29.8,73.6,0,1.03
2021-01-31,2021,1,1,31,0.5,0.866,Nawa,Cacao,Sablonneux,Seche,68.5,30.7,62.1,0,1.12
2021-12-03,2021,12,4,337,-0.0,1.0,Nawa,Cacao,Sablonneux,Seche,36.7,28.5,69.7,0,1.0
2021-07-02,2021,7,3,183,-0.5,-0.866,Haut-Sassandra,Manioc,Sablonneux,Pluies,262.0,27.3,84.9,0,10.86
2023-11-13,2023,11,4,317,-0.5,0.866,Haut-Sassandra,Cacao,Limoneux,Seche,59.1,27.7,69.4,0,1.16
2022-06-28,2022,6,2,179,0.0,-1.0,Haut-Sassandra,Cacao,Argileux,Pluies,156.7,26.2,85.0,0,1.64
2024-01-03,2024,1,1,3,0.5,0.866,Nawa,Manioc,Argileux,Seche,40.7,30.2,80.1,0,10.02
2023-10-31,2023,10,4,304,-0.866,0.5,Haut-Sassandra,Manioc,Argileux,Pluies,233.5,27.5,94.7,0,12.56
2022-10-22,2022,10,4,295,-0.866,0.5,Nawa,Manioc,Limoneux,Pluies,165.2,27.0,78.2,0,16.56
2021-06-09,2021,6,2,160,0.0,-1.0,Nawa,Manioc,Limoneux,Pluies,180.8,26.4,84.9,0,17.85
2023-11-04,2023,11,4,308,-0.5,0.866,Haut-Sassandra,Cacao,Limoneux,Seche,27.6,28.2,62.6,0,1.15
2024-04-16,2024,4,2,107,0.866,-0.5,Haut-Sassandra,Manioc,Limoneux,Seche,51.9,31.5,73.3,1,11.89
2022-02-16,2022,2,1,47,0.866,0.5,Poro,Anacarde,Sablonneux,Seche,4.1,29.2,25.9,0,0.66
2023-10-09,2023,10,4,282,-0.866,0.5,Nawa,Maïs,Argileux,Pluies,178.0,23.1,87.5,0,1.87
2021-02-22,2021,2,1,53,0.866,0.5,Haut-Sassandra,Anacarde,Limoneux,Seche,31.2,31.2,63.4,0,0.43
2022-02-12,2022,2,1,43,0.866,0.5,Nawa,Cacao,Limoneux,Seche,46.9,29.8,68.6,0,1.19
2023-04-27,2023,4,2,117,0.866,-0.5,Nawa,Cacao,Argileux,Seche,42.0,32.2,81.7,1,1.13
2023-11-12,2023,11,4,316,-0.5,0.866,Nawa,Cacao,Limoneux,Seche,4.0,30.5,65.7,0,1.13
2023-11-20,2023,11,4,324,-0.5,0.866,Nawa,Manioc,Argileux,Seche,59.3,31.3,67.9,0,11.37
2022-12-04,2022,12,4,338,-0.0,1.0,Poro,Maïs,Limoneux,Seche,3.6,30.9,46.1,0,1.3
2021-09-17,2021,9,3,260,-1.0,-0.0,Nawa,Manioc,Argileux,Pluies,237.1,26.0,90.0,1,11.49
2024-05-13,2024,5,2,134,0.5,-0.866,Haut-Sassandra,Manioc,Limoneux,Pluies,168.4,24.1,78.4,1,16.85
2023-12-19,2023,12,4,353,-0.0,1.0,Poro,Anacarde,Limoneux,Seche,27.4,36.7,42.2,0,0.81
2023-02-15,2023,2,1,46,0.866,0.5,Nawa,Manioc,Argileux,Seche,46.6,31.0,80.3,1,11.2
2023-11-02,2023,11,4,306,-0.5,0.866,Poro,Anacarde,Sablonneux,Seche,4.9,33.3,32.2,0,0.65
2024-08-06,2024,8,3,219,-0.866,-0.5,Haut-Sassandra,Manioc,Limoneux,Seche,26.6,32.3,69.0,1,11.75
2023-04-30,2023,4,2,120,0.866,-0.5,Nawa,Manioc,Sablonneux,Seche,0.0,29.9,61.7,1,11.36
2021-12-20,2021,12,4,354,-0.0,1.0,Nawa,Maïs,Argileux,Seche,17.6,28.5,74.9,0,1.44
2024-01-04,2024,1,1,4,0.5,0.866,Nawa,Cacao,Limoneux,Seche,38.0,28.4,72.0,0,1.1
2023-05-23,2023,5,2,143,0.5,-0.866,Poro,Anacarde,Limoneux,Seche,7.1,35.7,39.4,1,0.7
2023-09-18,2023,9,3,261,-1.0,-0.0,Haut-Sassandra,Anacarde,Argileux,Pluies,141.8,29.3,86.6,1,0.4
2024-06-18,2024,6,2,170,0.0,-1.0,Poro,Manioc,Limoneux,Pluies,189.5,29.2,74.4,1,6.44
2023-10-15,2023,10,4,288,-0.866,0.5,Poro,Anacarde,Limoneux,Seche,27.6,33.9,48.8,0,0.75
2024-03-23,2024,3,1,83,1.0,0.0,Nawa,Manioc,Argileux,Seche,20.9,29.8,64.8,0,11.49
2024-01-25,2024,1,1,25,0.5,0.866,Haut-Sassandra,Manioc,Argileux,Seche,62.7,30.6,61.6,0,10.74
2021-10-21,2021,10,4,294,-0.866,0.5,Nawa,Manioc,Sablonneux,Pluies,153.2,25.8,85.9,1,17.86
2021-07-28,2021,7,3,209,-0.5,-0.866,Haut-Sassandra,Cacao,Limoneux,Pluies,166.4,25.1,83.1,0,1.61
2024-09-28,2024,9,3,272,-1.0,-0.0,Haut-Sassandra,Manioc,Limoneux,Pluies,229.8,27.6,86.5,1,17.85
2024-01-17,2024,1,1,17,0.5,0.866,Nawa,Anacarde,Argileux,Seche,80.4,30.7,71.7,0,0.43
2023-03-29,2023,3,1,88,1.0,0.0,Nawa,Anacarde,Argileux,Seche,43.0,28.6,76.1,0,0.33
2022-01-25,2022,1,1,25,0.5,0.866,Poro,Maïs,Limoneux,Seche,17.0,33.9,33.2,0,1.35
2021-11-21,2021,11,4,325,-0.5,0.866,Haut-Sassandra,Maïs,Limoneux,Seche,36.5,31.8,65.2,0,0.96
2023-07-29,2023,7,3,210,-0.5,-0.866,Poro,Anacarde,Limoneux,Pluies,134.4,29.2,80.0,0,0.78
2023-06-08,2023,6,2,159,0.0,-1.0,Haut-Sassandra,Manioc,Limoneux,Pluies,197.9,26.0,84.8,0,16.06
2024-03-26,2024,3,1,86,1.0,0.0,Poro,Anacarde,Sablonneux,Seche,16.2,34.2,44.3,0,0.77
2022-10-30,2022,10,4,303,-0.866,0.5,Nawa,Maïs,Limoneux,Pluies,192.4,27.5,81.8,0,1.73
2022-09-25,2022,9,3,268,-1.0,-0.0,Nawa,Manioc,Limoneux,Pluies,266.7,25.7,86.7,1,11.53
2022-07-31,2022,7,3,212,-0.5,-0.866,Nawa,Cacao,Limoneux,Pluies,234.7,25.9,87.5,0,1.11
2021-05-17,2021,5,2,137,0.5,-0.866,Haut-Sassandra,Manioc,Sablonneux,Pluies,238.3,27.0,90.9,1,10.82
2022-03-04,2022,3,1,63,1.0,0.0,Poro,Anacarde,Argileux,Seche,11.1,32.5,38.3,0,0.72
2022-09-04,2022,9,3,247,-1.0,-0.0,Haut-Sassandra,Cacao,Limoneux,Pluies,200.8,26.2,83.8,1,1.43
2023-06-30,2023,6,2,181,0.0,-1.0,Haut-Sassandra,Cacao,Argileux,Pluies,157.2,26.7,83.8,0,1.72
2023-03-30,2023,3,1,89,1.0,0.0,Haut-Sassandra,Manioc,Argileux,Seche,35.2,28.6,65.3,0,11.43
2021-05-21,2021,5,2,141,0.5,-0.866,Haut-Sassandra,Manioc,Sablonneux,Pluies,263.1,26.5,89.9,1,12.24
2024-01-12,2024,1,1,12,0.5,0.866,Haut-Sassandra,Cacao,Limoneux,Seche,51.8,29.6,82.4,0,1.23
2021-06-26,2021,6,2,177,0.0,-1.0,Haut-Sassandra,Maïs,Argileux,Pluies,192.5,29.4,84.7,0,1.04
2021-07-17,2021,7,3,198,-0.5,-0.866,Haut-Sassandra,Cacao,Argileux,Pluies,166.2,25.5,87.5,0,1.66
2022-09-16,2022,9,3,259,-1.0,-0.0,Poro,Maïs,Sablonneux,Pluies,223.2,28.0,78.6,0,1.97
2022-11-22,2022,11,4,326,-0.5,0.866,Haut-Sassandra,Cacao,Argileux,Seche,52.4,29.1,72.7,0,1.19
2024-12-15,2024,12,4,350,-0.0,1.0,Haut-Sassandra,Cacao,Limoneux,Seche,33.5,30.2,66.9,0,1.17
2022-02-05,2022,2,1,36,0.866,0.5,Nawa,Cacao,Sablonneux,Seche,19.2,27.1,72.0,0,1.12
2022-04-16,2022,4,2,106,0.866,-0.5,Nawa,Manioc,Limoneux,Seche,59.9,30.8,58.7,1,10.39
2021-08-06,2021,8,3,218,-0.866,-0.5,Haut-Sassandra,Maïs,Limoneux,Seche,11.1,29.2,57.0,1,1.26
2023-07-18,2023,7,3,199,-0.5,-0.866,Poro,Anacarde,Limoneux,Pluies,131.4,26.7,67.7,0,1.06
2022-09-24,2022,9,3,267,-1.0,-0.0,Poro,Anacarde,Argileux,Pluies,106.1,26.3,80.9,0,0.83
2023-08-09,2023,8,3,221,-0.866,-0.5,Poro,Maïs,Sablonneux,Pluies,131.2,27.3,80.1,0,1.66
2023-06-25,2023,6,2,176,0.0,-1.0,Haut-Sassandra,Manioc,Argileux,Pluies,184.4,27.4,86.8,0,17.63
2021-06-24,2021,6,2,175,0.0,-1.0,Haut-Sassandra,Manioc,Argileux,Pluies,150.5,30.6,87.7,0,11.56
2021-01-23,2021,1,1,23,0.5,0.866,Haut-Sassandra,Cacao,Argileux,Seche,53.8,27.1,60.4,0,1.15
2021-08-23,2021,8,3,235,-0.866,-0.5,Poro,Manioc,Limoneux,Pluies,214.8,27.5,79.4,0,8.09
2023-11-03,2023,11,4,307,-0.5,0.866,Nawa,Cacao,Argileux,Seche,11.7,31.6,64.5,0,1.17
2024-01-30,2024,1,1,30,0.5,0.866,Nawa,Manioc,Limoneux,Seche,44.7,30.6,65.5,0,9.96
2023-07-18,2023,7,3,199,-0.5,-0.866,Nawa,Maïs,Sablonneux,Pluies,203.5,26.5,77.0,0,1.69
2022-06-07,2022,6,2,158,0.0,-1.0,Nawa,Manioc,Limoneux,Pluies,213.0,22.5,84.7,0,11.76
2022-03-07,2022,3,1,66,1.0,0.0,Haut-Sassandra,Maïs,Argileux,Seche,78.7,28.2,65.9,0,1.38
2023-03-04,2023,3,1,63,1.0,0.0,Nawa,Cacao,Argileux,Seche,16.3,32.3,60.5,0,1.06
2022-06-17,2022,6,2,168,0.0,-1.0,Haut-Sassandra,Manioc,Limoneux,Pluies,155.7,26.5,85.7,0,17.88
2023-09-06,2023,9,3,249,-1.0,-0.0,Haut-Sassandra,Manioc,Limoneux,Pluies,196.7,24.7,90.4,1,19.26
2024-08-09,2024,8,3,222,-0.866,-0.5,Nawa,Maïs,Limoneux,Seche,40.5,28.7,58.6,1,1.26
2023-03-21,2023,3,1,80,1.0,0.0,Haut-Sassandra,Manioc,Limoneux,Seche,19.4,28.6,56.5,0,9.41
2023-07-02,2023,7,3,183,-0.5,-0.866,Poro,Maïs,Limoneux,Pluies,115.8,28.7,71.9,0,2.02
2024-01-30,2024,1,1,30,0.5,0.866,Haut-Sassandra,Cacao,Argileux,Seche,46.8,30.6,67.7,0,1.01
2024-08-20,2024,8,3,233,-0.866,-0.5,Haut-Sassandra,Cacao,Limoneux,Seche,60.5,27.5,70.2,1,0.9
2023-05-21,2023,5,2,141,0.5,-0.866,Nawa,Maïs,Argileux,Pluies,165.7,24.8,82.6,1,1.75
2022-06-24,2022,6,2,175,0.0,-1.0,Poro,Maïs,Sablonneux,Pluies,188.5,34.1,84.3,1,1.28
2023-10-21,2023,10,4,294,-0.866,0.5,Nawa,Manioc,Argileux,Pluies,241.6,24.8,87.1,0,11.75
2024-10-10,2024,10,4,284,-0.866,0.5,Haut-Sassandra,Manioc,Argileux,Pluies,202.9,23.3,85.9,0,19.29
2024-08-19,2024,8,3,232,-0.866,-0.5,Haut-Sassandra,Maïs,Argileux,Seche,66.4,31.0,57.7,1,1.26
2021-08-15,2021,8,3,227,-0.866,-0.5,Poro,Anacarde,Argileux,Pluies,200.4,27.9,79.2,0,1.1
2024-06-13,2024,6,2,165,0.0,-1.0,Poro,Anacarde,Sablonneux,Pluies,195.9,28.5,72.7,1,1.1
2023-05-23,2023,5,2,143,0.5,-0.866,Nawa,Cacao,Argileux,Pluies,196.5,26.0,87.0,1,1.64
2023-06-11,2023,6,2,162,0.0,-1.0,Haut-Sassandra,Cacao,Argileux,Pluies,239.9,27.7,82.8,0,1.11
2023-11-03,2023,11,4,307,-0.5,0.866,Nawa,Cacao,Sablonneux,Seche,50.0,31.5,66.1,0,1.22
2021-07-29,2021,7,3,210,-0.5,-0.866,Haut-Sassandra,Cacao,Limoneux,Pluies,176.1,27.9,83.8,0,1.5
2023-01-11,2023,1,1,11,0.5,0.866,Nawa,Cacao,Limoneux,Seche,44.8,30.0,64.4,0,1.18
2022-02-01,2022,2,1,32,0.866,0.5,Haut-Sassandra,Manioc,Argileux,Seche,80.7,29.0,63.4,1,12.06
2024-01-29,2024,1,1,29,0.5,0.866,Haut-Sassandra,Cacao,Limoneux,Seche,57.5,36.3,71.4,0,1.23
2021-01-31,2021,1,1,31,0.5,0.866,Haut-Sassandra,Maïs,Argileux,Seche,6.6,27.1,68.9,0,1.32
2023-06-17,2023,6,2,168,0.0,-1.0,Nawa,Manioc,Argileux,Pluies,126.5,23.2,86.5,0,16.64
2022-10-11,2022,10,4,284,-0.866,0.5,Haut-Sassandra,Cacao,Argileux,Pluies,188.0,28.0,81.7,0,1.6
2021-11-25,2021,11,4,329,-0.5,0.866,Haut-Sassandra,Maïs,Argileux,Seche,29.4,28.8,74.2,0,1.27
2024-04-04,2024,4,2,95,0.866,-0.5,Poro,Anacarde,Argileux,Seche,8.0,33.4,36.5,0,0.74
2023-08-10,2023,8,3,222,-0.866,-0.5,Haut-Sassandra,Cacao,Argileux,Seche,75.0,30.1,62.6,1,1.2
2024-01-29,2024,1,1,29,0.5,0.866,Nawa,Manioc,Argileux,Seche,53.4,30.8,70.0,0,11.68
2022-09-13,2022,9,3,256,-1.0,-0.0,Nawa,Manioc,Argileux,Pluies,158.2,27.1,85.7,1,16.28
2024-04-11,2024,4,2,102,0.866,-0.5,Nawa,Cacao,Argileux,Seche,52.7,28.4,57.2,1,1.15
2021-06-11,2021,6,2,162,0.0,-1.0,Haut-Sassandra,Maïs,Argileux,Pluies,176.3,28.1,81.4,0,1.84
2023-02-15,2023,2,1,46,0.866,0.5,Nawa,Cacao,Argileux,Seche,20.5,26.0,71.6,0,1.1
2024-07-10,2024,7,3,192,-0.5,-0.866,Nawa,Manioc,Limoneux,Pluies,241.3,24.3,90.3,0,10.87
2021-10-01,2021,10,4,274,-0.866,0.5,Nawa,Cacao,Limoneux,Pluies,197.2,28.2,81.5,0,1.57
2023-10-24,2023,10,4,297,-0.866,0.5,Haut-Sassandra,Maïs,Limoneux,Pluies,192.1,24.8,87.3,0,1.69
2023-11-18,2023,11,4,322,-0.5,0.866,Poro,Maïs,Limoneux,Seche,14.2,34.0,42.4,0,1.46
2021-11-22,2021,11,4,326,-0.5,0.866,Nawa,Anacarde,Limoneux,Seche,80.2,32.2,67.2,0,0.36
2023-07-29,2023,7,3,210,-0.5,-0.866,Poro,Anacarde,Sablonneux,Pluies,173.8,28.1,80.6,0,1.21
2024-03-18,2024,3,1,78,1.0,0.0,Poro,Manioc,Sablonneux,Seche,21.3,35.6,46.1,0,5.87
2022-06-24,2022,6,2,175,0.0,-1.0,Haut-Sassandra,Cacao,Sablonneux,Pluies,188.1,23.6,87.3,0,1.62
2022-05-03,2022,5,2,123,0.5,-0.866,Poro,Manioc,Sablonneux,Seche,16.7,32.4,52.6,1,6.87
2023-04-02,2023,4,2,92,0.866,-0.5,Poro,Anacarde,Sablonneux,Seche,22.6,31.7,53.2,0,0.77
2023-12-25,2023,12,4,359,-0.0,1.0,Poro,Anacarde,Argileux,Seche,13.3,32.2,47.1,0,0.85
2021-12-22,2021,12,4,356,-0.0,1.0,Haut-Sassandra,Cacao,Argileux,Seche,90.5,28.1,54.4,0,1.09
2024-06-29,2024,6,2,181,0.0,-1.0,Nawa,Maïs,Sablonneux,Pluies,196.3,24.2,86.2,0,1.69
2021-08-23,2021,8,3,235,-0.866,-0.5,Haut-Sassandra,Manioc,Argileux,Seche,43.3,28.3,73.7,1,11.34
2021-08-15,2021,8,3,227,-0.866,-0.5,Nawa,Cacao,Limoneux,Seche,5.1,31.5,70.0,1,1.36
2024-08-29,2024,8,3,242,-0.866,-0.5,Haut-Sassandra,Cacao,Argileux,Seche,50.2,33.1,63.4,1,0.96
2021-02-18,2021,2,1,49,0.866,0.5,Nawa,Manioc,Limoneux,Seche,65.6,28.9,77.7,0,11.06
2021-04-28,2021,4,2,118,0.866,-0.5,Nawa,Cacao,Argileux,Seche,65.3,27.6,64.8,1,1.07
2021-02-23,2021,2,1,54,0.866,0.5,Poro,Maïs,Sablonneux,Seche,12.0,34.1,36.8,0,1.28
2022-07-19,2022,7,3,200,-0.5,-0.866,Haut-Sassandra,Cacao,Limoneux,Pluies,157.3,26.8,83.9,0,1.7
2023-12-04,2023,12,4,338,-0.0,1.0,Poro,Manioc,Limoneux,Seche,17.3,31.0,42.5,0,6.08
2021-02-22,2021,2,1,53,0.866,0.5,Nawa,Cacao,Limoneux,Seche,69.1,32.2,70.3,0,1.15
2022-07-12,2022,7,3,193,-0.5,-0.866,Poro,Maïs,Sablonneux,Pluies,158.6,25.4,79.8,0,1.91
2024-01-31,2024,1,1,31,0.5,0.866,Haut-Sassandra,Cacao,Argileux,Seche,48.4,28.8,73.5,0,1.06
2023-05-18,2023,5,2,138,0.5,-0.866,Poro,Manioc,Sablonneux,Seche,15.6,28.3,43.3,0,6.36
2022-02-02,2022,2,1,33,0.866,0.5,Haut-Sassandra,Maïs,Argileux,Seche,45.5,28.7,75.7,0,1.14
2024-03-07,2024,3,1,67,1.0,0.0,Poro,Anacarde,Sablonneux,Seche,8.2,33.4,26.1,0,0.68
2022-11-06,2022,11,4,310,-0.5,0.866,Haut-Sassandra,Manioc,Argileux,Seche,41.4,30.6,69.6,0,13.68
2022-01-22,2022,1,1,22,0.5,0.866,Nawa,Manioc,Limoneux,Seche,19.0,31.2,68.2,0,10.89
2021-04-21,2021,4,2,111,0.866,-0.5,Nawa,Maïs,Sablonneux,Seche,15.2,31.5,74.7,1,1.14
2022-09-06,2022,9,3,249,-1.0,-0.0,Nawa,Manioc,Argileux,Pluies,191.6,28.5,86.6,1,17.71
2021-01-17,2021,1,1,17,0.5,0.866,Haut-Sassandra,Cacao,Sablonneux,Seche,37.4,31.8,70.0,0,1.12
2024-04-20,2024,4,2,111,0.866,-0.5,Nawa,Manioc,Argileux,Seche,56.2,29.2,59.0,1,11.08
2023-06-03,2023,6,2,154,0.0,-1.0,Haut-Sassandra,Cacao,Argileux,Pluies,184.7,25.2,92.0,0,1.59
2022-06-25,2022,6,2,176,0.0,-1.0,Haut-Sassandra,Maïs,Limoneux,Pluies,150.7,28.1,89.9,0,1.55
2021-06-20,2021,6,2,171,0.0,-1.0,Haut-Sassandra,Manioc,Argileux,Pluies,155.6,26.1,87.5,0,17.26
2022-02-13,2022,2,1,44,0.866,0.5,Nawa,Manioc,Limoneux,Seche,51.2,27.0,63.2,0,12.39
2023-01-10,2023,1,1,10,0.5,0.866,Poro,Maïs,Argileux,Seche,6.0,31.4,49.6,0,1.37
2024-11-02,2024,11,4,307,-0.5,0.866,Poro,Anacarde,Limoneux,Seche,23.8,29.9,47.4,0,0.84
2024-04-26,2024,4,2,117,0.866,-0.5,Haut-Sassandra,Cacao,Argileux,Seche,12.7,30.1,59.2,1,1.16
2023-05-08,2023,5,2,128,0.5,-0.866,Poro,Maïs,Sablonneux,Seche,13.1,35.9,39.7,1,1.39
2021-08-18,2021,8,3,230,-0.866,-0.5,Haut-Sassandra,Cacao,Limoneux,Seche,72.0,29.4,73.7,1,1.01
2021-04-29,2021,4,2,119,0.866,-0.5,Haut-Sassandra,Cacao,Argileux,Seche,42.8,32.9,70.2,1,1.11
2024-03-25,2024,3,1,85,1.0,0.0,Haut-Sassandra,Maïs,Limoneux,Seche,33.4,31.0,69.4,0,1.34
2023-02-23,2023,2,1,54,0.866,0.5,Nawa,Cacao,Argileux,Seche,35.3,29.1,65.8,0,1.15
2022-04-10,2022,4,2,100,0.866,-0.5,Nawa,Cacao,Argileux,Seche,36.3,31.1,70.9,1,1.16
2021-04-14,2021,4,2,104,0.866,-0.5,Nawa,Maïs,Argileux,Seche,13.3,30.1,67.1,1,1.33
2022-11-29,2022,11,4,333,-0.5,0.866,Poro,Anacarde,Argileux,Seche,24.5,35.2,42.3,0,0.7
2021-06-24,2021,6,2,175,0.0,-1.0,Nawa,Cacao,Argileux,Pluies,177.9,28.4,89.9,0,1.71
2023-01-15,2023,1,1,15,0.5,0.866,Haut-Sassandra,Cacao,Argileux,Seche,56.1,31.4,70.1,0,1.17
2024-12-15,2024,12,4,350,-0.0,1.0,Haut-Sassandra,Cacao,Limoneux,Seche,0.6,29.3,63.7,0,1.14
2024-03-03,2024,3,1,63,1.0,0.0,Nawa,Cacao,Limoneux,Seche,30.7,27.7,86.7,0,0.94
2024-11-15,2024,11,4,320,-0.5,0.866,Haut-Sassandra,Cacao,Limoneux,Seche,36.2,30.7,71.7,0,1.14
2022-10-27,2022,10,4,300,-0.866,0.5,Haut-Sassandra,Cacao,Argileux,Pluies,224.0,30.2,80.5,0,1.11
2021-02-02,2021,2,1,33,0.866,0.5,Haut-Sassandra,Cacao,Argileux,Seche,11.5,32.4,74.0,0,1.16
2021-02-24,2021,2,1,55,0.866,0.5,Haut-Sassandra,Cacao,Argileux,Seche,59.0,30.1,72.1,0,1.15
2022-06-03,2022,6,2,154,0.0,-1.0,Nawa,Manioc,Limoneux,Pluies,176.7,27.5,82.5,0,18.44
2023-01-26,2023,1,1,26,0.5,0.866,Haut-Sassandra,Maïs,Argileux,Seche,42.3,30.0,71.9,0,1.38
2021-01-12,2021,1,1,12,0.5,0.866,Nawa,Cacao,Limoneux,Seche,45.7,30.8,69.1,1,1.21
2022-12-21,2022,12,4,355,-0.0,1.0,Nawa,Manioc,Argileux,Seche,52.2,28.3,68.3,0,11.98
2022-07-09,2022,7,3,190,-0.5,-0.866,Nawa,Maïs,Sablonneux,Pluies,201.1,25.8,86.0,0,2.16
2022-01-08,2022,1,1,8,0.5,0.866,Haut-Sassandra,Maïs,Limoneux,Seche,73.5,26.8,66.8,0,1.26
2022-04-29,2022,4,2,119,0.866,-0.5,Haut-Sassandra,Cacao,Argileux,Seche,69.5,28.9,71.9,1,1.11
2023-08-31,2023,8,3,243,-0.866,-0.5,Nawa,Cacao,Argileux,Seche,30.5,29.7,61.2,1,1.03
2024-06-05,2024,6,2,157,0.0,-1.0,Nawa,Manioc,Limoneux,Pluies,217.8,26.0,84.9,0,17.56
2022-09-15,2022,9,3,258,-1.0,-0.0,Nawa,Cacao,Limoneux,Pluies,149.5,26.3,82.5,1,1.81
2021-11-03,2021,11,4,307,-0.5,0.866,Poro,Anacarde,Argileux,Seche,19.8,33.4,37.0,0,0.65
2022-04-02,2022,4,2,92,0.866,-0.5,Haut-Sassandra,Manioc,Argileux,Seche,15.2,27.5,77.2,1,13.61
2021-06-09,2021,6,2,160,0.0,-1.0,Nawa,Cacao,Argileux,Pluies,193.1,26.3,84.0,0,1.65
2021-11-27,2021,11,4,331,-0.5,0.866,Poro,Maïs,Limoneux,Seche,21.8,32.5,37.3,0,1.38
2023-02-15,2023,2,1,46,0.866,0.5,Nawa,Cacao,Limoneux,Seche,56.7,27.5,68.0,0,1.16
2021-08-13,2021,8,3,225,-0.866,-0.5,Haut-Sassandra,Cacao,Argileux,Seche,18.1,33.0,63.0,1,1.22
2023-09-10,2023,9,3,253,-1.0,-0.0,Poro,Maïs,Limoneux,Pluies,192.2,28.3,74.3,0,2.04
2022-12-30,2022,12,4,364,-0.0,1.0,Poro,Anacarde,Sablonneux,Seche,24.0,33.0,45.9,0,0.79
2023-12-05,2023,12,4,339,-0.0,1.0,Nawa,Cacao,Limoneux,Seche,55.4,23.3,62.2,0,0.97
2024-05-22,2024,5,2,143,0.5,-0.866,Nawa,Manioc,Limoneux,Pluies,176.7,27.8,88.5,1,18.93
2023-12-19,2023,12,4,353,-0.0,1.0,Nawa,Cacao,Argileux,Seche,42.5,28.0,56.1,0,1.02
2022-10-06,2022,10,4,279,-0.866,0.5,Nawa,Manioc,Limoneux,Pluies,115.3,24.7,86.6,0,18.97
2022-09-08,2022,9,3,251,-1.0,-0.0,Nawa,Cacao,Argileux,Pluies,194.8,25.9,92.6,1,1.78
2021-07-14,2021,7,3,195,-0.5,-0.866,Nawa,Maïs,Limoneux,Pluies,190.4,25.3,88.4,0,1.75
2022-05-04,2022,5,2,124,0.5,-0.866,Nawa,Maïs,Argileux,Pluies,126.5,26.9,78.0,1,1.99
2021-06-06,2021,6,2,157,0.0,-1.0,Nawa,Cacao,Limoneux,Pluies,169.7,27.1,81.2,0,1.86
2022-09-02,2022,9,3,245,-1.0,-0.0,Haut-Sassandra,Cacao,Argileux,Pluies,163.7,25.4,87.7,1,1.68
2024-06-03,2024,6,2,155,0.0,-1.0,Nawa,Cacao,Limoneux,Pluies,194.5,25.0,91.9,0,1.5
2022-02-16,2022,2,1,47,0.866,0.5,Nawa,Cacao,Argileux,Seche,67.3,28.1,63.9,0,1.24
2024-05-13,2024,5,2,134,0.5,-0.866,Poro,Maïs,Argileux,Seche,5.9,32.5,40.8,1,1.34
2024-01-08,2024,1,1,8,0.5,0.866,Haut-Sassandra,Cacao,Sablonneux,Seche,42.4,35.0,82.9,0,1.16
2024-02-22,2024,2,1,53,0.866,0.5,Nawa,Cacao,Limoneux,Seche,58.3,35.9,68.4,0,1.09
2022-04-16,2022,4,2,106,0.866,-0.5,Haut-Sassandra,Cacao,Argileux,Seche,34.9,34.8,65.5,1,1.19
2024-05-26,2024,5,2,147,0.5,-0.866,Nawa,Anacarde,Limoneux,Pluies,158.5,25.6,83.1,1,0.56
2022-05-31,2022,5,2,151,0.5,-0.866,Haut-Sassandra,Cacao,Limoneux,Pluies,210.7,25.4,82.7,1,1.55
2024-02-02,2024,2,1,33,0.866,0.5,Haut-Sassandra,Cacao,Limoneux,Seche,63.7,29.1,70.4,0,1.13
2022-01-28,2022,1,1,28,0.5,0.866,Haut-Sassandra,Maïs,Argileux,Seche,52.2,35.0,63.8,1,1.26
2022-09-23,2022,9,3,266,-1.0,-0.0,Poro,Maïs,Argileux,Pluies,184.6,29.7,71.6,0,1.28
2022-08-31,2022,8,3,243,-0.866,-0.5,Haut-Sassandra,Manioc,Sablonneux,Seche,45.4,35.1,72.0,1,12.81
2023-09-07,2023,9,3,250,-1.0,-0.0,Haut-Sassandra,Cacao,Limoneux,Pluies,175.2,27.5,91.9,1,1.44
2022-03-10,2022,3,1,69,1.0,0.0,Nawa,Manioc,Argileux,Seche,36.9,29.7,72.1,0,11.55
2024-09-16,2024,9,3,260,-1.0,-0.0,Nawa,Maïs,Argileux,Pluies,175.8,25.0,83.3,1,1.65
2024-03-12,2024,3,1,72,1.0,0.0,Poro,Anacarde,Sablonneux,Seche,11.0,33.1,41.6,0,0.79
2022-06-24,2022,6,2,175,0.0,-1.0,Poro,Anacarde,Sablonneux,Pluies,168.9,26.9,74.3,1,1.21
2021-10-05,2021,10,4,278,-0.866,0.5,Haut-Sassandra,Manioc,Limoneux,Pluies,139.4,25.9,89.2,0,14.97
2021-08-21,2021,8,3,233,-0.866,-0.5,Poro,Cacao,Sablonneux,Pluies,132.9,30.0,89.3,0,0.55
2024-01-19,2024,1,1,19,0.5,0.866,Poro,Anacarde,Argileux,Seche,5.7,38.0,45.3,0,0.84
2024-05-07,2024,5,2,128,0.5,-0.866,Poro,Anacarde,Argileux,Seche,30.8,33.2,46.4,1,0.7
2021-12-28,2021,12,4,362,-0.0,1.0,Poro,Maïs,Sablonneux,Seche,8.3,33.3,43.7,0,1.06
2021-01-26,2021,1,1,26,0.5,0.866,Nawa,Manioc,Limoneux,Seche,55.3,34.5,77.7,0,11.64
2023-11-15,2023,11,4,319,-0.5,0.866,Nawa,Manioc,Limoneux,Seche,62.8,33.8,73.9,0,10.28
2024-11-18,2024,11,4,323,-0.5,0.866,Poro,Manioc,Limoneux,Seche,16.5,37.5,35.7,0,5.93
2022-05-22,2022,5,2,142,0.5,-0.866,Haut-Sassandra,Manioc,Argileux,Pluies,223.7,25.4,80.6,1,18.39
2024-08-17,2024,8,3,230,-0.866,-0.5,Poro,Anacarde,Limoneux,Pluies,216.0,28.8,78.3,0,1.07
2024-09-24,2024,9,3,268,-1.0,-0.0,Haut-Sassandra,Cacao,Limoneux,Pluies,151.8,25.8,84.9,1,1.48
2021-09-24,2021,9,3,267,-1.0,-0.0,Poro,Manioc,Sablonneux,Pluies,113.4,24.5,82.1,0,10.5
2022-04-06,2022,4,2,96,0.866,-0.5,Haut-Sassandra,Anacarde,Argileux,Seche,64.6,25.3,64.5,1,0.37
2022-04-01,2022,4,2,91,0.866,-0.5,Poro,Maïs,Sablonneux,Seche,14.3,37.2,50.3,0,1.12
2024-10-15,2024,10,4,289,-0.866,0.5,Poro,Anacarde,Limoneux,Seche,4.6,35.9,26.5,0,0.75
2023-12-28,2023,12,4,362,-0.0,1.0,Haut-Sassandra,Cacao,Sablonneux,Seche,41.1,27.8,77.5,0,1.02
2023-10-04,2023,10,4,277,-0.866,0.5,Poro,Manioc,Limoneux,Seche,6.1,29.4,37.4,0,5.94
2023-05-13,2023,5,2,133,0.5,-0.866,Nawa,Maïs,Argileux,Pluies,190.1,24.0,85.2,1,2.05
2024-12-06,2024,12,4,341,-0.0,1.0,Nawa,Maïs,Argileux,Seche,55.1,29.4,62.2,0,1.18
2022-05-06,2022,5,2,126,0.5,-0.866,Nawa,Maïs,Argileux,Pluies,167.5,28.3,74.9,1,1.91
2023-12-09,2023,12,4,343,-0.0,1.0,Haut-Sassandra,Maïs,Limoneux,Seche,77.8,27.0,65.3,0,1.33
2022-07-18,2022,7,3,199,-0.5,-0.866,Nawa,Manioc,Sablonneux,Pluies,200.3,24.3,91.3,0,13.26
2024-01-31,2024,1,1,31,0.5,0.866,Nawa,Cacao,Argileux,Seche,15.5,33.0,64.2,0,1.21
2021-08-04,2021,8,3,216,-0.866,-0.5,Haut-Sassandra,Cacao,Argileux,Seche,55.2,30.5,67.6,1,1.23
2022-07-13,2022,7,3,194,-0.5,-0.866,Nawa,Cacao,Argileux,Pluies,193.0,27.5,87.5,0,1.7
2021-06-08,2021,6,2,159,0.0,-1.0,Poro,Anacarde,Sablonneux,Pluies,150.1,29.5,72.2,1,0.79
2022-05-04,2022,5,2,124,0.5,-0.866,Haut-Sassandra,Cacao,Argileux,Pluies,245.7,24.7,86.6,1,1.19
2022-11-17,2022,11,4,321,-0.5,0.866,Poro,Anacarde,Sablonneux,Seche,15.1,33.4,47.9,0,0.76
2024-06-19,2024,6,2,171,0.0,-1.0,Poro,Anacarde,Limoneux,Pluies,150.0,26.5,69.4,1,1.09
2023-03-05,2023,3,1,64,1.0,0.0,Nawa,Manioc,Argileux,Seche,70.2,30.8,66.3,0,10.83
2021-01-05,2021,1,1,5,0.5,0.866,Nawa,Manioc,Argileux,Seche,65.6,28.4,68.3,0,11.57
2021-12-27,2021,12,4,361,-0.0,1.0,Nawa,Cacao,Limoneux,Seche,42.4,34.0,70.0,0,1.2
2022-04-04,2022,4,2,94,0.866,-0.5,Nawa,Manioc,Limoneux,Seche,64.2,34.3,63.7,1,11.47
2021-09-05,2021,9,3,248,-1.0,-0.0,Haut-Sassandra,Cacao,Argileux,Pluies,152.8,26.7,88.0,1,1.55
2023-08-04,2023,8,3,216,-0.866,-0.5,Poro,Anacarde,Sablonneux,Pluies,157.5,26.9,83.2,0,1.06
2022-02-26,2022,2,1,57,0.866,0.5,Nawa,Maïs,Argileux,Seche,34.3,30.9,69.7,0,0.95
2021-01-15,2021,1,1,15,0.5,0.866,Nawa,Cacao,Argileux,Seche,15.1,32.3,55.3,0,1.13
2023-01-06,2023,1,1,6,0.5,0.866,Poro,Anacarde,Limoneux,Seche,20.0,34.3,40.5,0,0.76
2024-02-20,2024,2,1,51,0.866,0.5,Poro,Anacarde,Sablonneux,Seche,32.6,35.7,39.2,0,0.8
2021-10-04,2021,10,4,277,-0.866,0.5,Poro,Maïs,Limoneux,Seche,11.5,35.1,39.8,0,1.32
2022-03-29,2022,3,1,88,1.0,0.0,Nawa,Manioc,Argileux,Seche,53.8,28.3,61.2,0,11.27
2024-11-14,2024,11,4,319,-0.5,0.866,Poro,Manioc,Limoneux,Seche,4.9,34.2,43.3,1,5.7
2024-08-10,2024,8,3,223,-0.866,-0.5,Haut-Sassandra,Cacao,Argileux,Seche,44.5,30.6,79.3,1,1.04
2022-08-21,2022,8,3,233,-0.866,-0.5,Poro,Anacarde,Limoneux,Pluies,178.2,23.3,81.4,0,1.13
2022-03-22,2022,3,1,81,1.0,0.0,Nawa,Maïs,Argileux,Seche,53.5,31.3,71.3,0,1.21
2021-07-29,2021,7,3,210,-0.5,-0.866,Haut-Sassandra,Maïs,Argileux,Pluies,205.3,25.6,86.3,0,1.81
2022-12-15,2022,12,4,349,-0.0,1.0,Nawa,Cacao,Limoneux,Seche,58.4,27.2,63.1,0,1.07
2021-10-29,2021,10,4,302,-0.866,0.5,Haut-Sassandra,Anacarde,Limoneux,Pluies,206.0,26.8,84.6,0,0.64
2024-05-31,2024,5,2,152,0.5,-0.866,Haut-Sassandra,Cacao,Limoneux,Pluies,146.4,26.4,86.2,1,1.5
2021-01-03,2021,1,1,3,0.5,0.866,Nawa,Manioc,Argileux,Seche,12.7,33.8,63.3,0,10.55
2023-09-17,2023,9,3,260,-1.0,-0.0,Nawa,Maïs,Argileux,Pluies,165.4,28.3,85.5,1,1.85
2024-01-22,2024,1,1,22,0.5,0.866,Nawa,Cacao,Argileux,Seche,18.0,29.1,62.0,0,1.1
2022-06-04,2022,6,2,155,0.0,-1.0,Haut-Sassandra,Manioc,Argileux,Pluies,203.4,23.2,84.7,0,15.84
2024-12-22,2024,12,4,357,-0.0,1.0,Haut-Sassandra,Maïs,Limoneux,Seche,67.5,25.4,68.2,0,1.29
2022-05-08,2022,5,2,128,0.5,-0.866,Poro,Manioc,Sablonneux,Seche,9.7,32.3,37.2,1,6.15
2024-06-12,2024,6,2,164,0.0,-1.0,Nawa,Cacao,Limoneux,Pluies,141.7,26.4,89.2,0,1.65
2022-09-12,2022,9,3,255,-1.0,-0.0,Nawa,Cacao,Limoneux,Pluies,160.9,27.4,75.9,1,1.56
2024-03-30,2024,3,1,90,1.0,0.0,Haut-Sassandra,Cacao,Limoneux,Seche,46.4,29.9,67.7,0,1.13
2021-11-27,2021,11,4,331,-0.5,0.866,Nawa,Cacao,Argileux,Seche,44.1,32.4,73.7,0,1.22
2021-11-29,2021,11,4,333,-0.5,0.866,Poro,Anacarde,Limoneux,Seche,7.2,36.1,43.5,0,0.78
2021-02-19,2021,2,1,50,0.866,0.5,Haut-Sassandra,Cacao,Argileux,Seche,22.6,32.0,63.1,0,1.18
2023-05-13,2023,5,2,133,0.5,-0.866,Poro,Anacarde,Argileux,Seche,2.4,29.0,46.3,1,0.82
2021-09-29,2021,9,3,272,-1.0,-0.0,Haut-Sassandra,Manioc,Limoneux,Pluies,213.7,27.5,81.4,1,17.57
2022-08-03,2022,8,3,215,-0.866,-0.5,Nawa,Cacao,Limoneux,Seche,34.1,28.6,70.7,1,1.11
2024-06-29,2024,6,2,181,0.0,-1.0,Haut-Sassandra,Maïs,Sablonneux,Pluies,198.0,26.5,85.9,0,1.84
2022-07-14,2022,7,3,195,-0.5,-0.866,Nawa,Manioc,Limoneux,Pluies,213.7,27.6,88.8,0,18.69
2022-11-27,2022,11,4,331,-0.5,0.866,Nawa,Cacao,Argileux,Seche,24.1,31.0,69.9,0,1.0
2024-01-19,2024,1,1,19,0.5,0.866,Poro,Maïs,Sablonneux,Seche,17.6,32.7,30.6,0,1.32
2022-03-22,2022,3,1,81,1.0,0.0,Nawa,Cacao,Limoneux,Seche,42.7,29.6,60.5,0,1.02
2023-10-14,2023,10,4,287,-0.866,0.5,Nawa,Cacao,Argileux,Pluies,183.3,24.8,82.7,0,1.61
2024-09-17,2024,9,3,261,-1.0,-0.0,Nawa,Cacao,Limoneux,Pluies,181.6,25.3,81.9,1,1.85
2024-03-08,2024,3,1,68,1.0,0.0,Nawa,Cacao,Sablonneux,Seche,46.6,27.7,66.8,0,1.09
2021-12-23,2021,12,4,357,-0.0,1.0,Poro,Anacarde,Sablonneux,Seche,23.4,31.4,44.8,0,0.83
2021-10-01,2021,10,4,274,-0.866,0.5,Nawa,Manioc,Limoneux,Pluies,206.8,24.7,83.5,0,16.32
2023-11-09,2023,11,4,313,-0.5,0.866,Poro,Anacarde,Argileux,Seche,4.8,32.3,52.5,0,0.83
2021-11-07,2021,11,4,311,-0.5,0.866,Haut-Sassandra,Manioc,Limoneux,Seche,35.4,29.1,66.9,0,11.24
2023-05-20,2023,5,2,140,0.5,-0.866,Nawa,Maïs,Limoneux,Pluies,164.2,28.7,87.9,1,1.75
2023-06-05,2023,6,2,156,0.0,-1.0,Poro,Anacarde,Sablonneux,Pluies,180.0,29.7,85.2,1,0.8
2021-06-03,2021,6,2,154,0.0,-1.0,Haut-Sassandra,Cacao,Argileux,Pluies,232.1,24.2,86.6,0,1.19
2024-11-14,2024,11,4,319,-0.5,0.866,Haut-Sassandra,Maïs,Argileux,Seche,23.7,34.5,72.4,0,1.21
2024-07-07,2024,7,3,189,-0.5,-0.866,Haut-Sassandra,Cacao,Argileux,Pluies,217.7,24.0,90.3,0,1.39
2022-09-12,2022,9,3,255,-1.0,-0.0,Haut-Sassandra,Manioc,Limoneux,Pluies,224.8,29.1,89.2,1,12.2
2023-06-02,2023,6,2,153,0.0,-1.0,Nawa,Cacao,Argileux,Pluies,228.0,28.1,88.1,0,1.69
2023-03-08,2023,3,1,67,1.0,0.0,Poro,Maïs,Limoneux,Seche,23.4,39.3,27.2,0,1.24
2021-05-05,2021,5,2,125,0.5,-0.866,Poro,Manioc,Limoneux,Seche,10.7,35.3,36.1,1,5.93
2024-10-09,2024,10,4,283,-0.866,0.5,Nawa,Cacao,Limoneux,Pluies,222.8,26.8,89.6,0,1.68
2024-07-20,2024,7,3,202,-0.5,-0.866,Nawa,Cacao,Sablonneux,Pluies,204.2,28.2,82.1,0,1.5
2022-09-11,2022,9,3,254,-1.0,-0.0,Poro,Anacarde,Sablonneux,Pluies,154.1,29.1,75.7,0,0.74
2021-09-02,2021,9,3,245,-1.0,-0.0,Haut-Sassandra,Manioc,Argileux,Pluies,201.7,29.4,87.2,1,12.85
2023-04-28,2023,4,2,118,0.866,-0.5,Haut-Sassandra,Maïs,Limoneux,Seche,79.8,30.4,67.6,1,1.32
2022-03-26,2022,3,1,85,1.0,0.0,Haut-Sassandra,Cacao,Sablonneux,Seche,22.1,30.8,73.6,0,1.16
2023-07-19,2023,7,3,200,-0.5,-0.866,Poro,Maïs,Sablonneux,Pluies,178.2,27.9,74.8,0,2.03
2024-06-24,2024,6,2,176,0.0,-1.0,Nawa,Cacao,Argileux,Pluies,199.2,27.4,86.6,0,1.8
2022-06-04,2022,6,2,155,0.0,-1.0,Haut-Sassandra,Cacao,Limoneux,Pluies,226.2,27.1,82.2,0,1.72
2024-03-10,2024,3,1,70,1.0,0.0,Haut-Sassandra,Maïs,Limoneux,Seche,19.8,29.7,70.6,0,1.17
2021-12-28,2021,12,4,362,-0.0,1.0,Haut-Sassandra,Maïs,Limoneux,Seche,40.9,30.9,63.2,0,1.57
2021-01-08,2021,1,1,8,0.5,0.866,Poro,Anacarde,Sablonneux,Seche,9.9,31.7,49.7,0,0.62
2022-04-23,2022,4,2,113,0.866,-0.5,Nawa,Cacao,Limoneux,Seche,37.6,31.9,64.9,0,0.98
2024-10-07,2024,10,4,281,-0.866,0.5,Poro,Maïs,Argileux,Seche,11.5,32.7,33.3,0,1.36
2022-05-10,2022,5,2,130,0.5,-0.866,Poro,Maïs,Sablonneux,Seche,0.0,34.5,34.3,1,1.18
2023-04-13,2023,4,2,103,0.866,-0.5,Poro,Manioc,Argileux,Seche,8.3,35.1,40.6,0,6.71
2024-12-21,2024,12,4,356,-0.0,1.0,Nawa,Cacao,Argileux,Seche,28.5,28.0,65.3,0,0.94
2023-11-29,2023,11,4,333,-0.5,0.866,Haut-Sassandra,Cacao,Sablonneux,Seche,64.0,30.6,71.3,0,1.14
2022-08-16,2022,8,3,228,-0.866,-0.5,Haut-Sassandra,Manioc,Argileux,Seche,33.6,27.7,71.6,1,12.2
2021-07-06,2021,7,3,187,-0.5,-0.866,Haut-Sassandra,Cacao,Limoneux,Pluies,258.3,26.7,82.7,0,1.12
2023-01-24,2023,1,1,24,0.5,0.866,Poro,Anacarde,Sablonneux,Seche,7.3,39.4,54.6,0,0.65
2021-04-03,2021,4,2,93,0.866,-0.5,Haut-Sassandra,Cacao,Argileux,Seche,4.4,31.4,59.8,1,1.16
2021-03-27,2021,3,1,86,1.0,0.0,Poro,Maïs,Argileux,Seche,12.4,37.0,35.9,0,1.27
2023-12-04,2023,12,4,338,-0.0,1.0,Nawa,Maïs,Argileux,Seche,10.2,32.9,70.4,0,1.26
2021-05-17,2021,5,2,137,0.5,-0.866,Haut-Sassandra,Manioc,Argileux,Pluies,160.6,26.3,79.6,1,15.65
2022-02-25,2022,2,1,56,0.866,0.5,Haut-Sassandra,Cacao,Limoneux,Seche,68.7,28.8,72.4,0,1.16
2021-03-15,2021,3,1,74,1.0,0.0,Nawa,Manioc,Limoneux,Seche,37.9,30.8,70.9,0,11.44
2024-03-25,2024,3,1,85,1.0,0.0,Nawa,Cacao,Sablonneux,Seche,68.5,31.1,65.0,0,1.15
2024-07-02,2024,7,3,184,-0.5,-0.866,Poro,Manioc,Sablonneux,Pluies,160.8,24.4,69.4,0,8.83
2021-06-20,2021,6,2,171,0.0,-1.0,Haut-Sassandra,Cacao,Argileux,Pluies,226.3,26.6,81.0,0,1.7
2021-06-19,2021,6,2,170,0.0,-1.0,Haut-Sassandra,Maïs,Limoneux,Pluies,199.8,27.6,83.1,0,2.28
2023-05-22,2023,5,2,142,0.5,-0.866,Poro,Manioc,Sablonneux,Seche,12.1,35.2,49.2,1,6.18
2021-11-18,2021,11,4,322,-0.5,0.866,Poro,Anacarde,Argileux,Seche,20.0,32.6,36.3,0,0.82
2022-04-01,2022,4,2,91,0.866,-0.5,Poro,Anacarde,Sablonneux,Seche,8.3,37.5,34.0,0,0.74
2023-08-02,2023,8,3,214,-0.866,-0.5,Haut-Sassandra,Cacao,Limoneux,Seche,29.1,28.9,65.5,1,0.93
2023-03-01,2023,3,1,60,1.0,0.0,Poro,Anacarde,Sablonneux,Seche,10.1,35.2,39.0,0,0.83
2022-09-05,2022,9,3,248,-1.0,-0.0,Haut-Sassandra,Manioc,Sablonneux,Pluies,216.3,27.2,80.3,1,17.43
2024-03-24,2024,3,1,84,1.0,0.0,Haut-Sassandra,Maïs,Argileux,Seche,67.8,32.2,72.9,0,1.42
2023-06-08,2023,6,2,159,0.0,-1.0,Poro,Maïs,Argileux,Pluies,145.2,27.0,73.5,1,1.82
2021-12-15,2021,12,4,349,-0.0,1.0,Haut-Sassandra,Manioc,Limoneux,Seche,76.5,31.8,60.9,0,11.77
2024-04-11,2024,4,2,102,0.866,-0.5,Haut-Sassandra,Manioc,Argileux,Seche,49.4,29.6,64.0,1,11.7
2021-01-10,2021,1,1,10,0.5,0.866,Nawa,Manioc,Limoneux,Seche,48.6,34.3,71.4,0,12.12
2023-01-10,2023,1,1,10,0.5,0.866,Nawa,Cacao,Argileux,Seche,50.2,25.2,69.5,0,1.04
2024-07-12,2024,7,3,194,-0.5,-0.866,Poro,Anacarde,Limoneux,Pluies,137.0,27.8,73.9,0,1.21
2024-06-24,2024,6,2,176,0.0,-1.0,Nawa,Cacao,Limoneux,Pluies,212.1,27.9,82.1,0,1.59
2022-10-29,2022,10,4,302,-0.866,0.5,Haut-Sassandra,Cacao,Limoneux,Pluies,226.1,30.2,85.7,0,1.2
2022-06-30,2022,6,2,181,0.0,-1.0,Haut-Sassandra,Manioc,Argileux,Pluies,204.1,29.2,79.7,0,11.68
2021-05-09,2021,5,2,129,0.5,-0.866,Haut-Sassandra,Cacao,Limoneux,Pluies,203.5,25.2,83.1,1,1.38
2022-08-24,2022,8,3,236,-0.866,-0.5,Poro,Maïs,Limoneux,Pluies,167.3,29.5,71.6,0,1.08
2022-08-28,2022,8,3,240,-0.866,-0.5,Haut-Sassandra,Cacao,Limoneux,Seche,31.0,32.5,67.4,1,1.26
2021-11-23,2021,11,4,327,-0.5,0.866,Haut-Sassandra,Cacao,Argileux,Seche,24.7,32.7,69.1,0,1.0
2023-09-07,2023,9,3,250,-1.0,-0.0,Haut-Sassandra,Maïs,Argileux,Pluies,214.1,26.0,88.9,1,1.62
2022-02-08,2022,2,1,39,0.866,0.5,Haut-Sassandra,Maïs,Argileux,Seche,27.1,29.8,75.4,0,1.22
2022-09-21,2022,9,3,264,-1.0,-0.0,Nawa,Cacao,Argileux,Pluies,326.2,24.1,89.8,0,0.91
2024-10-14,2024,10,4,288,-0.866,0.5,Haut-Sassandra,Cacao,Limoneux,Pluies,205.1,25.5,83.6,0,1.48
2022-12-19,2022,12,4,353,-0.0,1.0,Haut-Sassandra,Maïs,Argileux,Seche,30.8,29.1,65.9,0,1.19
2023-11-07,2023,11,4,311,-0.5,0.866,Nawa,Anacarde,Argileux,Seche,49.6,32.4,68.8,0,0.41
2021-10-01,2021,10,4,274,-0.866,0.5,Nawa,Cacao,Limoneux,Pluies,223.9,27.0,81.9,0,1.6
2022-11-16,2022,11,4,320,-0.5,0.866,Poro,Anacarde,Argileux,Seche,13.4,37.1,25.3,0,0.72
2021-04-26,2021,4,2,116,0.866,-0.5,Nawa,Maïs,Limoneux,Seche,12.9,26.1,70.0,1,1.16
2023-05-11,2023,5,2,131,0.5,-0.866,Haut-Sassandra,Manioc,Argileux,Pluies,187.1,25.7,79.9,1,19.0
2022-11-24,2022,11,4,328,-0.5,0.866,Haut-Sassandra,Cacao,Argileux,Seche,25.4,29.3,74.7,0,1.22
2024-01-20,2024,1,1,20,0.5,0.866,Haut-Sassandra,Manioc,Limoneux,Seche,24.3,32.1,70.7,0,11.38
2024-01-11,2024,1,1,11,0.5,0.866,Nawa,Cacao,Argileux,Seche,44.7,25.2,74.6,0,1.17
2021-11-20,2021,11,4,324,-0.5,0.866,Nawa,Cacao,Argileux,Seche,72.9,30.4,66.9,0,1.29
2023-08-19,2023,8,3,231,-0.866,-0.5,Haut-Sassandra,Maïs,Limoneux,Seche,31.1,34.6,66.3,1,1.3
2021-04-24,2021,4,2,114,0.866,-0.5,Nawa,Cacao,Limoneux,Seche,43.6,30.4,69.9,1,1.05
2023-12-18,2023,12,4,352,-0.0,1.0,Poro,Manioc,Limoneux,Seche,14.2,32.9,39.1,0,6.02
2021-06-03,2021,6,2,154,0.0,-1.0,Haut-Sassandra,Cacao,Sablonneux,Pluies,119.0,26.8,87.8,0,1.51
2024-11-28,2024,11,4,333,-0.5,0.866,Poro,Maïs,Argileux,Seche,9.6,33.1,40.0,0,1.34
2024-07-13,2024,7,3,195,-0.5,-0.866,Haut-Sassandra,Maïs,Sablonneux,Pluies,173.4,25.0,88.4,0,1.92
2021-11-11,2021,11,4,315,-0.5,0.866,Poro,Anacarde,Argileux,Seche,7.4,36.9,43.3,0,0.79
2023-12-01,2023,12,4,335,-0.0,1.0,Poro,Maïs,Argileux,Seche,14.1,27.7,45.4,0,1.21
2021-04-15,2021,4,2,105,0.866,-0.5,Haut-Sassandra,Manioc,Argileux,Seche,39.1,28.6,63.5,1,11.1
2024-05-01,2024,5,2,122,0.5,-0.866,Haut-Sassandra,Manioc,Limoneux,Pluies,194.4,27.5,85.4,1,15.35
2024-11-25,2024,11,4,330,-0.5,0.866,Nawa,Manioc,Argileux,Seche,51.0,30.7,66.7,0,11.57
2024-07-25,2024,7,3,207,-0.5,-0.866,Nawa,Cacao,Limoneux,Pluies,209.3,25.8,91.0,0,1.91
2021-12-20,2021,12,4,354,-0.0,1.0,Poro,Anacarde,Limoneux,Seche,7.8,36.5,47.5,0,0.84
2023-10-13,2023,10,4,286,-0.866,0.5,Poro,Manioc,Argileux,Seche,13.8,28.2,51.5,0,6.76
2023-01-03,2023,1,1,3,0.5,0.866,Poro,Anacarde,Sablonneux,Seche,15.9,31.0,49.1,0,0.77
2022-12-10,2022,12,4,344,-0.0,1.0,Nawa,Anacarde,Limoneux,Seche,51.1,30.6,61.1,0,0.43
2024-07-03,2024,7,3,185,-0.5,-0.866,Haut-Sassandra,Cacao,Limoneux,Pluies,203.0,25.2,91.1,0,1.63
2022-10-13,2022,10,4,286,-0.866,0.5,Nawa,Manioc,Argileux,Pluies,185.7,24.9,86.6,0,15.88
2023-04-04,2023,4,2,94,0.866,-0.5,Nawa,Cacao,Argileux,Seche,36.3,31.2,71.0,1,1.02
2023-08-05,2023,8,3,217,-0.866,-0.5,Poro,Anacarde,Sablonneux,Pluies,187.6,27.7,76.5,0,1.04
2022-10-23,2022,10,4,296,-0.866,0.5,Poro,Anacarde,Sablonneux,Seche,15.0,34.1,42.0,0,0.83
2021-04-09,2021,4,2,99,0.866,-0.5,Poro,Anacarde,Sablonneux,Seche,9.9,31.0,48.5,0,0.86
2022-08-11,2022,8,3,223,-0.866,-0.5,Haut-Sassandra,Cacao,Limoneux,Seche,16.0,29.8,62.9,1,1.05
2021-10-09,2021,10,4,282,-0.866,0.5,Haut-Sassandra,Cacao,Argileux,Pluies,236.1,29.0,87.8,0,1.1
2022-02-07,2022,2,1,38,0.866,0.5,Nawa,Manioc,Argileux,Seche,42.4,30.0,73.1,0,12.2
2024-02-07,2024,2,1,38,0.866,0.5,Haut-Sassandra,Cacao,Limoneux,Seche,48.0,29.7,69.3,0,1.02
2022-12-01,2022,12,4,335,-0.0,1.0,Nawa,Manioc,Argileux,Seche,8.4,29.4,65.0,0,11.93
2021-07-18,2021,7,3,199,-0.5,-0.866,Nawa,Manioc,Sablonneux,Pluies,157.8,28.6,87.5,0,18.01
2024-08-19,2024,8,3,232,-0.866,-0.5,Haut-Sassandra,Maïs,Limoneux,Seche,21.4,30.5,65.9,1,1.29
2021-11-23,2021,11,4,327,-0.5,0.866,Nawa,Manioc,Sablonneux,Seche,39.3,27.2,69.3,0,10.92
2021-06-03,2021,6,2,154,0.0,-1.0,Nawa,Maïs,Limoneux,Pluies,184.9,26.7,86.9,0,1.84
2022-07-06,2022,7,3,187,-0.5,-0.866,Nawa,Manioc,Sablonneux,Pluies,151.2,26.6,87.4,0,17.2
2022-02-09,2022,2,1,40,0.866,0.5,Nawa,Cacao,Limoneux,Seche,36.6,28.4,73.3,0,1.22
2022-04-07,2022,4,2,97,0.866,-0.5,Nawa,Cacao,Limoneux,Seche,67.2,24.5,77.8,1,1.01
2021-05-12,2021,5,2,132,0.5,-0.866,Nawa,Manioc,Limoneux,Pluies,162.5,28.8,86.7,1,16.63
2023-03-02,2023,3,1,61,1.0,0.0,Nawa,Maïs,Argileux,Seche,56.6,30.9,73.5,1,1.21
2023-05-24,2023,5,2,144,0.5,-0.866,Haut-Sassandra,Manioc,Limoneux,Pluies,157.6,24.5,91.6,1,17.92
2021-03-25,2021,3,1,84,1.0,0.0,Poro,Maïs,Sablonneux,Seche,14.6,32.9,50.1,0,1.15
2024-11-23,2024,11,4,328,-0.5,0.866,Poro,Maïs,Sablonneux,Seche,11.3,34.7,54.7,0,1.26
2023-01-24,2023,1,1,24,0.5,0.866,Poro,Maïs,Argileux,Seche,15.4,36.4,39.5,0,1.17
2022-09-20,2022,9,3,263,-1.0,-0.0,Nawa,Maïs,Limoneux,Pluies,189.1,26.8,81.3,1,1.8
2024-02-07,2024,2,1,38,0.866,0.5,Haut-Sassandra,Cacao,Argileux,Seche,50.4,31.9,74.2,0,1.08
2021-08-09,2021,8,3,221,-0.866,-0.5,Nawa,Manioc,Argileux,Seche,12.2,30.3,62.0,1,12.17
2022-07-07,2022,7,3,188,-0.5,-0.866,Haut-Sassandra,Manioc,Argileux,Pluies,126.3,28.8,88.4,0,16.62
2024-10-23,2024,10,4,297,-0.866,0.5,Haut-Sassandra,Cacao,Limoneux,Pluies,223.3,27.2,89.7,0,1.78
2024-03-16,2024,3,1,76,1.0,0.0,Nawa,Cacao,Sablonneux,Seche,7.9,31.3,72.0,0,1.33
2021-04-22,2021,4,2,112,0.866,-0.5,Nawa,Manioc,Limoneux,Seche,22.4,32.0,70.4,1,10.26
2022-09-07,2022,9,3,250,-1.0,-0.0,Nawa,Cacao,Argileux,Pluies,192.7,26.6,88.5,1,1.54
2023-07-13,2023,7,3,194,-0.5,-0.866,Nawa,Cacao,Sablonneux,Pluies,245.0,29.2,95.6,0,1.09
2022-04-20,2022,4,2,110,0.866,-0.5,Haut-Sassandra,Cacao,Argileux,Seche,32.7,26.5,65.9,1,1.25
2023-04-16,2023,4,2,106,0.866,-0.5,Haut-Sassandra,Maïs,Sablonneux,Seche,33.5,28.2,73.2,1,1.25
2021-09-28,2021,9,3,271,-1.0,-0.0,Nawa,Anacarde,Argileux,Pluies,209.6,26.7,78.8,1,0.64
2022-02-25,2022,2,1,56,0.866,0.5,Haut-Sassandra,Cacao,Limoneux,Seche,97.3,28.1,63.9,0,1.14
2022-12-08,2022,12,4,342,-0.0,1.0,Poro,Cacao,Limoneux,Seche,8.4,34.0,39.4,0,0.57
2024-10-22,2024,10,4,296,-0.866,0.5,Poro,Anacarde,Argileux,Seche,0.6,32.5,28.7,0,0.74
2024-07-27,2024,7,3,209,-0.5,-0.866,Poro,Anacarde,Argileux,Pluies,131.5,28.8,73.5,0,1.17
2024-07-30,2024,7,3,212,-0.5,-0.866,Poro,Maïs,Limoneux,Pluies,125.7,28.6,75.0,0,2.06
2021-02-09,2021,2,1,40,0.866,0.5,Nawa,Cacao,Limoneux,Seche,34.4,29.2,75.2,0,1.16
2021-07-08,2021,7,3,189,-0.5,-0.866,Poro,Anacarde,Limoneux,Pluies,168.2,29.1,76.8,0,0.85
2024-04-02,2024,4,2,93,0.866,-0.5,Poro,Anacarde,Argileux,Seche,11.3,33.8,31.7,0,0.72
2023-09-21,2023,9,3,264,-1.0,-0.0,Poro,Maïs,Sablonneux,Pluies,113.5,27.3,69.9,0,1.93
2022-06-20,2022,6,2,171,0.0,-1.0,Haut-Sassandra,Manioc,Limoneux,Pluies,79.9,28.6,84.3,0,9.68
2023-10-25,2023,10,4,298,-0.866,0.5,Poro,Cacao,Sablonneux,Seche,24.4,34.7,47.3,0,0.56
2021-10-17,2021,10,4,290,-0.866,0.5,Poro,Maïs,Sablonneux,Seche,18.6,32.5,31.5,0,1.4
2022-03-09,2022,3,1,68,1.0,0.0,Nawa,Cacao,Limoneux,Seche,46.7,28.0,69.3,0,1.21
2022-04-16,2022,4,2,106,0.866,-0.5,Nawa,Cacao,Limoneux,Seche,42.7,36.5,64.8,1,1.06
2024-04-19,2024,4,2,110,0.866,-0.5,Poro,Anacarde,Sablonneux,Seche,12.3,33.7,54.8,0,0.66
2024-06-25,2024,6,2,177,0.0,-1.0,Haut-Sassandra,Manioc,Limoneux,Pluies,150.1,27.0,76.7,0,16.24
2022-09-20,2022,9,3,263,-1.0,-0.0,Poro,Maïs,Argileux,Pluies,160.3,28.8,71.7,0,1.88
2021-10-06,2021,10,4,279,-0.866,0.5,Haut-Sassandra,Maïs,Argileux,Pluies,228.3,27.8,83.4,0,1.72
2023-05-27,2023,5,2,147,0.5,-0.866,Nawa,Cacao,Argileux,Pluies,253.5,25.4,84.0,1,1.11
2022-08-04,2022,8,3,216,-0.866,-0.5,Nawa,Cacao,Argileux,Seche,58.9,30.3,67.0,1,1.07
2023-05-13,2023,5,2,133,0.5,-0.866,Nawa,Cacao,Argileux,Pluies,169.6,27.2,83.1,1,1.61
2021-09-11,2021,9,3,254,-1.0,-0.0,Poro,Anacarde,Limoneux,Pluies,150.7,29.7,69.0,0,0.85
2021-06-30,2021,6,2,181,0.0,-1.0,Haut-Sassandra,Maïs,Sablonneux,Pluies,168.9,28.6,89.7,0,1.81
2022-11-12,2022,11,4,316,-0.5,0.866,Nawa,Cacao,Limoneux,Seche,35.6,30.7,64.6,0,1.11
2023-04-05,2023,4,2,95,0.866,-0.5,Haut-Sassandra,Manioc,Limoneux,Seche,10.3,31.3,63.4,1,11.77
2022-12-01,2022,12,4,335,-0.0,1.0,Haut-Sassandra,Anacarde,Limoneux,Seche,38.3,33.7,70.9,0,0.47
2022-07-20,2022,7,3,201,-0.5,-0.866,Haut-Sassandra,Manioc,Argileux,Pluies,184.0,25.9,90.3,0,17.34
2024-09-11,2024,9,3,255,-1.0,-0.0,Haut-Sassandra,Cacao,Argileux,Pluies,146.1,24.9,82.2,1,1.47
2024-10-12,2024,10,4,286,-0.866,0.5,Nawa,Anacarde,Limoneux,Pluies,193.0,26.7,86.9,0,0.51
2022-11-11,2022,11,4,315,-0.5,0.866,Haut-Sassandra,Cacao,Limoneux,Seche,82.9,30.5,60.7,0,1.04
2022-01-26,2022,1,1,26,0.5,0.866,Haut-Sassandra,Maïs,Argileux,Seche,42.5,29.7,64.8,0,1.38
2024-01-14,2024,1,1,14,0.5,0.866,Haut-Sassandra,Cacao,Argileux,Seche,43.0,29.5,62.3,0,1.08
2024-09-02,2024,9,3,246,-1.0,-0.0,Poro,Maïs,Sablonneux,Pluies,180.5,27.1,65.3,0,1.74
2021-07-31,2021,7,3,212,-0.5,-0.866,Nawa,Cacao,Limoneux,Pluies,210.0,29.9,82.4,0,1.14
2022-01-19,2022,1,1,19,0.5,0.866,Haut-Sassandra,Manioc,Limoneux,Seche,44.1,30.8,72.4,0,13.39
2021-12-08,2021,12,4,342,-0.0,1.0,Nawa,Manioc,Argileux,Seche,14.9,27.3,69.4,0,12.85
2023-04-24,2023,4,2,114,0.866,-0.5,Poro,Maïs,Sablonneux,Seche,0.3,37.9,38.1,1,1.12
2023-11-28,2023,11,4,332,-0.5,0.866,Haut-Sassandra,Manioc,Argileux,Seche,68.3,32.9,68.6,0,12.36
2022-02-24,2022,2,1,55,0.866,0.5,Haut-Sassandra,Cacao,Sablonneux,Seche,9.9,31.0,77.6,0,1.05
2023-01-21,2023,1,1,21,0.5,0.866,Haut-Sassandra,Cacao,Limoneux,Seche,86.3,29.0,74.7,0,1.13
2024-04-07,2024,4,2,98,0.866,-0.5,Haut-Sassandra,Manioc,Limoneux,Seche,55.2,33.8,71.1,1,11.19
2024-09-28,2024,9,3,272,-1.0,-0.0,Nawa,Maïs,Argileux,Pluies,161.7,27.5,88.3,1,1.76
2021-11-02,2021,11,4,306,-0.5,0.866,Nawa,Cacao,Argileux,Seche,60.6,25.6,69.9,0,1.16
2022-12-03,2022,12,4,337,-0.0,1.0,Nawa,Cacao,Argileux,Seche,68.4,31.0,80.3,0,1.14
2023-05-19,2023,5,2,139,0.5,-0.866,Nawa,Manioc,Limoneux,Pluies,207.8,29.7,87.8,1,13.16
2022-06-21,2022,6,2,172,0.0,-1.0,Nawa,Anacarde,Limoneux,Pluies,163.0,30.4,85.6,0,0.4
2024-02-10,2024,2,1,41,0.866,0.5,Haut-Sassandra,Cacao,Argileux,Seche,26.5,28.8,60.9,0,1.05
2024-12-05,2024,12,4,340,-0.0,1.0,Nawa,Manioc,Sablonneux,Seche,14.4,32.6,87.3,0,11.48
2021-07-25,2021,7,3,206,-0.5,-0.866,Poro,Anacarde,Limoneux,Pluies,153.7,31.7,68.0,0,0.76
2024-04-23,2024,4,2,114,0.866,-0.5,Nawa,Cacao,Argileux,Seche,63.4,31.6,59.2,1,1.18
2024-11-06,2024,11,4,311,-0.5,0.866,Poro,Anacarde,Sablonneux,Seche,10.3,38.2,39.8,0,0.82
2022-05-11,2022,5,2,131,0.5,-0.866,Haut-Sassandra,Cacao,Argileux,Pluies,199.6,25.5,82.6,1,1.64
2024-11-03,2024,11,4,308,-0.5,0.866,Haut-Sassandra,Cacao,Argileux,Seche,39.9,29.1,80.3,0,1.29
2023-12-07,2023,12,4,341,-0.0,1.0,Poro,Anacarde,Limoneux,Seche,11.2,33.5,48.3,0,0.72
2022-05-19,2022,5,2,139,0.5,-0.866,Nawa,Cacao,Argileux,Pluies,191.6,28.8,82.5,1,1.41
2023-11-12,2023,11,4,316,-0.5,0.866,Nawa,Maïs,Argileux,Seche,70.6,29.7,64.9,0,1.35
2021-08-01,2021,8,3,213,-0.866,-0.5,Poro,Maïs,Sablonneux,Pluies,163.4,30.2,83.3,0,1.22
2021-11-06,2021,11,4,310,-0.5,0.866,Haut-Sassandra,Cacao,Sablonneux,Seche,9.7,32.4,72.7,0,0.95
2022-10-23,2022,10,4,296,-0.866,0.5,Haut-Sassandra,Maïs,Sablonneux,Pluies,181.4,27.2,83.3,0,2.09
2023-01-23,2023,1,1,23,0.5,0.866,Nawa,Manioc,Limoneux,Seche,72.2,26.5,74.9,0,12.76
2021-09-29,2021,9,3,272,-1.0,-0.0,Poro,Maïs,Argileux,Pluies,177.2,29.6,82.6,0,1.13
2023-07-27,2023,7,3,208,-0.5,-0.866,Poro,Anacarde,Sablonneux,Pluies,141.1,28.0,73.8,0,1.2
2024-05-10,2024,5,2,131,0.5,-0.866,Nawa,Manioc,Argileux,Pluies,197.9,22.8,88.6,1,12.74
2021-02-01,2021,2,1,32,0.866,0.5,Haut-Sassandra,Manioc,Limoneux,Seche,67.6,31.2,67.0,0,14.09
2022-03-19,2022,3,1,78,1.0,0.0,Nawa,Maïs,Argileux,Seche,43.1,31.7,68.6,0,1.09
2021-06-11,2021,6,2,162,0.0,-1.0,Poro,Manioc,Argileux,Pluies,140.3,30.3,80.4,1,5.62
2023-02-06,2023,2,1,37,0.866,0.5,Haut-Sassandra,Manioc,Argileux,Seche,32.7,30.2,59.3,0,11.86
2021-09-11,2021,9,3,254,-1.0,-0.0,Haut-Sassandra,Cacao,Limoneux,Pluies,170.3,26.7,91.0,1,1.73
2022-06-05,2022,6,2,156,0.0,-1.0,Poro,Anacarde,Argileux,Pluies,119.0,30.1,74.1,1,0.77
2023-09-04,2023,9,3,247,-1.0,-0.0,Haut-Sassandra,Manioc,Sablonneux,Pluies,164.1,27.2,87.7,1,20.07
2021-01-10,2021,1,1,10,0.5,0.866,Nawa,Manioc,Limoneux,Seche,53.7,23.6,65.7,0,11.98
2022-12-27,2022,12,4,361,-0.0,1.0,Poro,Maïs,Argileux,Seche,17.7,36.1,41.1,0,1.12
2022-05-20,2022,5,2,140,0.5,-0.866,Haut-Sassandra,Manioc,Limoneux,Pluies,163.1,26.0,84.6,1,16.67
2023-02-24,2023,2,1,55,0.866,0.5,Poro,Maïs,Limoneux,Seche,15.3,29.7,50.1,0,1.61
2022-03-12,2022,3,1,71,1.0,0.0,Nawa,Cacao,Limoneux,Seche,42.3,28.9,71.5,0,1.16
2024-02-09,2024,2,1,40,0.866,0.5,Haut-Sassandra,Cacao,Limoneux,Seche,49.7,27.7,74.5,1,1.18
2021-06-02,2021,6,2,153,0.0,-1.0,Haut-Sassandra,Cacao,Argileux,Pluies,197.8,25.8,92.6,0,1.55
2023-07-06,2023,7,3,187,-0.5,-0.866,Nawa,Manioc,Sablonneux,Pluies,227.1,24.1,85.8,0,16.31
2023-05-19,2023,5,2,139,0.5,-0.866,Haut-Sassandra,Maïs,Sablonneux,Pluies,217.1,25.7,82.6,1,2.03
2024-01-31,2024,1,1,31,0.5,0.866,Haut-Sassandra,Cacao,Argileux,Seche,19.6,28.3,63.9,0,1.06
2023-01-23,2023,1,1,23,0.5,0.866,Haut-Sassandra,Cacao,Argileux,Seche,29.9,30.5,79.8,0,1.17
2024-04-29,2024,4,2,120,0.866,-0.5,Nawa,Cacao,Argileux,Seche,24.6,32.3,77.4,1,1.05
2022-07-17,2022,7,3,198,-0.5,-0.866,Nawa,Manioc,Argileux,Pluies,209.9,27.1,85.8,0,17.63
2024-01-10,2024,1,1,10,0.5,0.866,Haut-Sassandra,Cacao,Sablonneux,Seche,70.1,31.7,64.6,0,1.29
2022-05-04,2022,5,2,124,0.5,-0.866,Nawa,Cacao,Limoneux,Pluies,144.5,26.2,87.8,1,1.67
2023-06-14,2023,6,2,165,0.0,-1.0,Poro,Maïs,Sablonneux,Pluies,146.8,29.6,73.8,1,1.4
2024-01-17,2024,1,1,17,0.5,0.866,Haut-Sassandra,Cacao,Argileux,Seche,55.5,30.6,67.6,0,1.11
2024-05-02,2024,5,2,123,0.5,-0.866,Poro,Anacarde,Sablonneux,Seche,14.7,36.7,28.1,1,0.85
2021-04-14,2021,4,2,104,0.866,-0.5,Haut-Sassandra,Maïs,Limoneux,Seche,6.1,29.1,61.7,1,1.35
2024-01-25,2024,1,1,25,0.5,0.866,Poro,Anacarde,Limoneux,Seche,12.0,36.8,47.5,0,0.72
2024-12-17,2024,12,4,352,-0.0,1.0,Nawa,Manioc,Argileux,Seche,59.1,32.0,69.3,0,10.41
2024-05-06,2024,5,2,127,0.5,-0.866,Nawa,Cacao,Argileux,Pluies,171.7,26.8,88.9,1,1.71
2023-10-22,2023,10,4,295,-0.866,0.5,Poro,Anacarde,Sablonneux,Seche,1.7,31.3,34.9,0,0.64
2023-10-04,2023,10,4,277,-0.866,0.5,Haut-Sassandra,Manioc,Limoneux,Pluies,159.9,26.3,84.0,0,13.76
2022-02-11,2022,2,1,42,0.866,0.5,Poro,Anacarde,Sablonneux,Seche,16.9,34.3,42.7,0,0.74
2024-11-02,2024,11,4,307,-0.5,0.866,Nawa,Cacao,Argileux,Seche,25.9,33.1,67.7,0,1.23
2021-06-16,2021,6,2,167,0.0,-1.0,Nawa,Cacao,Argileux,Pluies,152.1,26.4,80.8,0,1.63
2022-05-24,2022,5,2,144,0.5,-0.866,Poro,Manioc,Argileux,Seche,5.1,32.7,40.2,1,6.94
2021-11-09,2021,11,4,313,-0.5,0.866,Haut-Sassandra,Cacao,Argileux,Seche,42.5,30.3,60.7,0,1.0
2024-12-12,2024,12,4,347,-0.0,1.0,Poro,Manioc,Sablonneux,Seche,9.7,34.9,41.2,0,7.4
2023-02-02,2023,2,1,33,0.866,0.5,Haut-Sassandra,Manioc,Sablonneux,Seche,56.8,29.9,61.9,0,11.87
2022-11-12,2022,11,4,316,-0.5,0.866,Nawa,Cacao,Argileux,Seche,43.6,29.5,62.3,0,1.24
2022-04-22,2022,4,2,112,0.866,-0.5,Poro,Anacarde,Limoneux,Seche,10.4,32.4,43.6,0,0.86
2021-03-14,2021,3,1,73,1.0,0.0,Haut-Sassandra,Cacao,Limoneux,Seche,85.3,29.2,70.8,0,1.1
2024-03-10,2024,3,1,70,1.0,0.0,Nawa,Cacao,Limoneux,Seche,39.0,28.3,67.3,0,1.09
2022-08-05,2022,8,3,217,-0.866,-0.5,Nawa,Manioc,Argileux,Seche,54.8,31.3,72.4,1,10.09
2021-09-19,2021,9,3,262,-1.0,-0.0,Nawa,Cacao,Argileux,Pluies,198.9,24.2,88.0,1,1.83
2024-09-25,2024,9,3,269,-1.0,-0.0,Haut-Sassandra,Maïs,Sablonneux,Pluies,179.2,26.9,83.2,1,1.66
2024-08-24,2024,8,3,237,-0.866,-0.5,Haut-Sassandra,Cacao,Limoneux,Seche,35.8,28.4,60.0,1,1.12
2021-09-02,2021,9,3,245,-1.0,-0.0,Poro,Maïs,Argileux,Pluies,114.3,26.8,81.8,0,1.95
2024-09-22,2024,9,3,266,-1.0,-0.0,Nawa,Cacao,Limoneux,Pluies,193.3,28.4,83.5,0,1.25
2022-07-15,2022,7,3,196,-0.5,-0.866,Poro,Manioc,Argileux,Pluies,177.4,25.1,90.9,0,8.04
2024-01-05,2024,1,1,5,0.5,0.866,Poro,Manioc,Argileux,Seche,18.6,31.6,46.2,0,6.92
2021-06-24,2021,6,2,175,0.0,-1.0,Nawa,Cacao,Limoneux,Pluies,158.9,27.7,84.1,0,1.59
2021-04-19,2021,4,2,109,0.866,-0.5,Haut-Sassandra,Anacarde,Limoneux,Seche,50.5,26.3,64.0,1,0.41
2021-07-02,2021,7,3,183,-0.5,-0.866,Nawa,Manioc,Argileux,Pluies,221.3,27.9,89.4,0,14.95
2021-07-11,2021,7,3,192,-0.5,-0.866,Nawa,Manioc,Argileux,Pluies,176.1,25.9,84.5,0,17.18
2021-03-06,2021,3,1,65,1.0,0.0,Haut-Sassandra,Cacao,Sablonneux,Seche,73.8,29.4,69.4,0,1.17
2023-08-21,2023,8,3,233,-0.866,-0.5,Haut-Sassandra,Manioc,Limoneux,Seche,56.9,33.1,72.0,1,12.2
2024-01-29,2024,1,1,29,0.5,0.866,Nawa,Cacao,Limoneux,Seche,75.7,28.9,74.8,0,1.17
2023-05-14,2023,5,2,134,0.5,-0.866,Poro,Manioc,Sablonneux,Seche,15.9,30.0,44.2,1,5.45
2024-02-26,2024,2,1,57,0.866,0.5,Nawa,Manioc,Argileux,Seche,96.5,26.9,67.9,0,12.78
2022-01-04,2022,1,1,4,0.5,0.866,Haut-Sassandra,Maïs,Limoneux,Seche,68.7,26.8,63.2,0,1.32
2023-05-01,2023,5,2,121,0.5,-0.866,Haut-Sassandra,Maïs,Sablonneux,Pluies,234.0,27.5,89.3,1,1.36
2021-02-12,2021,2,1,43,0.866,0.5,Poro,Manioc,Limoneux,Seche,23.9,33.2,50.3,1,5.96
2024-12-13,2024,12,4,348,-0.0,1.0,Poro,Anacarde,Sablonneux,Seche,3.0,35.1,40.8,0,0.65
2022-05-03,2022,5,2,123,0.5,-0.866,Poro,Anacarde,Limoneux,Seche,20.5,33.5,38.6,0,0.82
2021-03-19,2021,3,1,78,1.0,0.0,Nawa,Anacarde,Limoneux,Seche,41.4,31.5,77.6,0,0.41
2023-04-06,2023,4,2,96,0.866,-0.5,Haut-Sassandra,Cacao,Limoneux,Seche,31.6,27.6,64.6,1,1.2
2024-07-17,2024,7,3,199,-0.5,-0.866,Haut-Sassandra,Cacao,Argileux,Pluies,221.2,23.9,78.1,0,1.73
2022-11-05,2022,11,4,309,-0.5,0.866,Nawa,Maïs,Sablonneux,Seche,39.8,27.2,64.8,0,1.23
2022-12-02,2022,12,4,336,-0.0,1.0,Haut-Sassandra,Maïs,Argileux,Seche,47.8,34.0,70.2,0,1.43
2023-01-29,2023,1,1,29,0.5,0.866,Poro,Anacarde,Sablonneux,Seche,15.9,35.1,23.3,0,0.71
2022-12-29,2022,12,4,363,-0.0,1.0,Nawa,Cacao,Limoneux,Seche,18.4,30.5,67.0,0,1.08
2024-08-31,2024,8,3,244,-0.866,-0.5,Nawa,Cacao,Sablonneux,Seche,23.8,31.4,66.8,1,1.22
2023-07-14,2023,7,3,195,-0.5,-0.866,Nawa,Manioc,Limoneux,Pluies,258.6,27.7,82.2,0,10.65
2023-06-21,2023,6,2,172,0.0,-1.0,Haut-Sassandra,Manioc,Argileux,Pluies,133.0,29.7,95.0,0,10.28
2023-06-08,2023,6,2,159,0.0,-1.0,Poro,Manioc,Limoneux,Pluies,164.9,28.6,72.7,1,8.85
2023-09-20,2023,9,3,263,-1.0,-0.0,Haut-Sassandra,Manioc,Limoneux,Pluies,178.8,22.8,95.3,1,9.91
2024-04-06,2024,4,2,97,0.866,-0.5,Haut-Sassandra,Cacao,Argileux,Seche,44.9,28.0,65.2,1,1.09
2021-12-05,2021,12,4,339,-0.0,1.0,Poro,Maïs,Sablonneux,Seche,9.2,33.4,46.6,0,1.14
2021-07-12,2021,7,3,193,-0.5,-0.866,Haut-Sassandra,Cacao,Argileux,Pluies,211.2,25.8,87.8,0,1.85
2021-10-10,2021,10,4,283,-0.866,0.5,Nawa,Manioc,Argileux,Pluies,106.6,27.6,92.2,0,12.04
2024-09-21,2024,9,3,265,-1.0,-0.0,Haut-Sassandra,Manioc,Argileux,Pluies,156.7,25.3,86.2,1,16.66
2022-01-25,2022,1,1,25,0.5,0.866,Nawa,Manioc,Argileux,Seche,57.2,26.9,72.0,0,13.21
2023-09-27,2023,9,3,270,-1.0,-0.0,Poro,Manioc,Limoneux,Pluies,144.0,30.1,78.3,0,5.15
2022-06-09,2022,6,2,160,0.0,-1.0,Nawa,Cacao,Limoneux,Pluies,217.6,28.0,92.5,0,1.67
2024-06-17,2024,6,2,169,0.0,-1.0,Haut-Sassandra,Maïs,Sablonneux,Pluies,232.9,29.4,84.6,0,1.27
2022-10-21,2022,10,4,294,-0.866,0.5,Poro,Maïs,Sablonneux,Seche,0.0,36.6,50.2,0,1.29
2022-12-17,2022,12,4,351,-0.0,1.0,Poro,Anacarde,Limoneux,Seche,11.9,33.2,36.6,0,0.68
2023-06-10,2023,6,2,161,0.0,-1.0,Haut-Sassandra,Cacao,Argileux,Pluies,161.3,26.0,90.5,0,1.35
2024-01-18,2024,1,1,18,0.5,0.866,Poro,Cacao,Sablonneux,Seche,11.6,31.8,40.5,0,0.51
2024-01-24,2024,1,1,24,0.5,0.866,Poro,Anacarde,Limoneux,Seche,0.7,30.4,55.3,0,0.8
2022-03-28,2022,3,1,87,1.0,0.0,Nawa,Manioc,Sablonneux,Seche,76.2,29.0,67.2,0,10.07
2022-03-04,2022,3,1,63,1.0,0.0,Haut-Sassandra,Anacarde,Limoneux,Seche,26.5,29.5,73.3,0,0.39
2024-03-20,2024,3,1,80,1.0,0.0,Haut-Sassandra,Cacao,Limoneux,Seche,40.9,31.0,69.1,0,1.05
2024-10-31,2024,10,4,305,-0.866,0.5,Nawa,Cacao,Argileux,Pluies,151.3,26.6,86.2,0,1.48
2023-11-12,2023,11,4,316,-0.5,0.866,Nawa,Maïs,Limoneux,Seche,61.0,31.3,62.1,0,1.25
2023-06-02,2023,6,2,153,0.0,-1.0,Poro,Anacarde,Argileux,Pluies,193.7,28.7,78.7,1,1.1
2021-11-09,2021,11,4,313,-0.5,0.866,Poro,Anacarde,Argileux,Seche,3.4,31.5,40.2,0,0.68
2023-04-20,2023,4,2,110,0.866,-0.5,Nawa,Cacao,Limoneux,Seche,65.0,31.4,70.6,1,1.09
2022-06-03,2022,6,2,154,0.0,-1.0,Nawa,Manioc,Limoneux,Pluies,173.3,24.9,82.0,0,17.04
2024-05-14,2024,5,2,135,0.5,-0.866,Haut-Sassandra,Cacao,Argileux,Pluies,210.9,23.9,79.2,1,1.41
2022-01-10,2022,1,1,10,0.5,0.866,Nawa,Cacao,Argileux,Seche,53.8,28.4,59.7,0,1.3
2022-03-27,2022,3,1,86,1.0,0.0,Haut-Sassandra,Manioc,Argileux,Seche,55.2,26.3,65.6,0,10.79
2023-10-12,2023,10,4,285,-0.866,0.5,Haut-Sassandra,Cacao,Limoneux,Pluies,199.0,25.8,81.9,0,1.68
2022-08-18,2022,8,3,230,-0.866,-0.5,Poro,Anacarde,Argileux,Pluies,204.1,24.9,72.2,0,1.22
2024-04-17,2024,4,2,108,0.866,-0.5,Haut-Sassandra,Manioc,Limoneux,Seche,46.3,32.1,70.2,1,14.15
2024-05-18,2024,5,2,139,0.5,-0.866,Nawa,Maïs,Limoneux,Pluies,157.3,28.6,84.0,1,1.94
2022-05-15,2022,5,2,135,0.5,-0.866,Nawa,Manioc,Sablonneux,Pluies,212.0,27.2,86.3,1,16.45
2022-04-09,2022,4,2,99,0.866,-0.5,Poro,Maïs,Sablonneux,Seche,42.2,32.1,29.3,0,1.24
2024-02-22,2024,2,1,53,0.866,0.5,Poro,Anacarde,Limoneux,Seche,5.9,35.1,30.4,0,0.77
2021-04-23,2021,4,2,113,0.866,-0.5,Nawa,Cacao,Argileux,Seche,37.4,29.8,70.5,1,1.06
2023-11-02,2023,11,4,306,-0.5,0.866,Poro,Anacarde,Limoneux,Seche,14.2,29.3,45.4,0,0.85
2024-02-24,2024,2,1,55,0.866,0.5,Haut-Sassandra,Maïs,Limoneux,Seche,41.3,30.3,68.7,0,1.34
2021-11-27,2021,11,4,331,-0.5,0.866,Poro,Cacao,Sablonneux,Seche,0.0,30.3,53.9,0,0.56
2024-07-30,2024,7,3,212,-0.5,-0.866,Haut-Sassandra,Maïs,Limoneux,Pluies,223.1,27.2,96.6,0,1.84
2021-05-20,2021,5,2,140,0.5,-0.866,Haut-Sassandra,Manioc,Limoneux,Pluies,220.6,26.9,86.3,1,17.55
2024-11-25,2024,11,4,330,-0.5,0.866,Nawa,Cacao,Sablonneux,Seche,44.2,32.9,64.6,0,1.05
2023-06-21,2023,6,2,172,0.0,-1.0,Nawa,Maïs,Limoneux,Pluies,122.1,26.1,88.0,0,1.74
2024-01-26,2024,1,1,26,0.5,0.866,Nawa,Cacao,Argileux,Seche,65.7,32.9,64.1,0,1.29
2022-06-01,2022,6,2,152,0.0,-1.0,Haut-Sassandra,Manioc,Sablonneux,Pluies,175.2,25.2,77.8,0,18.89
2022-07-23,2022,7,3,204,-0.5,-0.866,Poro,Manioc,Sablonneux,Pluies,168.0,25.0,77.7,0,9.5
2023-04-26,2023,4,2,116,0.866,-0.5,Poro,Anacarde,Argileux,Seche,12.4,26.9,47.4,0,0.77
2023-12-29,2023,12,4,363,-0.0,1.0,Nawa,Manioc,Limoneux,Seche,67.0,27.0,61.3,0,12.28
2021-04-28,2021,4,2,118,0.866,-0.5,Nawa,Manioc,Sablonneux,Seche,66.9,29.1,67.6,1,10.99
2023-06-07,2023,6,2,158,0.0,-1.0,Haut-Sassandra,Anacarde,Argileux,Pluies,179.7,27.8,88.5,0,0.62
2023-12-19,2023,12,4,353,-0.0,1.0,Haut-Sassandra,Manioc,Argileux,Seche,21.6,30.5,67.8,0,14.04
2023-11-23,2023,11,4,327,-0.5,0.866,Poro,Anacarde,Argileux,Seche,15.0,34.0,37.5,0,0.82
2024-09-03,2024,9,3,247,-1.0,-0.0,Haut-Sassandra,Cacao,Argileux,Pluies,187.2,30.6,88.6,1,1.11
2021-02-19,2021,2,1,50,0.866,0.5,Nawa,Cacao,Argileux,Seche,59.5,30.9,76.9,0,1.15
2021-01-19,2021,1,1,19,0.5,0.866,Nawa,Maïs,Limoneux,Seche,0.0,32.6,62.2,0,1.31
2022-12-27,2022,12,4,361,-0.0,1.0,Nawa,Manioc,Limoneux,Seche,61.3,29.6,66.3,0,11.5
2021-07-16,2021,7,3,197,-0.5,-0.866,Haut-Sassandra,Maïs,Limoneux,Pluies,225.5,27.8,86.5,0,1.94
2022-07-13,2022,7,3,194,-0.5,-0.866,Poro,Anacarde,Sablonneux,Pluies,185.6,29.9,73.7,0,0.78
2022-03-28,2022,3,1,87,1.0,0.0,Poro,Anacarde,Sablonneux,Seche,5.1,37.3,43.1,0,0.87
2021-10-16,2021,10,4,289,-0.866,0.5,Poro,Cacao,Sablonneux,Seche,12.8,35.4,48.1,0,0.52
2024-03-10,2024,3,1,70,1.0,0.0,Haut-Sassandra,Maïs,Argileux,Seche,15.1,33.2,60.4,0,1.31
2024-01-13,2024,1,1,13,0.5,0.866,Poro,Anacarde,Sablonneux,Seche,4.9,36.1,46.3,0,0.76
2022-01-26,2022,1,1,26,0.5,0.866,Haut-Sassandra,Manioc,Argileux,Seche,62.6,28.9,67.8,0,10.37
2021-08-03,2021,8,3,215,-0.866,-0.5,Haut-Sassandra,Cacao,Argileux,Seche,9.9,29.7,67.3,1,1.15
2021-08-03,2021,8,3,215,-0.866,-0.5,Poro,Manioc,Argileux,Pluies,197.9,29.2,78.4,0,5.65
2024-11-27,2024,11,4,332,-0.5,0.866,Haut-Sassandra,Manioc,Limoneux,Seche,51.4,31.5,70.6,0,9.31
2021-05-08,2021,5,2,128,0.5,-0.866,Nawa,Cacao,Argileux,Pluies,183.4,26.6,91.1,1,1.65
2023-01-30,2023,1,1,30,0.5,0.866,Poro,Maïs,Sablonneux,Seche,4.2,31.6,35.8,0,1.09
2022-02-08,2022,2,1,39,0.866,0.5,Nawa,Maïs,Argileux,Seche,39.2,29.8,71.2,0,1.37
2023-11-19,2023,11,4,323,-0.5,0.866,Poro,Anacarde,Argileux,Seche,6.7,31.8,47.6,0,0.82
2021-12-04,2021,12,4,338,-0.0,1.0,Haut-Sassandra,Cacao,Limoneux,Seche,20.8,31.5,62.9,0,1.08
2023-04-11,2023,4,2,101,0.866,-0.5,Poro,Maïs,Limoneux,Seche,10.1,34.7,44.7,0,1.08
2022-12-15,2022,12,4,349,-0.0,1.0,Haut-Sassandra,Manioc,Argileux,Seche,56.0,30.2,62.9,0,12.79
2021-12-27,2021,12,4,361,-0.0,1.0,Poro,Maïs,Argileux,Seche,5.1,36.7,48.9,0,1.28
2022-07-23,2022,7,3,204,-0.5,-0.866,Haut-Sassandra,Manioc,Limoneux,Pluies,221.7,30.1,82.9,0,11.32
2024-11-16,2024,11,4,321,-0.5,0.866,Haut-Sassandra,Cacao,Limoneux,Seche,29.2,32.7,68.8,0,0.99
2021-08-06,2021,8,3,218,-0.866,-0.5,Poro,Anacarde,Limoneux,Pluies,143.0,24.5,78.8,0,1.14
2021-07-21,2021,7,3,202,-0.5,-0.866,Haut-Sassandra,Cacao,Limoneux,Pluies,237.8,27.8,88.3,0,1.12
2021-01-17,2021,1,1,17,0.5,0.866,Haut-Sassandra,Cacao,Argileux,Seche,105.3,30.5,61.2,0,1.21
2021-11-18,2021,11,4,322,-0.5,0.866,Poro,Maïs,Sablonneux,Seche,19.7,32.4,34.9,0,1.25
2022-06-02,2022,6,2,153,0.0,-1.0,Poro,Anacarde,Sablonneux,Pluies,119.3,26.8,75.4,1,1.08
2024-09-10,2024,9,3,254,-1.0,-0.0,Poro,Anacarde,Limoneux,Pluies,174.9,28.7,75.2,0,0.95
2024-12-06,2024,12,4,341,-0.0,1.0,Haut-Sassandra,Cacao,Argileux,Seche,51.1,28.9,66.7,0,1.19
2024-09-03,2024,9,3,247,-1.0,-0.0,Haut-Sassandra,Manioc,Sablonneux,Pluies,209.3,26.0,89.4,1,16.44
2022-11-12,2022,11,4,316,-0.5,0.866,Poro,Anacarde,Sablonneux,Seche,13.2,35.2,35.1,0,0.81
2024-01-11,2024,1,1,11,0.5,0.866,Poro,Anacarde,Sablonneux,Seche,18.6,33.9,34.5,0,0.73
2022-03-01,2022,3,1,60,1.0,0.0,Haut-Sassandra,Cacao,Limoneux,Seche,72.7,27.9,67.7,0,1.05
2024-05-12,2024,5,2,133,0.5,-0.866,Nawa,Cacao,Limoneux,Pluies,148.2,25.8,96.6,1,1.66
2023-10-16,2023,10,4,289,-0.866,0.5,Haut-Sassandra,Cacao,Argileux,Pluies,241.8,30.0,86.2,0,1.24
2022-01-22,2022,1,1,22,0.5,0.866,Haut-Sassandra,Maïs,Argileux,Seche,46.2,29.0,80.3,0,1.36
2023-02-17,2023,2,1,48,0.866,0.5,Haut-Sassandra,Cacao,Argileux,Seche,55.3,27.1,63.5,0,1.11
2021-04-08,2021,4,2,98,0.866,-0.5,Nawa,Manioc,Limoneux,Seche,59.3,29.7,74.0,1,11.83
2024-09-30,2024,9,3,274,-1.0,-0.0,Nawa,Cacao,Limoneux,Pluies,162.1,24.4,84.2,1,1.29
2021-07-27,2021,7,3,208,-0.5,-0.866,Haut-Sassandra,Anacarde,Argileux,Pluies,224.0,30.8,92.9,0,0.38
2022-08-09,2022,8,3,221,-0.866,-0.5,Nawa,Manioc,Limoneux,Seche,30.8,31.8,74.8,1,12.71
2021-06-15,2021,6,2,166,0.0,-1.0,Nawa,Manioc,Limoneux,Pluies,200.3,26.9,84.9,0,17.58
2021-01-22,2021,1,1,22,0.5,0.866,Poro,Anacarde,Sablonneux,Seche,8.0,37.9,38.5,0,0.76
2021-06-03,2021,6,2,154,0.0,-1.0,Nawa,Cacao,Limoneux,Pluies,205.6,26.8,87.4,0,1.62
2024-08-11,2024,8,3,224,-0.866,-0.5,Haut-Sassandra,Cacao,Argileux,Seche,69.0,27.0,67.1,1,1.29
2021-08-07,2021,8,3,219,-0.866,-0.5,Nawa,Maïs,Argileux,Seche,47.4,25.5,75.8,1,1.46
2022-10-31,2022,10,4,304,-0.866,0.5,Poro,Maïs,Sablonneux,Seche,17.1,33.5,46.4,0,1.36
2021-08-18,2021,8,3,230,-0.866,-0.5,Haut-Sassandra,Anacarde,Limoneux,Seche,16.4,30.3,67.5,1,0.37
2021-01-20,2021,1,1,20,0.5,0.866,Haut-Sassandra,Cacao,Argileux,Seche,24.0,28.2,65.7,0,1.13
2022-07-07,2022,7,3,188,-0.5,-0.866,Nawa,Cacao,Limoneux,Pluies,172.0,28.4,85.6,0,1.68
2023-08-08,2023,8,3,220,-0.866,-0.5,Poro,Anacarde,Limoneux,Pluies,166.9,25.9,78.5,0,1.12
2021-05-28,2021,5,2,148,0.5,-0.866,Nawa,Cacao,Limoneux,Pluies,125.0,23.7,89.5,1,1.59
2024-02-06,2024,2,1,37,0.866,0.5,Nawa,Maïs,Limoneux,Seche,24.8,30.9,64.0,0,1.31
2022-02-07,2022,2,1,38,0.866,0.5,Poro,Manioc,Limoneux,Seche,17.8,33.3,54.3,0,6.32
2022-08-19,2022,8,3,231,-0.866,-0.5,Poro,Anacarde,Limoneux,Pluies,152.0,26.6,65.7,0,1.22
2022-01-02,2022,1,1,2,0.5,0.866,Nawa,Cacao,Argileux,Seche,70.9,28.4,66.6,0,1.18
2024-12-08,2024,12,4,343,-0.0,1.0,Haut-Sassandra,Cacao,Limoneux,Seche,103.2,32.7,66.2,0,1.14
2024-08-25,2024,8,3,238,-0.866,-0.5,Haut-Sassandra,Manioc,Argileux,Seche,36.0,28.0,76.3,1,13.05
2023-03-13,2023,3,1,72,1.0,0.0,Nawa,Maïs,Argileux,Seche,20.0,28.4,66.3,0,1.21
2023-07-07,2023,7,3,188,-0.5,-0.866,Haut-Sassandra,Cacao,Argileux,Pluies,134.9,28.3,90.6,0,1.4
2024-03-03,2024,3,1,63,1.0,0.0,Poro,Anacarde,Sablonneux,Seche,0.0,36.5,46.2,0,0.84
2024-07-30,2024,7,3,212,-0.5,-0.866,Nawa,Cacao,Limoneux,Pluies,208.8,27.3,89.4,0,1.68
2021-03-14,2021,3,1,73,1.0,0.0,Nawa,Cacao,Argileux,Seche,35.4,30.4,77.3,0,1.13
2022-04-26,2022,4,2,116,0.866,-0.5,Haut-Sassandra,Cacao,Argileux,Seche,44.3,34.8,66.2,1,1.12
2024-10-07,2024,10,4,281,-0.866,0.5,Haut-Sassandra,Cacao,Argileux,Pluies,238.1,25.6,90.9,0,1.18
2022-07-14,2022,7,3,195,-0.5,-0.866,Nawa,Maïs,Argileux,Pluies,172.3,29.4,77.6,0,1.43
2024-09-11,2024,9,3,255,-1.0,-0.0,Haut-Sassandra,Cacao,Argileux,Pluies,220.5,25.3,85.5,1,1.71
2023-01-15,2023,1,1,15,0.5,0.866,Haut-Sassandra,Cacao,Argileux,Seche,51.7,29.2,62.0,0,1.13
2021-04-10,2021,4,2,100,0.866,-0.5,Haut-Sassandra,Manioc,Limoneux,Seche,59.4,29.6,79.0,1,10.56
2023-12-19,2023,12,4,353,-0.0,1.0,Nawa,Cacao,Argileux,Seche,5.4,27.6,62.4,0,1.11
2022-05-23,2022,5,2,143,0.5,-0.866,Poro,Anacarde,Argileux,Seche,9.4,31.2,32.9,1,0.83
2021-09-15,2021,9,3,258,-1.0,-0.0,Nawa,Anacarde,Limoneux,Pluies,225.8,23.7,86.5,1,0.62
2022-02-17,2022,2,1,48,0.866,0.5,Haut-Sassandra,Cacao,Limoneux,Seche,49.4,31.1,82.2,0,1.11
2023-12-25,2023,12,4,359,-0.0,1.0,Haut-Sassandra,Maïs,Argileux,Seche,29.8,30.8,62.0,0,1.07
2022-08-18,2022,8,3,230,-0.866,-0.5,Haut-Sassandra,Cacao,Sablonneux,Seche,64.1,24.1,70.6,1,1.17
2024-03-23,2024,3,1,83,1.0,0.0,Nawa,Cacao,Limoneux,Seche,27.0,31.5,78.9,0,1.11
2021-09-23,2021,9,3,266,-1.0,-0.0,Haut-Sassandra,Cacao,Argileux,Pluies,214.2,27.9,85.9,1,1.63
2023-04-01,2023,4,2,91,0.866,-0.5,Haut-Sassandra,Cacao,Argileux,Seche,39.5,27.0,63.6,1,1.13
2024-01-08,2024,1,1,8,0.5,0.866,Poro,Anacarde,Sablonneux,Seche,8.0,29.9,25.4,0,0.85
2024-08-31,2024,8,3,244,-0.866,-0.5,Nawa,Cacao,Argileux,Seche,87.8,32.1,71.4,1,1.06
2022-10-24,2022,10,4,297,-0.866,0.5,Haut-Sassandra,Manioc,Limoneux,Pluies,186.6,28.3,89.6,0,16.99
2023-08-05,2023,8,3,217,-0.866,-0.5,Haut-Sassandra,Cacao,Limoneux,Seche,67.9,28.8,60.5,1,1.11
2022-07-14,2022,7,3,195,-0.5,-0.866,Poro,Anacarde,Sablonneux,Pluies,164.6,27.4,76.4,0,1.21
2023-07-06,2023,7,3,187,-0.5,-0.866,Nawa,Manioc,Argileux,Pluies,111.0,28.4,88.8,0,19.74
2023-06-10,2023,6,2,161,0.0,-1.0,Haut-Sassandra,Anacarde,Argileux,Pluies,94.2,27.1,81.4,0,0.36
2024-06-25,2024,6,2,177,0.0,-1.0,Poro,Maïs,Sablonneux,Pluies,185.9,26.3,71.5,1,1.89
2023-05-18,2023,5,2,138,0.5,-0.866,Poro,Maïs,Sablonneux,Seche,11.2,33.5,47.1,1,1.39
2022-09-02,2022,9,3,245,-1.0,-0.0,Nawa,Manioc,Limoneux,Pluies,173.6,27.9,88.3,1,17.54
2022-02-18,2022,2,1,49,0.866,0.5,Poro,Anacarde,Sablonneux,Seche,20.3,35.3,37.1,0,0.87
2021-01-25,2021,1,1,25,0.5,0.866,Poro,Maïs,Sablonneux,Seche,2.8,32.6,42.5,0,1.19
2021-10-11,2021,10,4,284,-0.866,0.5,Haut-Sassandra,Manioc,Limoneux,Pluies,270.4,24.9,81.9,0,13.23
2023-05-31,2023,5,2,151,0.5,-0.866,Nawa,Cacao,Argileux,Pluies,279.5,25.0,88.9,1,1.06
2021-10-28,2021,10,4,301,-0.866,0.5,Nawa,Cacao,Argileux,Pluies,188.9,26.2,85.7,0,1.91
2023-12-28,2023,12,4,362,-0.0,1.0,Nawa,Manioc,Argileux,Seche,46.9,33.2,72.4,0,12.04
2023-10-28,2023,10,4,301,-0.866,0.5,Nawa,Manioc,Argileux,Pluies,189.5,26.3,87.9,0,15.53
2023-03-28,2023,3,1,87,1.0,0.0,Haut-Sassandra,Manioc,Argileux,Seche,65.7,29.3,64.6,0,12.44
2024-03-06,2024,3,1,66,1.0,0.0,Haut-Sassandra,Maïs,Limoneux,Seche,41.1,28.9,80.4,0,1.34
2024-04-02,2024,4,2,93,0.866,-0.5,Haut-Sassandra,Manioc,Limoneux,Seche,31.2,29.1,72.0,1,11.38
2021-03-24,2021,3,1,83,1.0,0.0,Nawa,Cacao,Limoneux,Seche,22.8,29.4,68.9,0,0.94
2024-12-14,2024,12,4,349,-0.0,1.0,Haut-Sassandra,Cacao,Argileux,Seche,82.1,30.3,74.1,0,1.3
2024-01-02,2024,1,1,2,0.5,0.866,Poro,Anacarde,Argileux,Seche,17.6,34.2,48.2,0,0.76
2024-06-14,2024,6,2,166,0.0,-1.0,Haut-Sassandra,Cacao,Sablonneux,Pluies,177.1,27.8,86.1,0,1.57
2021-02-15,2021,2,1,46,0.866,0.5,Haut-Sassandra,Cacao,Argileux,Seche,34.4,31.7,61.1,0,0.99
2022-09-10,2022,9,3,253,-1.0,-0.0,Poro,Maïs,Sablonneux,Pluies,163.1,28.5,79.5,0,1.8
2023-07-17,2023,7,3,198,-0.5,-0.866,Haut-Sassandra,Manioc,Argileux,Pluies,232.1,27.1,78.0,0,11.89
2021-09-19,2021,9,3,262,-1.0,-0.0,Nawa,Anacarde,Argileux,Pluies,189.4,27.6,81.6,1,0.52
2021-06-25,2021,6,2,176,0.0,-1.0,Haut-Sassandra,Cacao,Limoneux,Pluies,183.4,25.6,86.6,0,1.7
2024-04-04,2024,4,2,95,0.866,-0.5,Poro,Manioc,Sablonneux,Seche,20.2,33.0,25.6,0,5.53
2022-10-19,2022,10,4,292,-0.866,0.5,Nawa,Manioc,Limoneux,Pluies,221.2,26.5,82.8,0,19.37
2023-04-22,2023,4,2,112,0.866,-0.5,Haut-Sassandra,Manioc,Limoneux,Seche,8.3,31.4,74.8,1,11.31
2022-01-05,2022,1,1,5,0.5,0.866,Haut-Sassandra,Cacao,Sablonneux,Seche,56.6,28.4,71.7,0,1.33
2021-02-23,2021,2,1,54,0.866,0.5,Haut-Sassandra,Maïs,Limoneux,Seche,21.7,30.7,64.6,0,1.23
2022-11-21,2022,11,4,325,-0.5,0.866,Nawa,Cacao,Argileux,Seche,54.9,30.1,59.5,0,1.07
2024-12-13,2024,12,4,348,-0.0,1.0,Haut-Sassandra,Maïs,Limoneux,Seche,51.3,33.2,71.0,0,1.15
2024-09-26,2024,9,3,270,-1.0,-0.0,Haut-Sassandra,Manioc,Argileux,Pluies,197.4,29.0,81.7,1,16.33
2024-02-25,2024,2,1,56,0.866,0.5,Haut-Sassandra,Manioc,Sablonneux,Seche,46.0,27.6,61.2,0,11.78
2024-12-03,2024,12,4,338,-0.0,1.0,Haut-Sassandra,Manioc,Limoneux,Seche,63.3,32.9,73.9,0,11.63
2022-01-02,2022,1,1,2,0.5,0.866,Haut-Sassandra,Cacao,Argileux,Seche,64.0,30.0,61.0,0,1.29
2024-07-18,2024,7,3,200,-0.5,-0.866,Haut-Sassandra,Anacarde,Sablonneux,Pluies,214.3,27.6,87.4,0,0.62
2022-10-06,2022,10,4,279,-0.866,0.5,Poro,Manioc,Argileux,Seche,9.4,34.7,38.3,0,6.28
2022-01-14,2022,1,1,14,0.5,0.866,Haut-Sassandra,Manioc,Limoneux,Seche,23.1,31.6,64.0,1,12.29
2021-03-14,2021,3,1,73,1.0,0.0,Nawa,Anacarde,Argileux,Seche,50.8,34.1,69.5,0,0.4
2023-07-04,2023,7,3,185,-0.5,-0.866,Haut-Sassandra,Cacao,Limoneux,Pluies,117.6,25.6,86.2,0,1.64
2024-06-25,2024,6,2,177,0.0,-1.0,Poro,Maïs,Sablonneux,Pluies,163.2,26.5,80.7,1,1.82
2023-05-10,2023,5,2,130,0.5,-0.866,Nawa,Maïs,Limoneux,Pluies,136.7,28.5,74.3,1,1.78
2021-02-12,2021,2,1,43,0.866,0.5,Nawa,Cacao,Limoneux,Seche,40.9,32.1,71.8,0,1.2
2022-01-12,2022,1,1,12,0.5,0.866,Nawa,Maïs,Argileux,Seche,33.3,28.3,79.1,0,1.33
2023-12-01,2023,12,4,335,-0.0,1.0,Nawa,Cacao,Argileux,Seche,21.5,32.7,71.2,0,1.05
2021-06-19,2021,6,2,170,0.0,-1.0,Haut-Sassandra,Cacao,Limoneux,Pluies,158.7,26.0,82.7,0,1.59
2021-07-31,2021,7,3,212,-0.5,-0.866,Haut-Sassandra,Manioc,Argileux,Pluies,165.1,26.2,89.5,0,18.51
2021-02-08,2021,2,1,39,0.866,0.5,Poro,Anacarde,Sablonneux,Seche,10.8,36.9,55.3,0,0.82
2022-01-04,2022,1,1,4,0.5,0.866,Haut-Sassandra,Manioc,Sablonneux,Seche,34.4,30.6,65.0,0,10.51
2023-01-27,2023,1,1,27,0.5,0.866,Poro,Maïs,Sablonneux,Seche,10.4,29.0,57.2,0,1.22
2021-05-31,2021,5,2,151,0.5,-0.866,Nawa,Manioc,Limoneux,Pluies,162.2,27.7,85.8,1,16.77
2024-02-09,2024,2,1,40,0.866,0.5,Poro,Manioc,Argileux,Seche,28.2,29.8,57.5,0,6.02
2024-12-30,2024,12,4,365,-0.0,1.0,Nawa,Maïs,Limoneux,Seche,45.4,30.4,63.2,0,1.44
2023-12-07,2023,12,4,341,-0.0,1.0,Haut-Sassandra,Maïs,Limoneux,Seche,38.8,27.0,72.1,0,1.35
2023-10-21,2023,10,4,294,-0.866,0.5,Poro,Anacarde,Argileux,Seche,15.8,34.3,30.3,0,0.66
2023-01-07,2023,1,1,7,0.5,0.866,Nawa,Manioc,Sablonneux,Seche,70.9,26.4,74.0,0,11.52
2024-10-21,2024,10,4,295,-0.866,0.5,Poro,Maïs,Argileux,Seche,4.9,35.2,34.9,0,1.19
2021-03-10,2021,3,1,69,1.0,0.0,Nawa,Manioc,Limoneux,Seche,36.5,29.4,68.2,0,9.93
2021-10-26,2021,10,4,299,-0.866,0.5,Haut-Sassandra,Manioc,Argileux,Pluies,174.7,27.8,78.5,0,19.52
2023-08-02,2023,8,3,214,-0.866,-0.5,Haut-Sassandra,Cacao,Limoneux,Seche,63.4,29.1,70.3,1,1.25
2023-03-13,2023,3,1,72,1.0,0.0,Poro,Cacao,Sablonneux,Seche,11.9,35.4,49.0,0,0.59
2021-10-23,2021,10,4,296,-0.866,0.5,Haut-Sassandra,Manioc,Argileux,Pluies,189.2,25.1,83.2,0,17.22
2021-07-22,2021,7,3,203,-0.5,-0.866,Poro,Cacao,Sablonneux,Pluies,190.5,25.4,78.0,0,0.92
2021-03-02,2021,3,1,61,1.0,0.0,Nawa,Manioc,Sablonneux,Seche,23.9,31.5,70.7,0,11.79
2023-08-04,2023,8,3,216,-0.866,-0.5,Haut-Sassandra,Manioc,Limoneux,Seche,40.6,26.9,69.8,1,12.18
2023-08-21,2023,8,3,233,-0.866,-0.5,Poro,Anacarde,Sablonneux,Pluies,127.0,30.2,82.4,0,0.62
2024-08-30,2024,8,3,243,-0.866,-0.5,Nawa,Cacao,Argileux,Seche,36.3,27.9,64.2,1,1.2
2024-03-30,2024,3,1,90,1.0,0.0,Haut-Sassandra,Maïs,Sablonneux,Seche,22.0,31.8,78.2,0,1.26
2021-11-27,2021,11,4,331,-0.5,0.866,Haut-Sassandra,Cacao,Argileux,Seche,43.2,35.6,73.0,0,1.23
2021-12-04,2021,12,4,338,-0.0,1.0,Nawa,Manioc,Argileux,Seche,48.8,30.9,78.3,0,11.09
2024-08-20,2024,8,3,233,-0.866,-0.5,Poro,Manioc,Limoneux,Pluies,174.5,31.5,73.4,0,6.4
2024-09-23,2024,9,3,267,-1.0,-0.0,Nawa,Maïs,Argileux,Pluies,173.6,26.2,80.2,1,2.01
2022-10-01,2022,10,4,274,-0.866,0.5,Poro,Anacarde,Sablonneux,Seche,9.4,37.9,39.8,0,0.68
2021-10-02,2021,10,4,275,-0.866,0.5,Haut-Sassandra,Cacao,Sablonneux,Pluies,186.0,26.9,82.0,0,1.79
2024-04-02,2024,4,2,93,0.866,-0.5,Poro,Anacarde,Limoneux,Seche,0.0,34.9,45.2,0,0.77
2021-11-15,2021,11,4,319,-0.5,0.866,Nawa,Cacao,Argileux,Seche,52.5,29.6,66.4,0,1.22
2022-08-12,2022,8,3,224,-0.866,-0.5,Haut-Sassandra,Manioc,Limoneux,Seche,16.2,30.8,75.4,1,12.44
2022-05-19,2022,5,2,139,0.5,-0.866,Nawa,Maïs,Argileux,Pluies,216.7,25.2,86.8,1,2.08
2022-01-22,2022,1,1,22,0.5,0.866,Nawa,Anacarde,Argileux,Seche,31.4,32.8,68.1,0,0.37
2023-05-20,2023,5,2,140,0.5,-0.866,Nawa,Manioc,Argileux,Pluies,130.3,29.8,89.4,1,12.09
2023-04-13,2023,4,2,103,0.866,-0.5,Nawa,Cacao,Limoneux,Seche,47.6,28.6,69.0,0,1.03
2023-10-12,2023,10,4,285,-0.866,0.5,Nawa,Manioc,Argileux,Pluies,134.7,26.8,90.0,0,17.91
2022-08-26,2022,8,3,238,-0.866,-0.5,Nawa,Cacao,Sablonneux,Seche,54.4,31.2,65.4,1,0.96
2022-11-22,2022,11,4,326,-0.5,0.866,Poro,Anacarde,Argileux,Seche,15.0,28.7,39.8,0,0.8
2022-05-09,2022,5,2,129,0.5,-0.866,Haut-Sassandra,Cacao,Limoneux,Pluies,191.2,27.0,83.4,1,1.71
2022-05-05,2022,5,2,125,0.5,-0.866,Poro,Cacao,Limoneux,Seche,4.5,33.7,27.5,1,0.56
2022-12-22,2022,12,4,356,-0.0,1.0,Nawa,Cacao,Argileux,Seche,13.7,30.8,69.5,0,1.07
2024-01-02,2024,1,1,2,0.5,0.866,Poro,Maïs,Limoneux,Seche,15.6,33.5,43.9,0,1.25
2022-05-24,2022,5,2,144,0.5,-0.866,Haut-Sassandra,Cacao,Argileux,Pluies,199.5,26.4,84.2,1,1.36
2022-01-25,2022,1,1,25,0.5,0.866,Haut-Sassandra,Maïs,Limoneux,Seche,79.9,30.2,77.4,0,1.29
2021-10-22,2021,10,4,295,-0.866,0.5,Nawa,Anacarde,Limoneux,Pluies,165.1,25.3,86.5,0,0.71
2024-10-24,2024,10,4,298,-0.866,0.5,Nawa,Manioc,Argileux,Pluies,221.4,29.2,89.1,0,11.89
2023-03-07,2023,3,1,66,1.0,0.0,Poro,Anacarde,Limoneux,Seche,16.2,38.9,25.4,0,0.77
2023-05-15,2023,5,2,135,0.5,-0.866,Nawa,Cacao,Limoneux,Pluies,220.4,24.0,92.2,1,1.7
2022-07-03,2022,7,3,184,-0.5,-0.866,Nawa,Maïs,Argileux,Pluies,173.9,24.4,84.4,0,1.99
2022-10-11,2022,10,4,284,-0.866,0.5,Poro,Manioc,Sablonneux,Seche,17.4,31.3,41.2,0,5.9
2022-07-22,2022,7,3,203,-0.5,-0.866,Poro,Maïs,Argileux,Pluies,159.8,28.2,76.0,0,1.61
2024-04-25,2024,4,2,116,0.866,-0.5,Nawa,Manioc,Limoneux,Seche,9.0,34.6,70.5,1,12.3
2023-05-03,2023,5,2,123,0.5,-0.866,Nawa,Manioc,Sablonneux,Pluies,151.7,28.5,84.3,1,18.89
2023-02-09,2023,2,1,40,0.866,0.5,Nawa,Cacao,Limoneux,Seche,3.6,28.6,65.1,0,1.17
2022-03-21,2022,3,1,80,1.0,0.0,Nawa,Manioc,Argileux,Seche,18.6,26.9,68.6,0,11.04
2021-12-29,2021,12,4,363,-0.0,1.0,Nawa,Maïs,Sablonneux,Seche,34.2,28.3,61.1,0,1.24
2021-05-03,2021,5,2,123,0.5,-0.866,Haut-Sassandra,Manioc,Limoneux,Pluies,124.3,28.6,79.9,1,17.65
2024-04-26,2024,4,2,117,0.866,-0.5,Nawa,Maïs,Argileux,Seche,26.9,26.9,68.2,1,1.21
2023-01-12,2023,1,1,12,0.5,0.866,Haut-Sassandra,Cacao,Argileux,Seche,34.7,31.5,66.9,0,1.06
2022-11-11,2022,11,4,315,-0.5,0.866,Nawa,Manioc,Argileux,Seche,60.6,31.5,65.5,0,11.14
2022-02-24,2022,2,1,55,0.866,0.5,Nawa,Cacao,Argileux,Seche,45.7,27.3,75.6,0,1.18
2024-06-29,2024,6,2,181,0.0,-1.0,Haut-Sassandra,Maïs,Argileux,Pluies,182.5,24.4,83.6,0,1.95
2024-09-20,2024,9,3,264,-1.0,-0.0,Poro,Anacarde,Sablonneux,Pluies,160.2,32.3,73.0,0,0.76
2021-04-02,2021,4,2,92,0.866,-0.5,Haut-Sassandra,Cacao,Limoneux,Seche,39.1,31.0,66.4,1,1.35
2021-03-04,2021,3,1,63,1.0,0.0,Poro,Anacarde,Limoneux,Seche,12.3,32.9,49.0,0,0.71
2022-05-27,2022,5,2,147,0.5,-0.866,Nawa,Maïs,Limoneux,Pluies,189.3,28.9,93.8,1,1.73
2024-03-08,2024,3,1,68,1.0,0.0,Haut-Sassandra,Cacao,Argileux,Seche,39.3,28.9,61.3,0,1.15
2024-04-23,2024,4,2,114,0.866,-0.5,Nawa,Cacao,Limoneux,Seche,84.2,29.3,66.2,1,1.08
2024-05-13,2024,5,2,134,0.5,-0.866,Haut-Sassandra,Cacao,Limoneux,Pluies,178.1,25.6,85.2,1,1.78
2023-02-11,2023,2,1,42,0.866,0.5,Haut-Sassandra,Maïs,Limoneux,Seche,53.6,31.1,72.2,0,1.09
2024-05-22,2024,5,2,143,0.5,-0.866,Haut-Sassandra,Maïs,Limoneux,Pluies,165.9,29.5,89.6,1,1.2
2021-09-13,2021,9,3,256,-1.0,-0.0,Haut-Sassandra,Cacao,Limoneux,Pluies,251.5,26.1,86.1,1,1.17
2021-05-15,2021,5,2,135,0.5,-0.866,Nawa,Cacao,Limoneux,Pluies,171.6,28.4,88.3,1,1.6
2023-05-25,2023,5,2,145,0.5,-0.866,Nawa,Cacao,Argileux,Pluies,195.1,23.7,86.8,1,1.71
2023-04-02,2023,4,2,92,0.866,-0.5,Nawa,Manioc,Argileux,Seche,22.7,32.3,70.6,1,11.21
2021-03-29,2021,3,1,88,1.0,0.0,Haut-Sassandra,Manioc,Limoneux,Seche,8.4,29.5,73.6,0,12.91
2023-09-15,2023,9,3,258,-1.0,-0.0,Nawa,Manioc,Argileux,Pluies,262.3,29.0,84.3,1,11.69
2024-05-15,2024,5,2,136,0.5,-0.866,Nawa,Cacao,Argileux,Pluies,261.1,27.0,79.3,1,1.1
2024-02-27,2024,2,1,58,0.866,0.5,Nawa,Manioc,Argileux,Seche,71.6,29.7,69.9,0,11.79
2023-04-03,2023,4,2,93,0.866,-0.5,Haut-Sassandra,Maïs,Argileux,Seche,36.2,31.4,77.2,1,1.45
2023-10-24,2023,10,4,297,-0.866,0.5,Haut-Sassandra,Manioc,Argileux,Pluies,181.7,24.1,88.9,1,16.92
2023-09-01,2023,9,3,244,-1.0,-0.0,Nawa,Manioc,Limoneux,Pluies,226.8,28.4,84.5,1,16.94
2023-07-23,2023,7,3,204,-0.5,-0.866,Haut-Sassandra,Cacao,Argileux,Pluies,214.1,25.7,87.3,0,1.55
2021-05-01,2021,5,2,121,0.5,-0.866,Poro,Maïs,Limoneux,Seche,2.6,34.5,52.9,1,1.39
2024-11-09,2024,11,4,314,-0.5,0.866,Nawa,Maïs,Sablonneux,Seche,42.0,24.5,61.8,0,1.41
2023-11-28,2023,11,4,332,-0.5,0.866,Nawa,Anacarde,Argileux,Seche,62.4,30.7,58.6,0,0.41
2024-09-26,2024,9,3,270,-1.0,-0.0,Nawa,Manioc,Limoneux,Pluies,204.6,25.0,87.4,1,16.74
2023-10-05,2023,10,4,278,-0.866,0.5,Nawa,Cacao,Argileux,Pluies,182.0,26.9,92.6,0,1.5
2023-07-14,2023,7,3,195,-0.5,-0.866,Nawa,Cacao,Limoneux,Pluies,190.4,29.7,83.9,0,1.11
2022-10-07,2022,10,4,280,-0.866,0.5,Poro,Anacarde,Sablonneux,Seche,13.9,28.4,55.9,0,0.79
2022-12-15,2022,12,4,349,-0.0,1.0,Nawa,Anacarde,Argileux,Seche,35.2,27.0,61.5,0,0.4
2023-05-10,2023,5,2,130,0.5,-0.866,Poro,Anacarde,Argileux,Seche,15.1,29.4,36.6,1,0.73
2021-01-21,2021,1,1,21,0.5,0.866,Nawa,Cacao,Limoneux,Seche,35.8,27.2,77.6,0,1.12
2021-08-30,2021,8,3,242,-0.866,-0.5,Nawa,Cacao,Sablonneux,Seche,67.1,28.7,66.1,1,1.15
2022-03-31,2022,3,1,90,1.0,0.0,Poro,Anacarde,Limoneux,Seche,15.1,36.4,47.1,0,0.73
2023-08-21,2023,8,3,233,-0.866,-0.5,Poro,Maïs,Sablonneux,Pluies,228.4,30.0,76.6,0,1.42
2022-09-13,2022,9,3,256,-1.0,-0.0,Haut-Sassandra,Manioc,Argileux,Pluies,158.9,27.3,86.1,1,16.64
2021-10-30,2021,10,4,303,-0.866,0.5,Haut-Sassandra,Manioc,Limoneux,Pluies,145.4,24.1,86.0,0,15.14
2023-03-14,2023,3,1,73,1.0,0.0,Poro,Manioc,Argileux,Seche,5.2,36.7,39.6,0,6.1
2023-08-22,2023,8,3,234,-0.866,-0.5,Haut-Sassandra,Manioc,Argileux,Seche,39.7,25.0,70.2,1,11.69
2021-03-10,2021,3,1,69,1.0,0.0,Haut-Sassandra,Cacao,Limoneux,Seche,77.5,33.1,72.3,0,1.24
2024-02-27,2024,2,1,58,0.866,0.5,Nawa,Cacao,Limoneux,Seche,64.1,29.8,60.3,0,1.16
2021-07-15,2021,7,3,196,-0.5,-0.866,Nawa,Manioc,Argileux,Pluies,182.5,26.7,85.6,0,15.74
2021-05-20,2021,5,2,140,0.5,-0.866,Haut-Sassandra,Cacao,Limoneux,Pluies,191.6,26.4,77.0,1,1.61
2021-10-10,2021,10,4,283,-0.866,0.5,Poro,Cacao,Limoneux,Seche,2.5,32.9,36.5,0,0.57
2021-11-08,2021,11,4,312,-0.5,0.866,Nawa,Manioc,Argileux,Seche,52.6,32.7,65.3,0,11.65
2023-01-16,2023,1,1,16,0.5,0.866,Poro,Maïs,Limoneux,Seche,5.2,26.8,42.8,0,1.46
2021-10-04,2021,10,4,277,-0.866,0.5,Haut-Sassandra,Maïs,Argileux,Pluies,242.6,25.6,92.1,0,1.32
2021-03-02,2021,3,1,61,1.0,0.0,Poro,Anacarde,Limoneux,Seche,14.8,31.5,38.0,0,0.86
2024-09-04,2024,9,3,248,-1.0,-0.0,Poro,Anacarde,Limoneux,Pluies,143.0,29.1,78.9,0,0.66
2021-02-21,2021,2,1,52,0.866,0.5,Poro,Maïs,Limoneux,Seche,12.0,32.0,45.1,0,1.25
2021-06-02,2021,6,2,153,0.0,-1.0,Nawa,Cacao,Limoneux,Pluies,189.8,24.5,89.3,0,1.57
2024-08-27,2024,8,3,240,-0.866,-0.5,Nawa,Manioc,Limoneux,Seche,21.2,29.6,76.9,1,11.55
2022-06-28,2022,6,2,179,0.0,-1.0,Nawa,Maïs,Argileux,Pluies,180.0,26.9,89.0,0,1.85
2022-07-21,2022,7,3,202,-0.5,-0.866,Nawa,Manioc,Limoneux,Pluies,180.5,31.3,93.3,0,11.34
2024-11-13,2024,11,4,318,-0.5,0.866,Nawa,Manioc,Argileux,Seche,55.3,31.1,65.7,0,12.21
2022-09-14,2022,9,3,257,-1.0,-0.0,Haut-Sassandra,Cacao,Sablonneux,Pluies,230.6,26.7,87.0,1,1.2
2024-04-15,2024,4,2,106,0.866,-0.5,Nawa,Cacao,Sablonneux,Seche,70.2,29.4,71.6,1,0.98
2024-10-17,2024,10,4,291,-0.866,0.5,Haut-Sassandra,Manioc,Argileux,Pluies,191.8,26.2,90.9,0,15.73
2021-11-10,2021,11,4,314,-0.5,0.866,Haut-Sassandra,Cacao,Limoneux,Seche,18.6,29.8,62.4,0,1.15
2023-03-18,2023,3,1,77,1.0,0.0,Haut-Sassandra,Anacarde,Limoneux,Seche,74.9,29.9,72.1,0,0.37
2023-04-28,2023,4,2,118,0.866,-0.5,Haut-Sassandra,Manioc,Limoneux,Seche,56.9,31.5,71.8,1,11.93
2021-04-07,2021,4,2,97,0.866,-0.5,Poro,Anacarde,Limoneux,Seche,15.4,29.7,30.6,0,0.78
2023-05-31,2023,5,2,151,0.5,-0.866,Haut-Sassandra,Maïs,Limoneux,Pluies,305.6,24.8,89.7,1,1.3
2024-05-21,2024,5,2,142,0.5,-0.866,Haut-Sassandra,Manioc,Limoneux,Pluies,243.7,24.3,90.3,1,10.85
2023-04-09,2023,4,2,99,0.866,-0.5,Haut-Sassandra,Manioc,Sablonneux,Seche,40.6,30.5,62.9,1,12.4
2021-05-17,2021,5,2,137,0.5,-0.866,Haut-Sassandra,Cacao,Argileux,Pluies,182.4,25.4,86.6,0,1.6
2023-10-27,2023,10,4,300,-0.866,0.5,Nawa,Manioc,Limoneux,Pluies,119.7,26.4,84.2,0,16.55
2023-10-08,2023,10,4,281,-0.866,0.5,Nawa,Manioc,Limoneux,Pluies,200.2,25.3,80.3,0,16.22
2021-04-19,2021,4,2,109,0.866,-0.5,Haut-Sassandra,Maïs,Argileux,Seche,51.7,31.5,70.3,1,1.08
2022-07-01,2022,7,3,182,-0.5,-0.866,Haut-Sassandra,Manioc,Limoneux,Pluies,200.8,27.1,85.0,0,17.34
2023-11-29,2023,11,4,333,-0.5,0.866,Poro,Cacao,Argileux,Seche,14.8,35.4,39.1,0,0.55
2022-10-24,2022,10,4,297,-0.866,0.5,Haut-Sassandra,Cacao,Sablonneux,Pluies,249.0,27.9,90.9,0,1.16
2022-03-01,2022,3,1,60,1.0,0.0,Haut-Sassandra,Cacao,Argileux,Seche,56.6,31.1,76.6,0,1.2
2022-09-22,2022,9,3,265,-1.0,-0.0,Nawa,Maïs,Argileux,Pluies,170.4,27.5,81.2,1,1.75
2021-09-18,2021,9,3,261,-1.0,-0.0,Poro,Maïs,Sablonneux,Pluies,250.6,26.0,78.2,0,1.38
2024-12-20,2024,12,4,355,-0.0,1.0,Nawa,Maïs,Sablonneux,Seche,73.7,33.0,74.0,0,1.44
2021-03-28,2021,3,1,87,1.0,0.0,Poro,Anacarde,Limoneux,Seche,19.6,32.6,36.5,1,0.79
2022-04-10,2022,4,2,100,0.866,-0.5,Poro,Manioc,Limoneux,Seche,24.3,32.4,40.8,0,6.28
2021-03-17,2021,3,1,76,1.0,0.0,Nawa,Maïs,Sablonneux,Seche,35.8,27.8,76.2,0,1.19
2022-04-16,2022,4,2,106,0.866,-0.5,Nawa,Maïs,Argileux,Seche,51.3,28.1,66.4,1,1.14
2022-02-18,2022,2,1,49,0.866,0.5,Nawa,Manioc,Limoneux,Seche,83.5,30.5,66.2,0,12.31
2023-04-05,2023,4,2,95,0.866,-0.5,Haut-Sassandra,Cacao,Argileux,Seche,43.3,28.8,71.9,1,1.09
2023-06-14,2023,6,2,165,0.0,-1.0,Nawa,Manioc,Argileux,Pluies,224.4,25.8,90.7,0,15.78
2022-12-27,2022,12,4,361,-0.0,1.0,Nawa,Cacao,Limoneux,Seche,71.4,25.8,74.0,0,1.01
2022-04-02,2022,4,2,92,0.866,-0.5,Nawa,Manioc,Argileux,Seche,49.7,29.5,67.9,1,11.67
2024-08-01,2024,8,3,214,-0.866,-0.5,Haut-Sassandra,Manioc,Limoneux,Seche,66.6,30.0,59.2,1,12.35
2024-06-16,2024,6,2,168,0.0,-1.0,Haut-Sassandra,Maïs,Limoneux,Pluies,264.2,25.7,84.5,0,1.36
2022-10-15,2022,10,4,288,-0.866,0.5,Poro,Anacarde,Sablonneux,Seche,7.4,34.8,41.0,0,0.82
2022-11-03,2022,11,4,307,-0.5,0.866,Haut-Sassandra,Cacao,Argileux,Seche,22.3,27.9,86.0,0,1.19
2024-10-27,2024,10,4,301,-0.866,0.5,Nawa,Maïs,Sablonneux,Pluies,202.0,27.6,87.7,0,1.85
2022-05-10,2022,5,2,130,0.5,-0.866,Nawa,Cacao,Limoneux,Pluies,228.0,27.9,87.3,1,1.73
2023-12-05,2023,12,4,339,-0.0,1.0,Haut-Sassandra,Cacao,Argileux,Seche,55.3,31.5,69.0,0,1.15
2024-11-25,2024,11,4,330,-0.5,0.866,Nawa,Cacao,Argileux,Seche,33.1,28.2,68.3,0,1.09
2024-06-24,2024,6,2,176,0.0,-1.0,Haut-Sassandra,Cacao,Limoneux,Pluies,202.3,26.6,82.5,0,1.72
2022-08-20,2022,8,3,232,-0.866,-0.5,Haut-Sassandra,Cacao,Limoneux,Seche,40.8,29.3,64.8,1,1.04
2022-03-26,2022,3,1,85,1.0,0.0,Haut-Sassandra,Manioc,Limoneux,Seche,0.0,34.5,78.2,0,11.89
2022-04-30,2022,4,2,120,0.866,-0.5,Haut-Sassandra,Maïs,Limoneux,Seche,55.4,29.2,77.1,1,1.18
2022-10-08,2022,10,4,281,-0.866,0.5,Nawa,Anacarde,Limoneux,Pluies,165.1,24.4,86.1,0,0.57
2022-09-12,2022,9,3,255,-1.0,-0.0,Nawa,Maïs,Limoneux,Pluies,264.0,29.0,89.7,1,1.13
2023-11-08,2023,11,4,312,-0.5,0.866,Nawa,Cacao,Argileux,Seche,38.6,28.3,80.7,0,1.17
2022-10-24,2022,10,4,297,-0.866,0.5,Nawa,Cacao,Limoneux,Pluies,168.7,25.8,80.8,0,1.64
2023-01-28,2023,1,1,28,0.5,0.866,Haut-Sassandra,Maïs,Limoneux,Seche,21.4,31.1,65.5,0,1.3
2021-10-16,2021,10,4,289,-0.866,0.5,Poro,Anacarde,Sablonneux,Seche,17.2,35.4,49.0,0,0.83
2024-12-08,2024,12,4,343,-0.0,1.0,Haut-Sassandra,Manioc,Limoneux,Seche,61.8,30.4,72.1,0,11.36
2022-12-22,2022,12,4,356,-0.0,1.0,Poro,Maïs,Argileux,Seche,19.2,31.6,41.1,0,1.22
2022-09-30,2022,9,3,273,-1.0,-0.0,Poro,Manioc,Sablonneux,Pluies,148.4,28.8,66.7,0,9.75
2021-08-23,2021,8,3,235,-0.866,-0.5,Haut-Sassandra,Maïs,Argileux,Seche,53.7,27.6,64.7,1,1.25
2022-02-20,2022,2,1,51,0.866,0.5,Poro,Anacarde,Sablonneux,Seche,15.2,40.0,34.8,0,0.69
2023-07-27,2023,7,3,208,-0.5,-0.866,Haut-Sassandra,Manioc,Argileux,Pluies,172.9,26.7,86.0,0,16.86
2022-05-14,2022,5,2,134,0.5,-0.866,Nawa,Cacao,Argileux,Pluies,201.9,25.9,89.9,1,1.75
2023-09-01,2023,9,3,244,-1.0,-0.0,Poro,Maïs,Sablonneux,Pluies,168.0,26.5,80.2,0,1.9
2022-09-26,2022,9,3,269,-1.0,-0.0,Haut-Sassandra,Cacao,Limoneux,Pluies,136.5,27.0,84.8,1,1.68
2023-10-17,2023,10,4,290,-0.866,0.5,Nawa,Cacao,Argileux,Pluies,176.4,25.9,90.2,0,1.7
2021-04-25,2021,4,2,115,0.866,-0.5,Haut-Sassandra,Cacao,Limoneux,Seche,72.7,29.9,61.1,1,1.09
2023-07-21,2023,7,3,202,-0.5,-0.866,Haut-Sassandra,Cacao,Argileux,Pluies,223.4,24.9,81.1,0,1.55
2022-11-05,2022,11,4,309,-0.5,0.866,Nawa,Cacao,Limoneux,Seche,40.2,33.7,65.8,0,1.12
2024-06-11,2024,6,2,163,0.0,-1.0,Haut-Sassandra,Manioc,Limoneux,Pluies,248.3,26.3,83.5,0,11.96
2023-11-01,2023,11,4,305,-0.5,0.866,Haut-Sassandra,Cacao,Argileux,Seche,21.9,29.3,65.5,0,1.18
2021-07-25,2021,7,3,206,-0.5,-0.866,Haut-Sassandra,Cacao,Limoneux,Pluies,153.0,25.7,89.0,0,1.65
2021-09-04,2021,9,3,247,-1.0,-0.0,Haut-Sassandra,Manioc,Argileux,Pluies,159.9,25.0,82.4,1,18.68
2023-01-28,2023,1,1,28,0.5,0.866,Poro,Manioc,Sablonneux,Seche,7.3,33.2,34.4,0,5.7
2024-02-25,2024,2,1,56,0.866,0.5,Poro,Anacarde,Limoneux,Seche,8.6,35.5,35.4,0,0.74
2021-05-27,2021,5,2,147,0.5,-0.866,Nawa,Manioc,Argileux,Pluies,165.5,22.8,83.9,1,11.62
2021-04-28,2021,4,2,118,0.866,-0.5,Haut-Sassandra,Cacao,Limoneux,Seche,50.3,31.7,64.2,1,1.04
2024-11-06,2024,11,4,311,-0.5,0.866,Haut-Sassandra,Manioc,Argileux,Seche,30.6,25.4,55.7,0,10.74
2022-02-16,2022,2,1,47,0.866,0.5,Haut-Sassandra,Maïs,Argileux,Seche,50.6,32.0,69.5,0,1.26
2021-12-29,2021,12,4,363,-0.0,1.0,Poro,Anacarde,Limoneux,Seche,10.8,34.1,40.4,0,0.81
2021-05-17,2021,5,2,137,0.5,-0.866,Haut-Sassandra,Cacao,Argileux,Pluies,51.3,27.6,89.2,1,1.08
2024-04-13,2024,4,2,104,0.866,-0.5,Nawa,Manioc,Argileux,Seche,18.0,31.3,71.9,1,12.15
2024-08-05,2024,8,3,218,-0.866,-0.5,Poro,Cacao,Sablonneux,Pluies,120.0,31.7,85.6,0,0.56
2023-08-16,2023,8,3,228,-0.866,-0.5,Nawa,Cacao,Argileux,Seche,60.2,32.8,70.1,1,1.15
2021-01-19,2021,1,1,19,0.5,0.866,Nawa,Maïs,Limoneux,Seche,42.6,32.8,78.2,0,1.34
2021-07-14,2021,7,3,195,-0.5,-0.866,Haut-Sassandra,Cacao,Argileux,Pluies,147.9,28.8,84.1,0,1.83
2021-11-26,2021,11,4,330,-0.5,0.866,Haut-Sassandra,Cacao,Argileux,Seche,49.4,29.9,72.8,0,1.06
2021-06-24,2021,6,2,175,0.0,-1.0,Poro,Anacarde,Sablonneux,Pluies,206.4,26.5,74.3,1,1.05
2023-09-29,2023,9,3,272,-1.0,-0.0,Nawa,Cacao,Argileux,Pluies,198.2,26.2,94.1,1,1.45
2022-03-25,2022,3,1,84,1.0,0.0,Haut-Sassandra,Cacao,Limoneux,Seche,19.0,27.4,70.0,0,1.18
2023-08-04,2023,8,3,216,-0.866,-0.5,Poro,Anacarde,Sablonneux,Pluies,152.6,26.7,84.1,0,1.1
2024-10-09,2024,10,4,283,-0.866,0.5,Haut-Sassandra,Maïs,Argileux,Pluies,218.9,25.5,84.2,0,1.69
2021-05-21,2021,5,2,141,0.5,-0.866,Nawa,Manioc,Argileux,Pluies,198.1,29.3,81.1,1,11.71
2023-01-28,2023,1,1,28,0.5,0.866,Nawa,Manioc,Limoneux,Seche,36.7,29.1,65.4,0,13.38
2023-07-19,2023,7,3,200,-0.5,-0.866,Nawa,Cacao,Argileux,Pluies,191.6,25.6,87.1,0,1.87
2021-04-03,2021,4,2,93,0.866,-0.5,Haut-Sassandra,Maïs,Limoneux,Seche,22.5,29.8,73.2,1,1.32
2021-08-27,2021,8,3,239,-0.866,-0.5,Haut-Sassandra,Cacao,Argileux,Seche,55.2,30.3,74.5,1,1.21
2021-07-24,2021,7,3,205,-0.5,-0.866,Haut-Sassandra,Maïs,Argileux,Pluies,201.8,24.8,89.7,0,2.0
2022-07-14,2022,7,3,195,-0.5,-0.866,Nawa,Maïs,Sablonneux,Pluies,122.9,26.5,89.3,0,1.51
2024-12-27,2024,12,4,362,-0.0,1.0,Haut-Sassandra,Manioc,Limoneux,Seche,48.0,29.5,66.4,0,12.23
2021-09-02,2021,9,3,245,-1.0,-0.0,Nawa,Cacao,Limoneux,Pluies,186.9,25.3,83.3,1,1.51
2023-04-12,2023,4,2,102,0.866,-0.5,Poro,Anacarde,Sablonneux,Seche,0.0,33.0,37.4,0,0.69
2024-09-02,2024,9,3,246,-1.0,-0.0,Haut-Sassandra,Cacao,Limoneux,Pluies,161.2,23.2,85.4,1,1.62
2023-07-14,2023,7,3,195,-0.5,-0.866,Haut-Sassandra,Anacarde,Limoneux,Pluies,193.2,26.6,85.2,0,0.61
2021-10-22,2021,10,4,295,-0.866,0.5,Nawa,Cacao,Limoneux,Pluies,120.9,27.7,89.4,0,1.77
2022-10-02,2022,10,4,275,-0.866,0.5,Nawa,Maïs,Sablonneux,Pluies,281.0,27.0,95.6,0,1.21
2023-05-06,2023,5,2,126,0.5,-0.866,Nawa,Cacao,Sablonneux,Pluies,231.9,25.8,86.0,1,0.99
2024-07-29,2024,7,3,211,-0.5,-0.866,Haut-Sassandra,Cacao,Argileux,Pluies,175.7,25.0,89.0,0,1.73
2021-01-17,2021,1,1,17,0.5,0.866,Haut-Sassandra,Cacao,Limoneux,Seche,76.2,27.1,72.7,0,1.13
2021-03-12,2021,3,1,71,1.0,0.0,Haut-Sassandra,Maïs,Sablonneux,Seche,34.4,27.4,61.2,0,1.15
2024-07-16,2024,7,3,198,-0.5,-0.866,Haut-Sassandra,Cacao,Sablonneux,Pluies,196.3,29.0,89.1,0,1.61
2024-09-10,2024,9,3,254,-1.0,-0.0,Nawa,Cacao,Limoneux,Pluies,221.0,27.6,87.0,1,1.77
2021-11-01,2021,11,4,305,-0.5,0.866,Poro,Cacao,Sablonneux,Seche,0.0,36.2,40.8,0,0.59
2023-10-28,2023,10,4,301,-0.866,0.5,Haut-Sassandra,Cacao,Limoneux,Pluies,107.0,27.0,80.8,0,1.17
2024-08-30,2024,8,3,243,-0.866,-0.5,Nawa,Manioc,Argileux,Seche,34.7,28.4,70.7,1,11.24
2023-03-28,2023,3,1,87,1.0,0.0,Nawa,Anacarde,Limoneux,Seche,30.3,30.0,70.9,0,0.44
2024-02-01,2024,2,1,32,0.866,0.5,Nawa,Anacarde,Limoneux,Seche,59.2,30.6,75.2,0,0.42
2023-04-01,2023,4,2,91,0.866,-0.5,Haut-Sassandra,Cacao,Argileux,Seche,42.8,27.4,68.7,1,1.06
2021-07-12,2021,7,3,193,-0.5,-0.866,Haut-Sassandra,Maïs,Limoneux,Pluies,231.7,26.3,84.3,0,1.09
2022-06-13,2022,6,2,164,0.0,-1.0,Nawa,Cacao,Sablonneux,Pluies,174.8,26.5,88.3,0,1.76
2021-06-20,2021,6,2,171,0.0,-1.0,Haut-Sassandra,Cacao,Argileux,Pluies,180.8,28.7,86.1,0,1.77
2021-09-08,2021,9,3,251,-1.0,-0.0,Haut-Sassandra,Anacarde,Limoneux,Pluies,149.7,25.1,84.5,1,0.52
2024-11-11,2024,11,4,316,-0.5,0.866,Poro,Maïs,Argileux,Seche,24.6,39.2,39.8,0,1.33
2024-05-15,2024,5,2,136,0.5,-0.866,Poro,Anacarde,Limoneux,Seche,23.3,33.5,49.6,1,0.75
2022-06-25,2022,6,2,176,0.0,-1.0,Nawa,Cacao,Argileux,Pluies,230.0,27.7,90.2,0,1.51
2022-02-20,2022,2,1,51,0.866,0.5,Haut-Sassandra,Cacao,Argileux,Seche,21.1,33.2,65.8,0,1.3
2023-03-05,2023,3,1,64,1.0,0.0,Poro,Anacarde,Limoneux,Seche,11.0,33.6,44.5,0,0.69
2024-11-04,2024,11,4,309,-0.5,0.866,Poro,Manioc,Limoneux,Seche,10.1,34.9,31.2,0,7.11
2024-03-13,2024,3,1,73,1.0,0.0,Haut-Sassandra,Anacarde,Argileux,Seche,58.4,28.4,58.2,0,0.41
2021-01-25,2021,1,1,25,0.5,0.866,Nawa,Manioc,Sablonneux,Seche,50.6,32.8,66.0,0,12.35
2022-10-30,2022,10,4,303,-0.866,0.5,Nawa,Cacao,Limoneux,Pluies,239.0,26.0,78.5,0,1.13
2024-01-02,2024,1,1,2,0.5,0.866,Nawa,Maïs,Sablonneux,Seche,38.6,30.4,67.1,0,1.3
2022-09-24,2022,9,3,267,-1.0,-0.0,Poro,Anacarde,Limoneux,Pluies,178.2,30.5,77.0,0,0.83
2024-01-22,2024,1,1,22,0.5,0.866,Nawa,Manioc,Limoneux,Seche,24.0,30.4,74.4,0,10.62
2022-05-20,2022,5,2,140,0.5,-0.866,Haut-Sassandra,Cacao,Limoneux,Pluies,103.9,25.8,89.7,1,1.08
2021-12-02,2021,12,4,336,-0.0,1.0,Nawa,Manioc,Sablonneux,Seche,51.2,28.7,64.1,0,12.11
2022-03-01,2022,3,1,60,1.0,0.0,Haut-Sassandra,Cacao,Argileux,Seche,17.1,30.6,79.4,0,1.21
2022-05-14,2022,5,2,134,0.5,-0.866,Haut-Sassandra,Maïs,Argileux,Pluies,186.1,27.9,85.7,1,2.0
2024-10-19,2024,10,4,293,-0.866,0.5,Poro,Anacarde,Argileux,Seche,18.5,32.2,24.9,1,0.78
2023-08-05,2023,8,3,217,-0.866,-0.5,Haut-Sassandra,Cacao,Argileux,Seche,73.2,29.0,63.8,1,1.12
2022-09-22,2022,9,3,265,-1.0,-0.0,Haut-Sassandra,Maïs,Limoneux,Pluies,241.4,24.8,81.8,1,1.33
2024-05-07,2024,5,2,128,0.5,-0.866,Nawa,Manioc,Argileux,Pluies,201.5,28.2,83.4,1,16.98
2022-12-19,2022,12,4,353,-0.0,1.0,Nawa,Cacao,Limoneux,Seche,25.1,27.8,66.8,0,1.09
2024-12-07,2024,12,4,342,-0.0,1.0,Poro,Manioc,Sablonneux,Seche,7.5,33.3,25.3,0,5.59
2021-12-05,2021,12,4,339,-0.0,1.0,Nawa,Cacao,Sablonneux,Seche,35.3,30.9,57.5,0,1.09
2022-10-21,2022,10,4,294,-0.866,0.5,Nawa,Cacao,Argileux,Pluies,181.4,27.2,86.9,0,1.62
2023-08-20,2023,8,3,232,-0.866,-0.5,Haut-Sassandra,Cacao,Limoneux,Seche,59.1,29.7,61.5,1,1.06
2022-03-05,2022,3,1,64,1.0,0.0,Haut-Sassandra,Manioc,Limoneux,Seche,22.0,30.1,74.6,0,13.18
2023-06-18,2023,6,2,169,0.0,-1.0,Haut-Sassandra,Manioc,Argileux,Pluies,192.7,28.3,91.7,0,16.87
2021-05-19,2021,5,2,139,0.5,-0.866,Poro,Anacarde,Argileux,Seche,8.1,35.4,51.3,1,0.74
2023-07-31,2023,7,3,212,-0.5,-0.866,Haut-Sassandra,Maïs,Sablonneux,Pluies,184.0,28.8,87.5,0,2.08
2022-06-26,2022,6,2,177,0.0,-1.0,Poro,Anacarde,Limoneux,Pluies,130.9,29.6,74.1,1,0.69
2021-02-26,2021,2,1,57,0.866,0.5,Nawa,Maïs,Argileux,Seche,7.3,29.3,68.1,0,1.35
2024-06-09,2024,6,2,161,0.0,-1.0,Haut-Sassandra,Cacao,Limoneux,Pluies,156.0,23.6,87.9,0,1.96
2022-10-20,2022,10,4,293,-0.866,0.5,Haut-Sassandra,Cacao,Sablonneux,Pluies,206.2,24.1,84.8,0,1.71
2022-03-11,2022,3,1,70,1.0,0.0,Poro,Maïs,Sablonneux,Seche,1.8,32.1,31.5,0,1.23
2022-01-19,2022,1,1,19,0.5,0.866,Poro,Anacarde,Argileux,Seche,17.4,32.8,32.1,0,0.75
2022-07-14,2022,7,3,195,-0.5,-0.866,Haut-Sassandra,Cacao,Limoneux,Pluies,144.7,24.1,87.8,0,1.5
2021-07-13,2021,7,3,194,-0.5,-0.866,Haut-Sassandra,Manioc,Argileux,Pluies,151.7,29.6,83.2,0,13.61
2022-06-18,2022,6,2,169,0.0,-1.0,Haut-Sassandra,Cacao,Argileux,Pluies,127.2,26.6,88.6,0,1.43
2022-06-02,2022,6,2,153,0.0,-1.0,Haut-Sassandra,Anacarde,Limoneux,Pluies,117.2,26.3,89.7,0,0.64
2022-12-17,2022,12,4,351,-0.0,1.0,Haut-Sassandra,Maïs,Argileux,Seche,10.6,30.7,57.8,0,1.31
2023-01-21,2023,1,1,21,0.5,0.866,Nawa,Anacarde,Limoneux,Seche,74.2,30.0,69.8,0,0.4
2021-07-04,2021,7,3,185,-0.5,-0.866,Poro,Manioc,Sablonneux,Pluies,177.2,27.9,70.8,0,8.21
2021-10-19,2021,10,4,292,-0.866,0.5,Haut-Sassandra,Cacao,Sablonneux,Pluies,170.9,24.8,77.8,0,1.45
2024-09-20,2024,9,3,264,-1.0,-0.0,Haut-Sassandra,Cacao,Argileux,Pluies,165.9,27.3,86.4,1,1.71
2023-01-02,2023,1,1,2,0.5,0.866,Haut-Sassandra,Cacao,Argileux,Seche,75.2,29.0,69.4,0,1.19
2021-04-26,2021,4,2,116,0.866,-0.5,Haut-Sassandra,Manioc,Argileux,Seche,22.2,29.5,67.9,1,13.22
2023-04-05,2023,4,2,95,0.866,-0.5,Poro,Anacarde,Sablonneux,Seche,6.3,28.9,42.8,0,0.77
2023-12-09,2023,12,4,343,-0.0,1.0,Haut-Sassandra,Cacao,Limoneux,Seche,61.9,25.8,65.0,0,1.17
2022-11-16,2022,11,4,320,-0.5,0.866,Nawa,Manioc,Limoneux,Seche,57.2,27.0,63.9,0,11.27
2021-03-23,2021,3,1,82,1.0,0.0,Nawa,Anacarde,Sablonneux,Seche,58.1,30.7,77.4,0,0.38
2023-04-14,2023,4,2,104,0.866,-0.5,Poro,Anacarde,Argileux,Seche,0.0,36.1,45.3,0,0.76
2021-11-29,2021,11,4,333,-0.5,0.866,Poro,Anacarde,Argileux,Seche,17.6,29.5,50.9,0,0.76
2022-07-11,2022,7,3,192,-0.5,-0.866,Haut-Sassandra,Anacarde,Argileux,Pluies,206.2,29.8,89.2,0,0.39
2021-12-01,2021,12,4,335,-0.0,1.0,Poro,Anacarde,Sablonneux,Seche,6.7,31.3,39.1,0,0.77
2022-06-16,2022,6,2,167,0.0,-1.0,Poro,Maïs,Sablonneux,Pluies,155.3,27.2,69.2,1,1.91
2021-08-09,2021,8,3,221,-0.866,-0.5,Nawa,Cacao,Sablonneux,Seche,67.2,27.3,78.4,1,1.23
2022-09-27,2022,9,3,270,-1.0,-0.0,Haut-Sassandra,Manioc,Limoneux,Pluies,100.4,26.5,86.5,1,12.62
2021-11-19,2021,11,4,323,-0.5,0.866,Haut-Sassandra,Maïs,Argileux,Seche,67.6,30.9,59.9,0,1.26
2021-01-03,2021,1,1,3,0.5,0.866,Nawa,Cacao,Argileux,Seche,28.4,29.5,72.0,0,1.13
2021-07-25,2021,7,3,206,-0.5,-0.866,Nawa,Manioc,Argileux,Pluies,104.3,25.6,86.1,0,13.73
2021-02-09,2021,2,1,40,0.866,0.5,Haut-Sassandra,Cacao,Sablonneux,Seche,49.3,30.8,66.8,0,1.29
2021-02-28,2021,2,1,59,0.866,0.5,Haut-Sassandra,Manioc,Argileux,Seche,54.3,24.7,67.1,1,9.04
2023-08-09,2023,8,3,221,-0.866,-0.5,Haut-Sassandra,Cacao,Limoneux,Seche,44.5,30.7,58.0,1,1.08
2022-07-28,2022,7,3,209,-0.5,-0.866,Haut-Sassandra,Cacao,Argileux,Pluies,219.9,26.0,89.0,0,1.75
2022-10-06,2022,10,4,279,-0.866,0.5,Poro,Anacarde,Argileux,Seche,25.0,38.1,40.3,0,0.86
2023-04-23,2023,4,2,113,0.866,-0.5,Poro,Cacao,Sablonneux,Seche,5.7,34.8,54.8,0,0.64
2024-02-20,2024,2,1,51,0.866,0.5,Nawa,Cacao,Argileux,Seche,54.3,30.7,74.0,0,1.06
2022-09-11,2022,9,3,254,-1.0,-0.0,Nawa,Cacao,Limoneux,Pluies,206.0,28.2,86.6,1,1.34
2021-04-06,2021,4,2,96,0.866,-0.5,Poro,Anacarde,Limoneux,Seche,11.5,38.5,35.6,0,0.82
2024-12-08,2024,12,4,343,-0.0,1.0,Haut-Sassandra,Maïs,Limoneux,Seche,44.6,30.2,75.9,0,1.1
2024-06-12,2024,6,2,164,0.0,-1.0,Haut-Sassandra,Manioc,Argileux,Pluies,217.0,24.5,94.2,0,16.39
2023-06-17,2023,6,2,168,0.0,-1.0,Nawa,Maïs,Argileux,Pluies,225.3,29.3,89.9,0,1.37
2023-12-22,2023,12,4,356,-0.0,1.0,Nawa,Cacao,Argileux,Seche,83.5,29.4,78.5,0,0.98
2024-07-03,2024,7,3,185,-0.5,-0.866,Poro,Maïs,Sablonneux,Pluies,115.2,26.3,81.8,0,1.98
2022-07-15,2022,7,3,196,-0.5,-0.866,Haut-Sassandra,Cacao,Argileux,Pluies,160.7,25.2,85.5,0,1.51
2023-06-24,2023,6,2,175,0.0,-1.0,Nawa,Maïs,Limoneux,Pluies,221.1,25.6,84.0,0,1.83
2021-12-14,2021,12,4,348,-0.0,1.0,Haut-Sassandra,Manioc,Sablonneux,Seche,64.9,30.2,69.1,0,12.17
2022-11-02,2022,11,4,306,-0.5,0.866,Haut-Sassandra,Cacao,Argileux,Seche,68.6,27.3,65.0,0,1.2
2024-02-22,2024,2,1,53,0.866,0.5,Nawa,Cacao,Limoneux,Seche,16.2,28.4,69.0,0,1.12
2021-11-13,2021,11,4,317,-0.5,0.866,Poro,Anacarde,Limoneux,Seche,10.9,31.6,32.1,0,0.86
2022-12-20,2022,12,4,354,-0.0,1.0,Haut-Sassandra,Cacao,Sablonneux,Seche,6.9,29.8,55.2,0,1.02
2023-12-08,2023,12,4,342,-0.0,1.0,Nawa,Cacao,Sablonneux,Seche,43.6,29.6,70.0,0,1.2
2024-12-03,2024,12,4,338,-0.0,1.0,Poro,Anacarde,Limoneux,Seche,10.3,30.7,56.5,0,0.92
2024-03-05,2024,3,1,65,1.0,0.0,Haut-Sassandra,Manioc,Argileux,Seche,74.7,30.0,63.9,0,12.11
2024-05-09,2024,5,2,130,0.5,-0.866,Haut-Sassandra,Manioc,Argileux,Pluies,187.0,24.0,82.6,1,18.58
2021-09-07,2021,9,3,250,-1.0,-0.0,Nawa,Manioc,Limoneux,Pluies,124.4,26.4,86.2,1,18.02
2021-11-10,2021,11,4,314,-0.5,0.866,Haut-Sassandra,Anacarde,Sablonneux,Seche,37.5,32.4,66.2,0,0.4
2024-10-23,2024,10,4,297,-0.866,0.5,Haut-Sassandra,Cacao,Argileux,Pluies,175.8,25.7,92.6,0,1.79
2024-12-23,2024,12,4,358,-0.0,1.0,Nawa,Maïs,Argileux,Seche,48.4,27.4,67.6,0,1.21
2023-03-18,2023,3,1,77,1.0,0.0,Haut-Sassandra,Cacao,Limoneux,Seche,37.3,28.5,66.8,0,1.09
2024-08-30,2024,8,3,243,-0.866,-0.5,Poro,Anacarde,Sablonneux,Pluies,102.1,29.1,77.0,0,0.79
2024-10-10,2024,10,4,284,-0.866,0.5,Poro,Manioc,Sablonneux,Seche,5.0,36.6,37.8,0,5.41
2022-04-30,2022,4,2,120,0.866,-0.5,Nawa,Manioc,Limoneux,Seche,64.8,32.7,65.9,1,10.27
2024-05-19,2024,5,2,140,0.5,-0.866,Nawa,Maïs,Argileux,Pluies,171.9,25.4,88.8,1,1.38
2021-02-13,2021,2,1,44,0.866,0.5,Nawa,Cacao,Sablonneux,Seche,56.2,31.2,60.7,0,0.97
2022-07-25,2022,7,3,206,-0.5,-0.866,Poro,Manioc,Limoneux,Pluies,182.4,25.2,80.1,0,8.95
2022-08-06,2022,8,3,218,-0.866,-0.5,Haut-Sassandra,Cacao,Argileux,Seche,66.9,31.1,61.3,1,1.09
2024-01-21,2024,1,1,21,0.5,0.866,Nawa,Anacarde,Sablonneux,Seche,51.3,29.6,58.9,0,0.33
2024-07-12,2024,7,3,194,-0.5,-0.866,Poro,Anacarde,Sablonneux,Pluies,160.1,30.5,77.8,0,0.72
2023-06-14,2023,6,2,165,0.0,-1.0,Nawa,Cacao,Sablonneux,Pluies,134.8,24.7,84.0,1,1.85
2021-08-08,2021,8,3,220,-0.866,-0.5,Haut-Sassandra,Manioc,Argileux,Seche,108.4,31.7,60.9,1,11.51
2023-07-14,2023,7,3,195,-0.5,-0.866,Nawa,Manioc,Argileux,Pluies,222.5,26.3,84.6,0,16.15
2022-02-05,2022,2,1,36,0.866,0.5,Haut-Sassandra,Manioc,Limoneux,Seche,44.4,28.7,59.9,0,11.45
2024-11-24,2024,11,4,329,-0.5,0.866,Haut-Sassandra,Manioc,Limoneux,Seche,9.6,30.0,69.4,0,12.18
2022-12-28,2022,12,4,362,-0.0,1.0,Poro,Anacarde,Sablonneux,Seche,27.3,32.0,50.3,0,0.77
2023-09-18,2023,9,3,261,-1.0,-0.0,Nawa,Cacao,Limoneux,Pluies,223.8,28.1,90.6,1,1.54
2023-06-18,2023,6,2,169,0.0,-1.0,Nawa,Cacao,Argileux,Pluies,147.6,26.7,90.2,0,1.85
2023-05-08,2023,5,2,128,0.5,-0.866,Nawa,Anacarde,Argileux,Pluies,167.6,28.2,79.2,1,0.53
2023-03-15,2023,3,1,74,1.0,0.0,Nawa,Cacao,Argileux,Seche,77.5,33.2,52.5,0,1.26
2022-05-05,2022,5,2,125,0.5,-0.866,Nawa,Cacao,Argileux,Pluies,205.3,29.0,83.5,1,1.56
2023-07-27,2023,7,3,208,-0.5,-0.866,Haut-Sassandra,Manioc,Argileux,Pluies,261.3,30.1,83.1,0,11.85
2023-04-24,2023,4,2,114,0.866,-0.5,Haut-Sassandra,Manioc,Limoneux,Seche,25.0,30.2,59.1,1,13.24
2024-07-16,2024,7,3,198,-0.5,-0.866,Nawa,Manioc,Limoneux,Pluies,158.2,24.1,81.7,0,17.58
2021-09-24,2021,9,3,267,-1.0,-0.0,Haut-Sassandra,Maïs,Limoneux,Pluies,191.3,31.2,85.9,1,1.32
2021-02-23,2021,2,1,54,0.866,0.5,Nawa,Maïs,Argileux,Seche,50.6,26.0,78.4,0,1.22
2022-06-12,2022,6,2,163,0.0,-1.0,Nawa,Anacarde,Argileux,Pluies,272.8,26.3,88.9,1,0.4
2022-09-08,2022,9,3,251,-1.0,-0.0,Nawa,Manioc,Limoneux,Pluies,201.3,26.7,88.3,1,15.7
2023-12-19,2023,12,4,353,-0.0,1.0,Nawa,Cacao,Limoneux,Seche,87.6,29.1,72.6,0,0.99
2023-11-30,2023,11,4,334,-0.5,0.866,Poro,Anacarde,Sablonneux,Seche,0.0,33.0,37.0,0,0.71
2024-06-14,2024,6,2,166,0.0,-1.0,Haut-Sassandra,Maïs,Limoneux,Pluies,195.1,26.1,80.6,1,1.8
2023-08-13,2023,8,3,225,-0.866,-0.5,Haut-Sassandra,Manioc,Argileux,Seche,30.7,27.5,61.4,1,11.56
2022-01-21,2022,1,1,21,0.5,0.866,Haut-Sassandra,Anacarde,Argileux,Seche,84.9,28.8,65.7,0,0.39
2023-01-04,2023,1,1,4,0.5,0.866,Nawa,Cacao,Limoneux,Seche,50.1,24.5,60.6,0,1.07
2022-12-17,2022,12,4,351,-0.0,1.0,Haut-Sassandra,Cacao,Argileux,Seche,42.3,33.5,72.6,0,1.32
2022-10-12,2022,10,4,285,-0.866,0.5,Poro,Anacarde,Limoneux,Seche,13.7,31.4,48.3,0,0.69
2021-10-27,2021,10,4,300,-0.866,0.5,Haut-Sassandra,Cacao,Argileux,Pluies,241.8,27.4,89.3,0,1.28
2022-01-30,2022,1,1,30,0.5,0.866,Nawa,Manioc,Limoneux,Seche,30.3,28.1,67.7,0,12.64
2024-05-15,2024,5,2,136,0.5,-0.866,Haut-Sassandra,Maïs,Sablonneux,Pluies,199.9,27.4,89.0,1,1.85
2024-09-21,2024,9,3,265,-1.0,-0.0,Poro,Anacarde,Argileux,Pluies,88.0,29.7,78.9,0,0.86
2022-08-16,2022,8,3,228,-0.866,-0.5,Haut-Sassandra,Manioc,Limoneux,Seche,47.0,27.8,74.9,1,9.47
2022-05-29,2022,5,2,149,0.5,-0.866,Haut-Sassandra,Cacao,Argileux,Pluies,133.0,25.9,84.3,1,1.73
2024-04-16,2024,4,2,107,0.866,-0.5,Haut-Sassandra,Manioc,Argileux,Seche,11.9,31.6,71.4,1,9.79
2022-01-31,2022,1,1,31,0.5,0.866,Nawa,Manioc,Argileux,Seche,36.0,31.7,67.3,0,12.8
2022-01-06,2022,1,1,6,0.5,0.866,Poro,Anacarde,Sablonneux,Seche,12.0,35.2,39.3,1,0.69
2023-05-08,2023,5,2,128,0.5,-0.866,Haut-Sassandra,Manioc,Argileux,Pluies,156.1,24.0,86.7,1,16.85
2023-03-02,2023,3,1,61,1.0,0.0,Haut-Sassandra,Cacao,Limoneux,Seche,38.0,31.4,68.2,0,1.15
2022-10-20,2022,10,4,293,-0.866,0.5,Haut-Sassandra,Maïs,Argileux,Pluies,241.6,27.5,93.3,0,1.41
2024-09-03,2024,9,3,247,-1.0,-0.0,Haut-Sassandra,Cacao,Limoneux,Pluies,225.3,28.2,77.9,1,1.79
2023-01-06,2023,1,1,6,0.5,0.866,Poro,Maïs,Sablonneux,Seche,10.5,31.7,51.1,0,1.25
2024-10-24,2024,10,4,298,-0.866,0.5,Nawa,Cacao,Sablonneux,Pluies,248.1,30.3,88.8,0,1.25
2022-01-19,2022,1,1,19,0.5,0.866,Poro,Maïs,Sablonneux,Seche,19.4,30.5,31.8,0,1.38
2021-03-03,2021,3,1,62,1.0,0.0,Haut-Sassandra,Maïs,Argileux,Seche,35.5,29.2,75.5,0,1.19
2022-05-20,2022,5,2,140,0.5,-0.866,Nawa,Cacao,Argileux,Pluies,215.9,24.6,83.2,1,1.47
2021-08-27,2021,8,3,239,-0.866,-0.5,Nawa,Cacao,Argileux,Seche,65.8,32.5,75.3,1,1.04
2021-07-14,2021,7,3,195,-0.5,-0.866,Nawa,Manioc,Argileux,Pluies,190.1,28.5,88.4,0,16.31
2022-11-09,2022,11,4,313,-0.5,0.866,Haut-Sassandra,Cacao,Argileux,Seche,38.1,27.2,67.3,1,1.07
2024-05-30,2024,5,2,151,0.5,-0.866,Haut-Sassandra,Cacao,Argileux,Pluies,242.3,25.7,92.3,0,1.13
2021-03-02,2021,3,1,61,1.0,0.0,Poro,Anacarde,Sablonneux,Seche,0.0,39.3,49.6,0,0.78
2024-02-27,2024,2,1,58,0.866,0.5,Nawa,Maïs,Limoneux,Seche,32.9,29.9,65.5,0,1.19
2023-09-17,2023,9,3,260,-1.0,-0.0,Haut-Sassandra,Maïs,Limoneux,Pluies,202.4,29.0,84.8,1,1.74
2022-11-16,2022,11,4,320,-0.5,0.866,Haut-Sassandra,Cacao,Limoneux,Seche,74.2,29.1,64.6,0,1.21
2021-06-05,2021,6,2,156,0.0,-1.0,Poro,Anacarde,Sablonneux,Pluies,166.1,23.0,75.7,1,1.07
2024-11-02,2024,11,4,307,-0.5,0.866,Poro,Anacarde,Sablonneux,Seche,15.9,31.6,55.2,0,0.77
2023-07-12,2023,7,3,193,-0.5,-0.866,Nawa,Manioc,Sablonneux,Pluies,155.1,28.4,89.5,0,17.07
2023-05-18,2023,5,2,138,0.5,-0.866,Haut-Sassandra,Manioc,Limoneux,Pluies,211.2,25.9,83.8,1,17.55
2023-06-22,2023,6,2,173,0.0,-1.0,Haut-Sassandra,Cacao,Argileux,Pluies,179.2,27.2,94.6,0,1.5
2023-09-26,2023,9,3,269,-1.0,-0.0,Nawa,Cacao,Argileux,Pluies,148.2,25.8,92.0,1,1.71
2023-09-02,2023,9,3,245,-1.0,-0.0,Nawa,Anacarde,Argileux,Pluies,239.3,25.1,78.7,1,0.33
2024-05-15,2024,5,2,136,0.5,-0.866,Haut-Sassandra,Maïs,Argileux,Pluies,159.2,25.5,92.2,1,2.02
2022-01-23,2022,1,1,23,0.5,0.866,Haut-Sassandra,Cacao,Limoneux,Seche,41.2,29.1,81.2,0,1.07
2023-06-06,2023,6,2,157,0.0,-1.0,Nawa,Cacao,Argileux,Pluies,200.1,25.2,84.6,0,1.51
2023-04-18,2023,4,2,108,0.866,-0.5,Poro,Maïs,Argileux,Seche,20.1,33.1,40.3,1,1.36
2024-09-25,2024,9,3,269,-1.0,-0.0,Nawa,Maïs,Limoneux,Pluies,226.5,26.2,82.4,1,1.86
2021-12-06,2021,12,4,340,-0.0,1.0,Haut-Sassandra,Manioc,Argileux,Seche,39.7,33.5,60.7,0,11.56
2021-07-23,2021,7,3,204,-0.5,-0.866,Haut-Sassandra,Manioc,Argileux,Pluies,224.7,26.3,85.6,1,15.15
2021-06-10,2021,6,2,161,0.0,-1.0,Haut-Sassandra,Manioc,Limoneux,Pluies,233.9,29.3,81.0,0,13.31
2022-01-27,2022,1,1,27,0.5,0.866,Haut-Sassandra,Cacao,Limoneux,Seche,66.8,31.6,57.8,0,1.26
2023-02-08,2023,2,1,39,0.866,0.5,Poro,Anacarde,Limoneux,Seche,9.7,36.2,27.7,0,0.79
2022-07-29,2022,7,3,210,-0.5,-0.866,Haut-Sassandra,Manioc,Argileux,Pluies,156.6,27.2,87.8,0,16.17
2022-06-18,2022,6,2,169,0.0,-1.0,Nawa,Maïs,Sablonneux,Pluies,125.7,26.1,88.9,0,2.04
2023-12-30,2023,12,4,364,-0.0,1.0,Poro,Manioc,Sablonneux,Seche,6.8,33.3,46.4,0,6.33
2023-06-12,2023,6,2,163,0.0,-1.0,Poro,Maïs,Sablonneux,Pluies,169.8,28.6,73.2,1,1.97
2022-02-09,2022,2,1,40,0.866,0.5,Haut-Sassandra,Manioc,Argileux,Seche,31.5,30.5,66.5,0,11.38
2022-08-31,2022,8,3,243,-0.866,-0.5,Haut-Sassandra,Manioc,Limoneux,Seche,20.4,29.3,60.1,1,12.9
2023-04-08,2023,4,2,98,0.866,-0.5,Poro,Manioc,Sablonneux,Seche,16.1,27.5,32.6,0,6.57
2024-02-18,2024,2,1,49,0.866,0.5,Haut-Sassandra,Manioc,Argileux,Seche,32.5,31.5,63.2,0,10.26
2022-11-21,2022,11,4,325,-0.5,0.866,Nawa,Cacao,Argileux,Seche,55.1,31.5,72.6,0,1.22
2023-06-21,2023,6,2,172,0.0,-1.0,Nawa,Cacao,Argileux,Pluies,210.1,26.3,79.3,0,1.51
2024-05-25,2024,5,2,146,0.5,-0.866,Nawa,Cacao,Sablonneux,Pluies,241.4,27.7,84.1,1,1.12
2021-02-25,2021,2,1,56,0.866,0.5,Poro,Maïs,Argileux,Seche,16.9,31.8,43.7,0,1.24
2022-01-01,2022,1,1,1,0.5,0.866,Haut-Sassandra,Cacao,Limoneux,Seche,45.9,30.9,73.1,0,0.97
2022-03-31,2022,3,1,90,1.0,0.0,Nawa,Manioc,Argileux,Seche,46.4,27.7,67.6,0,11.49
2021-04-14,2021,4,2,104,0.866,-0.5,Haut-Sassandra,Maïs,Limoneux,Seche,70.5,24.6,75.8,1,1.14
2021-03-18,2021,3,1,77,1.0,0.0,Nawa,Cacao,Limoneux,Seche,21.3,27.1,65.3,0,1.09
2021-08-18,2021,8,3,230,-0.866,-0.5,Poro,Maïs,Sablonneux,Pluies,176.1,27.8,70.2,0,1.72
2024-07-05,2024,7,3,187,-0.5,-0.866,Nawa,Manioc,Limoneux,Pluies,154.6,23.7,89.9,0,18.27
2024-07-11,2024,7,3,193,-0.5,-0.866,Haut-Sassandra,Cacao,Argileux,Pluies,199.7,27.4,86.8,1,1.58
2021-11-27,2021,11,4,331,-0.5,0.866,Nawa,Maïs,Argileux,Seche,50.1,29.9,65.0,0,1.17
2024-04-20,2024,4,2,111,0.866,-0.5,Haut-Sassandra,Anacarde,Limoneux,Seche,32.3,28.9,60.7,1,0.39
2023-06-12,2023,6,2,163,0.0,-1.0,Poro,Anacarde,Argileux,Pluies,172.9,25.7,72.1,1,0.98
2022-11-19,2022,11,4,323,-0.5,0.866,Nawa,Cacao,Argileux,Seche,12.3,25.8,77.0,0,1.18
2021-01-27,2021,1,1,27,0.5,0.866,Nawa,Maïs,Argileux,Seche,62.3,32.2,73.5,0,1.21
2024-07-23,2024,7,3,205,-0.5,-0.866,Nawa,Maïs,Argileux,Pluies,134.2,27.3,87.7,0,1.92
2021-10-26,2021,10,4,299,-0.866,0.5,Poro,Anacarde,Sablonneux,Seche,14.5,31.0,47.0,0,0.71
2023-08-15,2023,8,3,227,-0.866,-0.5,Poro,Anacarde,Sablonneux,Pluies,85.0,26.7,74.4,0,0.85
2023-03-10,2023,3,1,69,1.0,0.0,Nawa,Cacao,Sablonneux,Seche,58.0,28.0,67.5,0,1.12
2024-01-20,2024,1,1,20,0.5,0.866,Haut-Sassandra,Manioc,Argileux,Seche,82.6,25.8,70.5,0,10.96
2022-04-25,2022,4,2,115,0.866,-0.5,Nawa,Manioc,Sablonneux,Seche,36.6,27.5,70.3,1,12.21
2022-07-27,2022,7,3,208,-0.5,-0.866,Nawa,Cacao,Argileux,Pluies,199.9,27.7,82.0,0,1.56
2022-04-03,2022,4,2,93,0.866,-0.5,Nawa,Cacao,Argileux,Seche,61.9,26.2,64.1,1,1.27
2021-12-31,2021,12,4,365,-0.0,1.0,Haut-Sassandra,Maïs,Argileux,Seche,5.8,26.1,65.1,0,1.35
2023-05-09,2023,5,2,129,0.5,-0.866,Nawa,Cacao,Argileux,Pluies,159.3,23.2,84.6,1,1.88
2021-12-17,2021,12,4,351,-0.0,1.0,Haut-Sassandra,Manioc,Limoneux,Seche,5.6,28.7,71.8,0,10.68
2024-11-24,2024,11,4,329,-0.5,0.866,Nawa,Manioc,Argileux,Seche,36.0,30.2,75.8,0,12.13
2021-09-10,2021,9,3,253,-1.0,-0.0,Poro,Anacarde,Limoneux,Pluies,147.5,27.3,82.2,0,1.11
2023-02-20,2023,2,1,51,0.866,0.5,Haut-Sassandra,Maïs,Limoneux,Seche,61.8,30.3,66.2,0,1.4
2023-03-14,2023,3,1,73,1.0,0.0,Nawa,Cacao,Argileux,Seche,65.0,27.5,66.0,0,1.24
2023-10-09,2023,10,4,282,-0.866,0.5,Nawa,Cacao,Argileux,Pluies,209.7,26.6,82.8,0,1.72
2022-04-04,2022,4,2,94,0.866,-0.5,Poro,Manioc,Sablonneux,Seche,13.1,32.5,49.1,0,5.56
2023-07-06,2023,7,3,187,-0.5,-0.866,Poro,Maïs,Limoneux,Pluies,129.5,24.4,71.1,0,2.0
2022-05-14,2022,5,2,134,0.5,-0.866,Haut-Sassandra,Maïs,Argileux,Pluies,161.3,23.8,88.5,1,1.66
2023-08-08,2023,8,3,220,-0.866,-0.5,Haut-Sassandra,Maïs,Limoneux,Seche,46.9,26.3,73.4,1,1.44
2022-05-23,2022,5,2,143,0.5,-0.866,Nawa,Cacao,Limoneux,Pluies,199.4,26.7,79.8,1,1.71
2024-08-20,2024,8,3,233,-0.866,-0.5,Haut-Sassandra,Cacao,Argileux,Seche,35.2,32.6,62.2,1,1.05
2022-05-16,2022,5,2,136,0.5,-0.866,Haut-Sassandra,Cacao,Argileux,Pluies,204.5,27.7,81.0,1,1.75
2023-03-14,2023,3,1,73,1.0,0.0,Nawa,Cacao,Limoneux,Seche,52.5,34.2,59.4,0,1.15
2022-08-21,2022,8,3,233,-0.866,-0.5,Haut-Sassandra,Manioc,Argileux,Seche,1.3,25.4,78.8,1,11.21
2021-06-15,2021,6,2,166,0.0,-1.0,Haut-Sassandra,Manioc,Limoneux,Pluies,170.1,28.2,87.1,0,16.35
2024-12-09,2024,12,4,344,-0.0,1.0,Haut-Sassandra,Manioc,Limoneux,Seche,50.9,34.4,68.9,0,12.44
2022-04-07,2022,4,2,97,0.866,-0.5,Haut-Sassandra,Manioc,Limoneux,Seche,39.6,29.4,61.3,1,11.31
2023-07-09,2023,7,3,190,-0.5,-0.866,Nawa,Anacarde,Limoneux,Pluies,102.9,30.4,89.0,0,0.36
2021-04-24,2021,4,2,114,0.866,-0.5,Nawa,Maïs,Argileux,Seche,26.0,30.5,64.1,1,1.25
2024-12-27,2024,12,4,362,-0.0,1.0,Nawa,Cacao,Limoneux,Seche,28.1,33.0,65.3,0,1.07
2023-09-19,2023,9,3,262,-1.0,-0.0,Haut-Sassandra,Cacao,Limoneux,Pluies,226.7,24.8,89.7,1,1.76
2024-10-11,2024,10,4,285,-0.866,0.5,Haut-Sassandra,Cacao,Argileux,Pluies,175.9,24.8,90.1,0,1.84
2021-07-26,2021,7,3,207,-0.5,-0.866,Poro,Anacarde,Sablonneux,Pluies,181.8,28.3,72.4,0,1.21
2024-06-12,2024,6,2,164,0.0,-1.0,Nawa,Cacao,Sablonneux,Pluies,214.9,24.3,79.0,0,1.77
2024-10-10,2024,10,4,284,-0.866,0.5,Haut-Sassandra,Maïs,Sablonneux,Pluies,204.1,27.0,74.1,0,1.78
2022-05-30,2022,5,2,150,0.5,-0.866,Haut-Sassandra,Anacarde,Argileux,Pluies,220.8,26.0,86.7,1,0.65
2024-05-16,2024,5,2,137,0.5,-0.866,Poro,Manioc,Sablonneux,Seche,29.4,33.6,40.6,1,5.87
2022-12-10,2022,12,4,344,-0.0,1.0,Poro,Anacarde,Limoneux,Seche,18.6,34.3,48.9,0,0.86
2024-02-23,2024,2,1,54,0.866,0.5,Nawa,Cacao,Argileux,Seche,75.3,30.5,58.0,0,1.29
2021-05-18,2021,5,2,138,0.5,-0.866,Haut-Sassandra,Cacao,Argileux,Pluies,161.0,25.0,88.5,1,1.6
2021-12-05,2021,12,4,339,-0.0,1.0,Nawa,Manioc,Sablonneux,Seche,53.6,29.2,72.7,0,11.87
2022-06-21,2022,6,2,172,0.0,-1.0,Nawa,Maïs,Limoneux,Pluies,173.3,26.3,80.6,0,1.63
2021-03-09,2021,3,1,68,1.0,0.0,Poro,Anacarde,Sablonneux,Seche,22.3,34.5,33.7,0,0.82
2022-01-18,2022,1,1,18,0.5,0.866,Haut-Sassandra,Cacao,Limoneux,Seche,72.1,30.0,70.8,0,0.94
2021-01-19,2021,1,1,19,0.5,0.866,Haut-Sassandra,Maïs,Sablonneux,Seche,46.9,31.7,64.2,0,1.4
2022-11-14,2022,11,4,318,-0.5,0.866,Poro,Cacao,Sablonneux,Seche,8.3,33.6,34.1,0,0.61
2021-03-15,2021,3,1,74,1.0,0.0,Poro,Manioc,Limoneux,Seche,32.9,33.5,39.5,0,5.82
2022-07-27,2022,7,3,208,-0.5,-0.866,Haut-Sassandra,Cacao,Argileux,Pluies,234.0,28.1,91.3,0,1.0
2023-07-28,2023,7,3,209,-0.5,-0.866,Haut-Sassandra,Manioc,Limoneux,Pluies,238.9,25.9,93.4,0,12.6
2024-07-23,2024,7,3,205,-0.5,-0.866,Haut-Sassandra,Manioc,Argileux,Pluies,192.4,28.0,87.3,0,15.89
2023-12-08,2023,12,4,342,-0.0,1.0,Poro,Manioc,Limoneux,Seche,16.5,35.1,39.8,0,5.04
2021-07-30,2021,7,3,211,-0.5,-0.866,Nawa,Manioc,Argileux,Pluies,238.2,24.5,90.5,0,12.46
2023-05-05,2023,5,2,125,0.5,-0.866,Poro,Anacarde,Sablonneux,Seche,6.4,35.3,36.4,1,0.72
2022-10-13,2022,10,4,286,-0.866,0.5,Nawa,Manioc,Limoneux,Pluies,232.7,26.2,94.2,0,13.04
2023-09-21,2023,9,3,264,-1.0,-0.0,Haut-Sassandra,Cacao,Sablonneux,Pluies,203.9,23.8,79.8,1,1.71
2022-11-26,2022,11,4,330,-0.5,0.866,Nawa,Cacao,Limoneux,Seche,41.0,30.8,65.0,0,1.16
2022-06-24,2022,6,2,175,0.0,-1.0,Haut-Sassandra,Cacao,Limoneux,Pluies,202.4,25.9,83.3,0,1.88
2024-04-29,2024,4,2,120,0.866,-0.5,Nawa,Manioc,Limoneux,Seche,36.7,29.3,77.7,1,11.76
2024-08-31,2024,8,3,244,-0.866,-0.5,Haut-Sassandra,Cacao,Limoneux,Seche,24.8,31.5,83.4,1,1.08
2023-06-20,2023,6,2,171,0.0,-1.0,Poro,Maïs,Argileux,Pluies,159.1,27.1,83.8,1,2.07
2023-02-19,2023,2,1,50,0.866,0.5,Poro,Manioc,Sablonneux,Seche,22.8,36.6,21.3,0,6.37
2024-02-11,2024,2,1,42,0.866,0.5,Poro,Maïs,Sablonneux,Seche,14.9,33.6,39.7,0,1.2
2021-06-19,2021,6,2,170,0.0,-1.0,Poro,Manioc,Limoneux,Pluies,148.0,29.1,85.2,1,6.2
2023-11-04,2023,11,4,308,-0.5,0.866,Poro,Anacarde,Sablonneux,Seche,6.4,31.4,40.6,0,0.78
2021-10-15,2021,10,4,288,-0.866,0.5,Nawa,Cacao,Sablonneux,Pluies,123.7,28.4,79.8,0,1.82
2021-07-08,2021,7,3,189,-0.5,-0.866,Poro,Anacarde,Limoneux,Pluies,170.6,25.7,79.9,0,1.03
2023-07-03,2023,7,3,184,-0.5,-0.866,Nawa,Cacao,Sablonneux,Pluies,217.3,27.3,83.8,0,1.63
2024-03-24,2024,3,1,84,1.0,0.0,Poro,Anacarde,Sablonneux,Seche,7.3,32.1,47.8,0,0.85
2022-11-25,2022,11,4,329,-0.5,0.866,Haut-Sassandra,Manioc,Argileux,Seche,39.4,26.2,80.4,0,12.02
2023-06-07,2023,6,2,158,0.0,-1.0,Nawa,Cacao,Argileux,Pluies,183.8,30.8,87.6,1,1.19
2022-04-16,2022,4,2,106,0.866,-0.5,Poro,Manioc,Sablonneux,Seche,17.4,33.4,53.2,0,5.73
2024-01-04,2024,1,1,4,0.5,0.866,Nawa,Cacao,Limoneux,Seche,86.7,26.2,74.5,0,1.07
2021-10-04,2021,10,4,277,-0.866,0.5,Nawa,Cacao,Argileux,Pluies,178.2,25.3,78.5,1,1.81
2023-07-29,2023,7,3,210,-0.5,-0.866,Haut-Sassandra,Cacao,Argileux,Pluies,186.8,24.6,87.3,0,1.64
2024-09-28,2024,9,3,272,-1.0,-0.0,Nawa,Maïs,Argileux,Pluies,167.4,25.8,84.5,1,1.59
2024-12-19,2024,12,4,354,-0.0,1.0,Poro,Anacarde,Limoneux,Seche,22.0,34.1,33.3,0,0.75
2022-07-25,2022,7,3,206,-0.5,-0.866,Poro,Manioc,Argileux,Pluies,167.8,26.3,77.1,0,9.54
2023-05-07,2023,5,2,127,0.5,-0.866,Poro,Anacarde,Sablonneux,Seche,15.5,28.2,37.9,1,0.8
2023-09-28,2023,9,3,271,-1.0,-0.0,Poro,Manioc,Argileux,Pluies,155.0,28.7,70.9,0,9.43
2024-04-20,2024,4,2,111,0.866,-0.5,Nawa,Cacao,Limoneux,Seche,41.2,29.3,63.4,1,1.03
2022-04-03,2022,4,2,93,0.866,-0.5,Poro,Cacao,Sablonneux,Seche,14.9,29.5,42.2,0,0.63
2023-07-07,2023,7,3,188,-0.5,-0.866,Haut-Sassandra,Manioc,Argileux,Pluies,212.7,26.6,86.9,0,19.47
2023-04-13,2023,4,2,103,0.866,-0.5,Nawa,Cacao,Argileux,Seche,29.9,25.8,72.0,1,1.17
2023-12-24,2023,12,4,358,-0.0,1.0,Poro,Manioc,Sablonneux,Seche,26.1,34.5,45.7,0,6.21
2023-04-19,2023,4,2,109,0.866,-0.5,Haut-Sassandra,Cacao,Argileux,Seche,37.7,29.4,70.0,1,1.18
2024-07-07,2024,7,3,189,-0.5,-0.866,Poro,Maïs,Sablonneux,Pluies,143.5,28.4,71.5,0,1.93
2021-07-12,2021,7,3,193,-0.5,-0.866,Nawa,Manioc,Sablonneux,Pluies,178.9,28.3,81.1,0,17.37
2022-09-08,2022,9,3,251,-1.0,-0.0,Nawa,Manioc,Limoneux,Pluies,178.7,26.1,81.5,1,15.94
2022-02-10,2022,2,1,41,0.866,0.5,Poro,Manioc,Sablonneux,Seche,18.7,34.5,27.7,0,6.92
2023-08-01,2023,8,3,213,-0.866,-0.5,Haut-Sassandra,Cacao,Argileux,Seche,19.4,26.8,60.8,1,1.07
2022-12-22,2022,12,4,356,-0.0,1.0,Haut-Sassandra,Maïs,Argileux,Seche,46.9,31.2,75.9,0,1.21
2021-04-03,2021,4,2,93,0.866,-0.5,Nawa,Cacao,Limoneux,Seche,57.1,31.8,73.2,1,1.06
2022-03-06,2022,3,1,65,1.0,0.0,Haut-Sassandra,Maïs,Limoneux,Seche,60.0,26.1,67.7,0,1.24
2022-10-16,2022,10,4,289,-0.866,0.5,Nawa,Cacao,Limoneux,Pluies,235.8,24.9,85.9,0,1.17
2024-12-28,2024,12,4,363,-0.0,1.0,Poro,Cacao,Limoneux,Seche,5.6,31.9,44.4,0,0.62
2024-11-28,2024,11,4,333,-0.5,0.866,Nawa,Cacao,Argileux,Seche,69.9,35.7,86.8,0,1.29
2022-03-10,2022,3,1,69,1.0,0.0,Nawa,Cacao,Limoneux,Seche,57.9,31.0,67.0,0,1.25
2024-02-10,2024,2,1,41,0.866,0.5,Haut-Sassandra,Cacao,Limoneux,Seche,46.5,31.1,71.3,0,1.05
2022-01-10,2022,1,1,10,0.5,0.866,Poro,Manioc,Argileux,Seche,7.1,34.3,44.1,0,5.8
2023-12-19,2023,12,4,353,-0.0,1.0,Nawa,Cacao,Limoneux,Seche,49.0,29.3,70.3,0,1.17
2023-12-03,2023,12,4,337,-0.0,1.0,Nawa,Anacarde,Argileux,Seche,43.2,32.7,64.8,0,0.4
2021-07-26,2021,7,3,207,-0.5,-0.866,Haut-Sassandra,Maïs,Limoneux,Pluies,213.5,26.9,87.2,0,1.88
2023-02-19,2023,2,1,50,0.866,0.5,Nawa,Cacao,Limoneux,Seche,70.9,31.9,67.4,0,1.06
2024-08-12,2024,8,3,225,-0.866,-0.5,Haut-Sassandra,Cacao,Argileux,Seche,64.0,28.8,62.6,1,1.11
2024-02-16,2024,2,1,47,0.866,0.5,Poro,Maïs,Argileux,Seche,12.4,32.3,39.4,0,1.28
2022-06-16,2022,6,2,167,0.0,-1.0,Poro,Anacarde,Limoneux,Pluies,182.8,28.0,89.1,1,1.17
2024-05-30,2024,5,2,151,0.5,-0.866,Poro,Anacarde,Limoneux,Seche,0.0,36.6,51.3,1,0.76
2021-06-15,2021,6,2,166,0.0,-1.0,Poro,Anacarde,Sablonneux,Pluies,153.9,29.4,73.7,1,0.79
2022-10-05,2022,10,4,278,-0.866,0.5,Nawa,Manioc,Sablonneux,Pluies,228.0,28.1,78.1,0,16.84
2024-03-25,2024,3,1,85,1.0,0.0,Haut-Sassandra,Manioc,Limoneux,Seche,41.5,34.7,61.2,0,12.87
2024-04-22,2024,4,2,113,0.866,-0.5,Poro,Manioc,Limoneux,Seche,4.5,36.8,36.4,0,5.36
2021-03-31,2021,3,1,90,1.0,0.0,Poro,Manioc,Limoneux,Seche,13.2,30.8,37.8,0,6.09
2024-01-23,2024,1,1,23,0.5,0.866,Haut-Sassandra,Cacao,Argileux,Seche,23.0,32.9,63.8,0,1.02
2021-01-13,2021,1,1,13,0.5,0.866,Nawa,Manioc,Limoneux,Seche,39.2,28.5,65.8,0,11.09
2023-08-31,2023,8,3,243,-0.866,-0.5,Nawa,Cacao,Sablonneux,Seche,26.8,24.3,78.2,1,1.02
2023-03-16,2023,3,1,75,1.0,0.0,Nawa,Cacao,Argileux,Seche,35.6,30.8,73.0,0,1.21
2023-08-03,2023,8,3,215,-0.866,-0.5,Nawa,Maïs,Argileux,Seche,19.1,34.0,68.8,0,1.33
2023-01-12,2023,1,1,12,0.5,0.866,Poro,Anacarde,Sablonneux,Seche,8.6,32.7,31.2,0,0.8
2023-05-26,2023,5,2,146,0.5,-0.866,Poro,Maïs,Argileux,Seche,27.3,32.2,49.1,1,1.24
2024-03-19,2024,3,1,79,1.0,0.0,Haut-Sassandra,Cacao,Limoneux,Seche,6.7,30.7,56.7,0,1.09
2022-10-22,2022,10,4,295,-0.866,0.5,Poro,Anacarde,Sablonneux,Seche,11.6,32.7,33.0,0,0.71
2023-10-29,2023,10,4,302,-0.866,0.5,Haut-Sassandra,Cacao,Argileux,Pluies,158.2,22.8,92.6,0,1.02
2023-11-19,2023,11,4,323,-0.5,0.866,Poro,Maïs,Argileux,Seche,3.2,34.0,48.9,0,1.35
2021-10-23,2021,10,4,296,-0.866,0.5,Poro,Manioc,Sablonneux,Seche,0.7,27.7,42.4,0,5.72
2023-09-13,2023,9,3,256,-1.0,-0.0,Haut-Sassandra,Cacao,Limoneux,Pluies,165.3,29.3,89.4,1,1.26
2023-07-15,2023,7,3,196,-0.5,-0.866,Nawa,Manioc,Argileux,Pluies,181.0,25.6,85.6,0,17.09
2022-10-02,2022,10,4,275,-0.866,0.5,Haut-Sassandra,Cacao,Limoneux,Pluies,229.0,25.5,86.3,0,1.68
2021-12-06,2021,12,4,340,-0.0,1.0,Nawa,Manioc,Limoneux,Seche,50.8,31.9,54.0,0,12.45
2022-09-20,2022,9,3,263,-1.0,-0.0,Nawa,Maïs,Limoneux,Pluies,187.5,26.9,93.4,1,1.52
2022-03-15,2022,3,1,74,1.0,0.0,Haut-Sassandra,Cacao,Argileux,Seche,58.7,27.3,73.3,0,1.09
2024-03-13,2024,3,1,73,1.0,0.0,Haut-Sassandra,Maïs,Argileux,Seche,50.5,29.2,67.7,0,1.22
2023-07-31,2023,7,3,212,-0.5,-0.866,Haut-Sassandra,Maïs,Argileux,Pluies,155.3,29.7,86.7,0,1.07
2023-04-10,2023,4,2,100,0.866,-0.5,Poro,Anacarde,Limoneux,Seche,11.1,36.3,28.6,0,0.8
2022-06-03,2022,6,2,154,0.0,-1.0,Haut-Sassandra,Cacao,Argileux,Pluies,145.0,25.1,86.9,0,1.65
2023-09-03,2023,9,3,246,-1.0,-0.0,Nawa,Maïs,Limoneux,Pluies,174.7,26.1,87.4,1,1.88
2023-12-05,2023,12,4,339,-0.0,1.0,Haut-Sassandra,Cacao,Argileux,Seche,40.6,31.5,76.1,0,1.08
2023-08-13,2023,8,3,225,-0.866,-0.5,Nawa,Cacao,Argileux,Seche,58.1,25.9,61.8,1,1.25
2024-06-16,2024,6,2,168,0.0,-1.0,Poro,Manioc,Limoneux,Pluies,121.0,28.3,61.5,1,8.35
2023-08-10,2023,8,3,222,-0.866,-0.5,Haut-Sassandra,Manioc,Sablonneux,Seche,78.4,30.9,66.5,1,12.47
2023-08-02,2023,8,3,214,-0.866,-0.5,Nawa,Cacao,Limoneux,Seche,19.6,31.8,65.2,1,0.94
2021-06-04,2021,6,2,155,0.0,-1.0,Nawa,Maïs,Argileux,Pluies,201.7,23.7,78.5,0,1.78
2024-04-19,2024,4,2,110,0.866,-0.5,Nawa,Anacarde,Argileux,Seche,98.9,27.6,68.5,1,0.34
2024-05-23,2024,5,2,144,0.5,-0.866,Haut-Sassandra,Manioc,Sablonneux,Pluies,206.2,28.4,80.3,1,19.21
2021-03-29,2021,3,1,88,1.0,0.0,Nawa,Cacao,Argileux,Seche,27.1,30.3,65.7,0,1.31
2024-07-03,2024,7,3,185,-0.5,-0.866,Nawa,Cacao,Sablonneux,Pluies,154.3,29.4,89.9,0,1.09
2024-01-02,2024,1,1,2,0.5,0.866,Poro,Anacarde,Sablonneux,Seche,12.0,34.6,42.9,0,0.71
2023-07-20,2023,7,3,201,-0.5,-0.866,Haut-Sassandra,Cacao,Argileux,Pluies,208.5,26.9,84.8,0,1.75
2021-06-28,2021,6,2,179,0.0,-1.0,Haut-Sassandra,Manioc,Argileux,Pluies,199.1,26.9,86.0,0,16.6
2021-07-31,2021,7,3,212,-0.5,-0.866,Nawa,Cacao,Sablonneux,Pluies,211.9,25.7,89.8,0,1.55
2024-06-11,2024,6,2,163,0.0,-1.0,Nawa,Cacao,Sablonneux,Pluies,133.7,24.1,81.6,0,1.63
2022-04-10,2022,4,2,100,0.866,-0.5,Haut-Sassandra,Cacao,Limoneux,Seche,70.7,31.1,69.8,1,1.12
2024-05-31,2024,5,2,152,0.5,-0.866,Poro,Anacarde,Sablonneux,Seche,4.7,34.0,26.4,1,0.77
2022-09-23,2022,9,3,266,-1.0,-0.0,Nawa,Cacao,Argileux,Pluies,211.6,27.8,83.4,1,1.58
2023-04-05,2023,4,2,95,0.866,-0.5,Haut-Sassandra,Cacao,Limoneux,Seche,8.8,33.2,68.2,1,1.03
2024-07-11,2024,7,3,193,-0.5,-0.866,Haut-Sassandra,Cacao,Argileux,Pluies,135.2,25.3,85.8,0,1.46
2024-05-15,2024,5,2,136,0.5,-0.866,Nawa,Cacao,Limoneux,Pluies,177.5,30.0,91.6,1,1.26
2022-08-30,2022,8,3,242,-0.866,-0.5,Poro,Anacarde,Sablonneux,Pluies,145.2,27.7,69.1,0,1.07
2023-06-04,2023,6,2,155,0.0,-1.0,Poro,Anacarde,Limoneux,Pluies,122.5,29.0,71.6,1,1.14
2022-01-01,2022,1,1,1,0.5,0.866,Poro,Maïs,Limoneux,Seche,18.8,34.2,35.3,0,1.12
2021-10-03,2021,10,4,276,-0.866,0.5,Poro,Anacarde,Argileux,Seche,2.3,34.2,33.2,0,0.76
2022-01-15,2022,1,1,15,0.5,0.866,Haut-Sassandra,Cacao,Limoneux,Seche,66.2,30.8,62.4,0,1.03
2024-08-25,2024,8,3,238,-0.866,-0.5,Haut-Sassandra,Maïs,Argileux,Seche,37.9,30.6,66.3,1,1.35
2024-07-15,2024,7,3,197,-0.5,-0.866,Nawa,Manioc,Sablonneux,Pluies,173.4,27.1,90.3,0,21.57
2023-08-03,2023,8,3,215,-0.866,-0.5,Poro,Maïs,Sablonneux,Pluies,190.8,29.9,78.7,0,1.15
2023-12-24,2023,12,4,358,-0.0,1.0,Nawa,Cacao,Limoneux,Seche,22.4,32.9,63.2,0,1.21
2023-03-21,2023,3,1,80,1.0,0.0,Nawa,Manioc,Sablonneux,Seche,32.4,30.9,63.6,0,10.71
2024-10-05,2024,10,4,279,-0.866,0.5,Nawa,Cacao,Argileux,Pluies,167.7,26.0,83.8,0,1.62
2023-07-14,2023,7,3,195,-0.5,-0.866,Haut-Sassandra,Cacao,Sablonneux,Pluies,158.3,24.9,86.7,0,1.67
2022-05-09,2022,5,2,129,0.5,-0.866,Poro,Maïs,Sablonneux,Seche,12.0,33.9,35.2,1,1.33
2024-01-27,2024,1,1,27,0.5,0.866,Poro,Anacarde,Limoneux,Seche,11.2,33.5,35.7,0,0.76
2023-12-31,2023,12,4,365,-0.0,1.0,Poro,Anacarde,Limoneux,Seche,6.3,33.8,41.2,0,0.82
2021-12-30,2021,12,4,364,-0.0,1.0,Nawa,Manioc,Argileux,Seche,48.2,29.0,69.0,0,12.71
2022-07-24,2022,7,3,205,-0.5,-0.866,Nawa,Cacao,Limoneux,Pluies,174.6,27.5,88.8,1,1.59
2023-02-02,2023,2,1,33,0.866,0.5,Haut-Sassandra,Manioc,Argileux,Seche,40.9,30.6,69.9,0,12.37
2021-10-03,2021,10,4,276,-0.866,0.5,Haut-Sassandra,Manioc,Limoneux,Pluies,251.5,23.7,81.5,0,11.11
2021-02-19,2021,2,1,50,0.866,0.5,Nawa,Cacao,Sablonneux,Seche,46.7,28.0,80.4,0,1.2
2024-10-13,2024,10,4,287,-0.866,0.5,Poro,Anacarde,Sablonneux,Seche,15.2,34.0,46.0,0,0.77
2022-12-29,2022,12,4,363,-0.0,1.0,Nawa,Cacao,Argileux,Seche,46.7,29.5,62.8,0,1.04
2023-06-25,2023,6,2,176,0.0,-1.0,Haut-Sassandra,Maïs,Argileux,Pluies,164.1,28.8,90.2,0,1.69
2023-07-17,2023,7,3,198,-0.5,-0.866,Haut-Sassandra,Cacao,Argileux,Pluies,184.4,24.9,78.9,0,1.55
2022-07-18,2022,7,3,199,-0.5,-0.866,Nawa,Manioc,Limoneux,Pluies,192.8,27.1,81.8,0,14.72
2023-02-22,2023,2,1,53,0.866,0.5,Haut-Sassandra,Manioc,Limoneux,Seche,52.4,30.1,67.4,0,11.43
2022-04-30,2022,4,2,120,0.866,-0.5,Poro,Maïs,Sablonneux,Seche,6.8,35.4,22.3,0,1.25
2024-01-13,2024,1,1,13,0.5,0.866,Haut-Sassandra,Cacao,Argileux,Seche,74.9,30.5,67.9,0,1.24
2022-08-07,2022,8,3,219,-0.866,-0.5,Poro,Anacarde,Limoneux,Pluies,157.2,28.9,82.2,0,1.19
2024-08-12,2024,8,3,225,-0.866,-0.5,Nawa,Cacao,Argileux,Seche,37.3,31.1,60.2,1,1.05
2021-08-24,2021,8,3,236,-0.866,-0.5,Haut-Sassandra,Manioc,Sablonneux,Seche,80.6,32.4,76.3,1,12.51
2021-02-25,2021,2,1,56,0.866,0.5,Nawa,Cacao,Argileux,Seche,59.5,29.3,65.3,0,1.2
2021-12-26,2021,12,4,360,-0.0,1.0,Nawa,Cacao,Limoneux,Seche,32.1,30.4,69.2,0,1.01
2021-04-20,2021,4,2,110,0.866,-0.5,Poro,Anacarde,Sablonneux,Seche,3.9,36.0,51.7,0,0.75
2021-07-11,2021,7,3,192,-0.5,-0.866,Haut-Sassandra,Cacao,Sablonneux,Pluies,200.2,27.3,93.8,0,1.73
2023-06-23,2023,6,2,174,0.0,-1.0,Haut-Sassandra,Cacao,Limoneux,Pluies,201.6,26.6,92.7,0,1.54
2024-01-22,2024,1,1,22,0.5,0.866,Nawa,Anacarde,Limoneux,Seche,69.3,27.6,58.8,0,0.37
2023-05-12,2023,5,2,132,0.5,-0.866,Nawa,Manioc,Argileux,Pluies,182.7,28.5,92.7,1,17.17
2022-07-22,2022,7,3,203,-0.5,-0.866,Poro,Maïs,Argileux,Pluies,129.1,31.3,70.1,0,1.32
2023-12-20,2023,12,4,354,-0.0,1.0,Haut-Sassandra,Cacao,Argileux,Seche,14.0,29.5,77.8,0,1.13
2022-10-12,2022,10,4,285,-0.866,0.5,Haut-Sassandra,Manioc,Argileux,Pluies,186.1,26.2,85.5,0,17.55
2021-02-08,2021,2,1,39,0.866,0.5,Nawa,Cacao,Sablonneux,Seche,87.4,28.3,65.2,0,1.1
2023-12-09,2023,12,4,343,-0.0,1.0,Haut-Sassandra,Manioc,Limoneux,Seche,57.6,33.3,68.3,0,11.54
2024-12-14,2024,12,4,349,-0.0,1.0,Nawa,Manioc,Argileux,Seche,47.7,30.8,69.8,0,12.39
2022-09-29,2022,9,3,272,-1.0,-0.0,Poro,Maïs,Sablonneux,Pluies,129.7,27.5,74.1,0,1.68
2023-11-03,2023,11,4,307,-0.5,0.866,Nawa,Cacao,Argileux,Seche,48.2,27.9,62.4,0,1.12
2021-02-05,2021,2,1,36,0.866,0.5,Poro,Anacarde,Limoneux,Seche,16.3,31.2,41.1,1,0.75
2021-04-11,2021,4,2,101,0.866,-0.5,Haut-Sassandra,Cacao,Limoneux,Seche,54.3,32.1,74.2,1,1.04
2024-01-15,2024,1,1,15,0.5,0.866,Haut-Sassandra,Cacao,Argileux,Seche,19.8,27.6,76.6,0,1.05
2024-05-31,2024,5,2,152,0.5,-0.866,Haut-Sassandra,Cacao,Argileux,Pluies,142.3,25.1,88.3,1,1.6
2024-09-23,2024,9,3,267,-1.0,-0.0,Haut-Sassandra,Cacao,Sablonneux,Pluies,214.0,27.1,84.8,1,1.58
2021-06-15,2021,6,2,166,0.0,-1.0,Poro,Anacarde,Limoneux,Pluies,145.8,27.5,75.0,1,1.2
2022-01-18,2022,1,1,18,0.5,0.866,Nawa,Cacao,Sablonneux,Seche,11.9,25.9,72.9,0,1.19
2024-10-31,2024,10,4,305,-0.866,0.5,Haut-Sassandra,Cacao,Limoneux,Pluies,249.5,25.3,80.6,0,0.98
2023-03-01,2023,3,1,60,1.0,0.0,Nawa,Manioc,Limoneux,Seche,34.8,34.7,67.3,0,11.86
2021-01-31,2021,1,1,31,0.5,0.866,Haut-Sassandra,Manioc,Argileux,Seche,53.0,33.1,71.6,0,11.4
2024-10-30,2024,10,4,304,-0.866,0.5,Poro,Anacarde,Sablonneux,Seche,13.1,35.9,46.0,0,0.85
2021-01-11,2021,1,1,11,0.5,0.866,Nawa,Manioc,Limoneux,Seche,88.8,28.1,66.4,1,12.55
2024-08-18,2024,8,3,231,-0.866,-0.5,Poro,Anacarde,Limoneux,Pluies,169.6,24.0,78.0,0,1.12
2021-04-06,2021,4,2,96,0.866,-0.5,Nawa,Cacao,Argileux,Seche,59.6,30.4,74.1,1,1.3
2024-04-28,2024,4,2,119,0.866,-0.5,Nawa,Maïs,Limoneux,Seche,41.4,35.9,75.5,1,1.3
2022-03-29,2022,3,1,88,1.0,0.0,Nawa,Cacao,Argileux,Seche,42.2,28.6,65.7,0,1.01
2021-07-11,2021,7,3,192,-0.5,-0.866,Nawa,Cacao,Argileux,Pluies,239.1,25.7,88.1,0,1.13
2022-05-01,2022,5,2,121,0.5,-0.866,Haut-Sassandra,Cacao,Limoneux,Pluies,184.6,30.2,85.6,1,1.02
2024-07-13,2024,7,3,195,-0.5,-0.866,Haut-Sassandra,Cacao,Argileux,Pluies,261.4,24.1,86.2,0,1.16
2024-12-18,2024,12,4,353,-0.0,1.0,Nawa,Maïs,Argileux,Seche,45.2,29.1,60.2,0,1.38
2024-02-26,2024,2,1,57,0.866,0.5,Haut-Sassandra,Cacao,Limoneux,Seche,36.9,29.0,67.5,0,1.08
2021-08-26,2021,8,3,238,-0.866,-0.5,Nawa,Cacao,Sablonneux,Seche,16.2,31.0,75.6,1,1.11
2024-10-10,2024,10,4,284,-0.866,0.5,Haut-Sassandra,Manioc,Limoneux,Pluies,204.7,26.4,88.0,1,17.63
2024-02-10,2024,2,1,41,0.866,0.5,Poro,Cacao,Sablonneux,Seche,16.3,32.3,48.1,0,0.55
2024-09-28,2024,9,3,272,-1.0,-0.0,Poro,Maïs,Limoneux,Pluies,172.6,26.9,75.4,0,1.9
2024-03-14,2024,3,1,74,1.0,0.0,Nawa,Cacao,Limoneux,Seche,37.0,29.0,70.9,0,1.15
2023-12-25,2023,12,4,359,-0.0,1.0,Nawa,Manioc,Limoneux,Seche,53.9,30.2,61.3,1,12.72
2024-06-24,2024,6,2,176,0.0,-1.0,Haut-Sassandra,Cacao,Argileux,Pluies,194.8,24.3,91.3,0,1.73
2023-01-05,2023,1,1,5,0.5,0.866,Haut-Sassandra,Cacao,Limoneux,Seche,22.5,30.7,69.8,1,1.02
2023-09-18,2023,9,3,261,-1.0,-0.0,Nawa,Manioc,Argileux,Pluies,119.2,27.7,85.9,1,16.44
2023-04-05,2023,4,2,95,0.866,-0.5,Haut-Sassandra,Maïs,Limoneux,Seche,35.1,30.5,72.8,1,1.27
2021-04-16,2021,4,2,106,0.866,-0.5,Haut-Sassandra,Anacarde,Sablonneux,Seche,46.6,30.0,69.5,1,0.41
2021-06-30,2021,6,2,181,0.0,-1.0,Nawa,Cacao,Limoneux,Pluies,192.5,24.6,80.1,0,1.68
2021-07-03,2021,7,3,184,-0.5,-0.866,Nawa,Manioc,Limoneux,Pluies,228.1,24.7,87.0,0,15.81
2021-08-14,2021,8,3,226,-0.866,-0.5,Nawa,Manioc,Sablonneux,Seche,99.4,29.9,70.0,1,12.41
2023-02-16,2023,2,1,47,0.866,0.5,Haut-Sassandra,Cacao,Limoneux,Seche,34.7,27.8,57.9,0,1.11
2023-03-01,2023,3,1,60,1.0,0.0,Nawa,Cacao,Limoneux,Seche,37.0,23.8,68.2,0,1.15
2024-01-18,2024,1,1,18,0.5,0.866,Haut-Sassandra,Maïs,Argileux,Seche,55.5,33.4,60.7,0,1.2
2022-11-19,2022,11,4,323,-0.5,0.866,Poro,Maïs,Sablonneux,Seche,14.3,38.1,41.0,0,1.12
2022-06-14,2022,6,2,165,0.0,-1.0,Nawa,Cacao,Limoneux,Pluies,212.7,27.4,86.9,0,1.64
2024-10-26,2024,10,4,300,-0.866,0.5,Nawa,Anacarde,Argileux,Pluies,223.1,26.7,82.3,0,0.6
2023-08-30,2023,8,3,242,-0.866,-0.5,Haut-Sassandra,Cacao,Argileux,Seche,37.7,27.2,78.6,1,1.02
2023-07-25,2023,7,3,206,-0.5,-0.866,Nawa,Cacao,Argileux,Pluies,185.0,29.2,87.7,0,1.15
2024-11-23,2024,11,4,328,-0.5,0.866,Haut-Sassandra,Cacao,Limoneux,Seche,30.6,30.7,59.2,0,1.11
2021-04-16,2021,4,2,106,0.866,-0.5,Haut-Sassandra,Cacao,Argileux,Seche,27.8,32.8,68.6,1,1.08
2024-07-18,2024,7,3,200,-0.5,-0.866,Poro,Anacarde,Sablonneux,Pluies,168.4,28.2,79.1,0,0.97
2023-04-11,2023,4,2,101,0.866,-0.5,Poro,Anacarde,Limoneux,Seche,17.2,36.5,33.4,0,0.66
2022-11-10,2022,11,4,314,-0.5,0.866,Haut-Sassandra,Manioc,Argileux,Seche,33.1,29.9,72.5,0,11.87
2023-04-29,2023,4,2,119,0.866,-0.5,Haut-Sassandra,Manioc,Argileux,Seche,26.8,35.0,67.1,1,11.91
2023-11-22,2023,11,4,326,-0.5,0.866,Poro,Anacarde,Sablonneux,Seche,10.2,26.5,33.2,0,0.88
2022-01-28,2022,1,1,28,0.5,0.866,Nawa,Cacao,Argileux,Seche,53.8,31.0,70.9,0,1.21
2021-02-09,2021,2,1,40,0.866,0.5,Poro,Anacarde,Sablonneux,Seche,0.0,32.2,42.2,0,0.73
2022-10-22,2022,10,4,295,-0.866,0.5,Poro,Anacarde,Sablonneux,Seche,16.4,36.4,36.8,0,0.93
2024-05-26,2024,5,2,147,0.5,-0.866,Nawa,Cacao,Argileux,Pluies,154.5,23.5,92.7,1,1.57
2023-09-08,2023,9,3,251,-1.0,-0.0,Haut-Sassandra,Cacao,Limoneux,Pluies,178.5,24.1,86.3,1,1.62
2024-01-11,2024,1,1,11,0.5,0.866,Poro,Anacarde,Sablonneux,Seche,3.6,35.3,63.9,0,0.7
2023-04-25,2023,4,2,115,0.866,-0.5,Poro,Maïs,Sablonneux,Seche,6.5,29.6,35.1,0,1.36
2021-07-20,2021,7,3,201,-0.5,-0.866,Poro,Anacarde,Argileux,Pluies,124.3,27.9,73.0,0,1.08
2022-03-23,2022,3,1,82,1.0,0.0,Nawa,Manioc,Sablonneux,Seche,32.5,29.9,69.2,0,13.31
2024-12-22,2024,12,4,357,-0.0,1.0,Nawa,Cacao,Limoneux,Seche,29.8,28.4,60.9,0,1.1
2023-11-28,2023,11,4,332,-0.5,0.866,Nawa,Cacao,Argileux,Seche,49.0,28.6,63.7,0,1.09
2024-05-19,2024,5,2,140,0.5,-0.866,Haut-Sassandra,Cacao,Argileux,Pluies,202.4,31.6,86.0,1,1.13
2022-03-20,2022,3,1,79,1.0,0.0,Poro,Anacarde,Sablonneux,Seche,9.7,37.8,43.5,0,0.82
2024-09-12,2024,9,3,256,-1.0,-0.0,Nawa,Manioc,Argileux,Pluies,196.0,25.2,86.4,1,15.5
2023-01-31,2023,1,1,31,0.5,0.866,Nawa,Cacao,Argileux,Seche,71.7,28.4,71.8,0,1.37
2021-08-15,2021,8,3,227,-0.866,-0.5,Nawa,Maïs,Argileux,Seche,62.4,35.1,67.6,1,1.42
2021-02-17,2021,2,1,48,0.866,0.5,Nawa,Cacao,Limoneux,Seche,11.8,27.5,69.4,0,1.31
2023-11-08,2023,11,4,312,-0.5,0.866,Nawa,Cacao,Limoneux,Seche,48.4,33.4,63.4,0,1.09
2023-07-01,2023,7,3,182,-0.5,-0.866,Haut-Sassandra,Maïs,Argileux,Pluies,239.8,25.3,89.9,0,1.27
2021-07-06,2021,7,3,187,-0.5,-0.866,Nawa,Cacao,Limoneux,Pluies,220.0,28.5,86.3,0,1.58
2021-12-11,2021,12,4,345,-0.0,1.0,Haut-Sassandra,Manioc,Argileux,Seche,50.7,31.6,72.5,0,11.79
2021-08-12,2021,8,3,224,-0.866,-0.5,Poro,Anacarde,Sablonneux,Pluies,174.3,28.2,72.3,0,0.99
2023-04-10,2023,4,2,100,0.866,-0.5,Nawa,Cacao,Argileux,Seche,84.8,32.3,67.1,1,1.11
2022-05-03,2022,5,2,123,0.5,-0.866,Haut-Sassandra,Cacao,Argileux,Pluies,190.3,26.2,92.6,1,1.62
2023-05-27,2023,5,2,147,0.5,-0.866,Poro,Anacarde,Limoneux,Seche,27.6,30.1,44.8,1,0.72
2023-04-29,2023,4,2,119,0.866,-0.5,Haut-Sassandra,Manioc,Limoneux,Seche,77.9,35.3,75.4,1,11.75
2024-06-06,2024,6,2,158,0.0,-1.0,Nawa,Anacarde,Limoneux,Pluies,194.7,25.2,86.8,0,0.56
2024-11-14,2024,11,4,319,-0.5,0.866,Nawa,Cacao,Argileux,Seche,38.7,29.9,67.9,0,1.04
2023-09-06,2023,9,3,249,-1.0,-0.0,Poro,Anacarde,Sablonneux,Pluies,182.3,29.1,70.4,0,0.74
2023-10-14,2023,10,4,287,-0.866,0.5,Haut-Sassandra,Manioc,Argileux,Pluies,196.2,27.5,83.8,0,17.83
2021-07-07,2021,7,3,188,-0.5,-0.866,Haut-Sassandra,Manioc,Limoneux,Pluies,139.7,25.6,87.0,0,17.42
2021-09-27,2021,9,3,270,-1.0,-0.0,Haut-Sassandra,Cacao,Argileux,Pluies,131.5,26.9,84.7,1,1.51
2021-11-06,2021,11,4,310,-0.5,0.866,Nawa,Cacao,Limoneux,Seche,42.5,29.7,67.1,0,1.31
2024-03-01,2024,3,1,61,1.0,0.0,Haut-Sassandra,Manioc,Limoneux,Seche,11.0,29.1,58.1,0,10.08
2024-01-01,2024,1,1,1,0.5,0.866,Haut-Sassandra,Cacao,Limoneux,Seche,20.7,30.3,71.7,0,1.05
2023-04-25,2023,4,2,115,0.866,-0.5,Poro,Anacarde,Sablonneux,Seche,25.8,37.9,46.8,0,0.64
2024-04-25,2024,4,2,116,0.866,-0.5,Nawa,Cacao,Limoneux,Seche,38.7,34.7,61.2,1,1.09
2022-05-01,2022,5,2,121,0.5,-0.866,Poro,Maïs,Sablonneux,Seche,21.6,31.9,35.3,1,1.41
2024-04-29,2024,4,2,120,0.866,-0.5,Haut-Sassandra,Cacao,Argileux,Seche,40.1,25.7,72.8,1,1.18
2024-12-16,2024,12,4,351,-0.0,1.0,Haut-Sassandra,Manioc,Sablonneux,Seche,69.8,29.3,68.5,0,12.38
2021-04-30,2021,4,2,120,0.866,-0.5,Nawa,Anacarde,Argileux,Seche,10.5,28.3,70.4,1,0.45
2021-08-08,2021,8,3,220,-0.866,-0.5,Poro,Anacarde,Sablonneux,Pluies,185.4,25.3,76.0,0,1.05
2021-02-22,2021,2,1,53,0.866,0.5,Poro,Manioc,Limoneux,Seche,15.1,31.2,37.2,0,6.19
2024-12-06,2024,12,4,341,-0.0,1.0,Nawa,Manioc,Sablonneux,Seche,26.5,35.3,70.6,0,13.25
2024-06-14,2024,6,2,166,0.0,-1.0,Nawa,Manioc,Limoneux,Pluies,227.0,28.2,89.1,0,18.92
2023-01-28,2023,1,1,28,0.5,0.866,Poro,Anacarde,Sablonneux,Seche,9.6,32.9,26.7,0,0.89
2023-01-08,2023,1,1,8,0.5,0.866,Poro,Manioc,Sablonneux,Seche,8.1,29.7,49.7,0,6.7
2022-12-21,2022,12,4,355,-0.0,1.0,Haut-Sassandra,Cacao,Sablonneux,Seche,0.2,33.6,68.1,0,1.2
2022-02-10,2022,2,1,41,0.866,0.5,Haut-Sassandra,Cacao,Argileux,Seche,35.7,29.6,74.8,0,1.14
2022-08-31,2022,8,3,243,-0.866,-0.5,Poro,Anacarde,Sablonneux,Pluies,159.7,27.9,79.6,0,1.04
2023-10-18,2023,10,4,291,-0.866,0.5,Nawa,Manioc,Sablonneux,Pluies,131.8,28.2,90.4,0,13.82
2022-02-26,2022,2,1,57,0.866,0.5,Poro,Cacao,Sablonneux,Seche,16.5,34.4,37.7,0,0.66
2022-12-13,2022,12,4,347,-0.0,1.0,Nawa,Manioc,Argileux,Seche,54.7,31.6,64.4,0,10.66
2021-09-04,2021,9,3,247,-1.0,-0.0,Nawa,Maïs,Argileux,Pluies,182.6,24.1,88.5,1,1.68
2021-03-13,2021,3,1,72,1.0,0.0,Poro,Anacarde,Sablonneux,Seche,13.9,38.2,32.9,0,0.74
2021-07-04,2021,7,3,185,-0.5,-0.866,Haut-Sassandra,Maïs,Argileux,Pluies,231.1,26.5,83.6,0,1.41
2021-01-06,2021,1,1,6,0.5,0.866,Poro,Anacarde,Argileux,Seche,21.5,36.0,47.0,0,0.71
2024-05-14,2024,5,2,135,0.5,-0.866,Haut-Sassandra,Maïs,Argileux,Pluies,240.3,27.7,88.4,1,1.18
2023-06-25,2023,6,2,176,0.0,-1.0,Poro,Anacarde,Sablonneux,Pluies,142.2,24.8,83.2,1,1.07
2022-01-22,2022,1,1,22,0.5,0.866,Haut-Sassandra,Manioc,Sablonneux,Seche,50.4,33.1,68.3,0,12.83
2022-11-30,2022,11,4,334,-0.5,0.866,Haut-Sassandra,Cacao,Sablonneux,Seche,71.6,33.8,70.8,0,1.09
2024-01-05,2024,1,1,5,0.5,0.866,Poro,Anacarde,Sablonneux,Seche,16.5,34.3,59.6,0,0.72
2024-04-15,2024,4,2,106,0.866,-0.5,Nawa,Cacao,Argileux,Seche,16.7,31.8,60.5,1,1.0
2023-04-07,2023,4,2,97,0.866,-0.5,Haut-Sassandra,Manioc,Argileux,Seche,37.0,27.6,73.4,1,11.62
2021-12-15,2021,12,4,349,-0.0,1.0,Poro,Maïs,Limoneux,Seche,6.9,31.1,41.8,0,1.21
2024-07-02,2024,7,3,184,-0.5,-0.866,Nawa,Manioc,Argileux,Pluies,162.9,29.8,85.6,0,11.51
2021-11-04,2021,11,4,308,-0.5,0.866,Haut-Sassandra,Maïs,Argileux,Seche,54.7,31.1,60.9,0,1.16
2024-09-30,2024,9,3,274,-1.0,-0.0,Poro,Cacao,Argileux,Pluies,163.3,28.2,83.3,0,0.93
2024-02-25,2024,2,1,56,0.866,0.5,Nawa,Manioc,Limoneux,Seche,72.3,29.5,61.1,0,12.27
2021-10-14,2021,10,4,287,-0.866,0.5,Haut-Sassandra,Cacao,Argileux,Pluies,234.9,25.7,84.9,0,0.99
2023-02-05,2023,2,1,36,0.866,0.5,Nawa,Maïs,Argileux,Seche,21.4,32.5,66.4,0,1.47
2022-12-26,2022,12,4,360,-0.0,1.0,Poro,Manioc,Sablonneux,Seche,0.0,32.8,37.7,0,6.66
2023-02-01,2023,2,1,32,0.866,0.5,Nawa,Maïs,Sablonneux,Seche,83.7,25.5,68.6,0,1.29
2022-01-18,2022,1,1,18,0.5,0.866,Nawa,Cacao,Limoneux,Seche,62.3,29.9,69.2,0,1.11
2024-11-30,2024,11,4,335,-0.5,0.866,Nawa,Anacarde,Argileux,Seche,44.3,33.1,65.4,0,0.45
2022-01-23,2022,1,1,23,0.5,0.866,Nawa,Maïs,Limoneux,Seche,33.0,32.9,56.9,0,1.39
2022-06-09,2022,6,2,160,0.0,-1.0,Poro,Cacao,Sablonneux,Pluies,189.5,27.3,71.2,1,0.73
2022-10-01,2022,10,4,274,-0.866,0.5,Haut-Sassandra,Manioc,Argileux,Pluies,202.8,25.9,92.0,0,16.79
2023-07-27,2023,7,3,208,-0.5,-0.866,Poro,Maïs,Argileux,Pluies,151.4,27.5,75.0,0,1.9
2021-10-03,2021,10,4,276,-0.866,0.5,Haut-Sassandra,Cacao,Sablonneux,Pluies,170.2,23.6,79.9,0,1.37
2022-05-15,2022,5,2,135,0.5,-0.866,Poro,Manioc,Sablonneux,Seche,5.3,34.9,38.9,1,6.06
2022-12-18,2022,12,4,352,-0.0,1.0,Nawa,Manioc,Argileux,Seche,29.8,30.2,63.3,0,10.53
2021-12-03,2021,12,4,337,-0.0,1.0,Haut-Sassandra,Cacao,Argileux,Seche,66.3,33.3,72.4,0,1.2
2023-07-21,2023,7,3,202,-0.5,-0.866,Haut-Sassandra,Manioc,Argileux,Pluies,175.7,23.6,84.8,0,16.72
2022-04-26,2022,4,2,116,0.866,-0.5,Nawa,Cacao,Limoneux,Seche,11.5,32.7,74.4,1,1.07
2023-06-30,2023,6,2,181,0.0,-1.0,Nawa,Manioc,Argileux,Pluies,200.9,25.9,92.7,0,16.74
2024-07-20,2024,7,3,202,-0.5,-0.866,Nawa,Cacao,Limoneux,Pluies,237.4,26.2,85.6,0,1.02
2023-12-18,2023,12,4,352,-0.0,1.0,Haut-Sassandra,Maïs,Limoneux,Seche,55.6,26.5,75.0,0,1.26
2024-09-13,2024,9,3,257,-1.0,-0.0,Nawa,Manioc,Sablonneux,Pluies,160.7,28.0,90.1,1,17.25
2021-04-19,2021,4,2,109,0.866,-0.5,Haut-Sassandra,Manioc,Limoneux,Seche,47.7,29.6,79.4,1,11.11
2024-07-26,2024,7,3,208,-0.5,-0.866,Poro,Anacarde,Argileux,Pluies,162.2,25.6,83.3,0,1.07
2021-11-24,2021,11,4,328,-0.5,0.866,Haut-Sassandra,Cacao,Argileux,Seche,14.2,31.1,72.3,0,1.15
2021-11-11,2021,11,4,315,-0.5,0.866,Poro,Anacarde,Limoneux,Seche,13.6,33.4,41.4,0,0.7
2024-02-09,2024,2,1,40,0.866,0.5,Haut-Sassandra,Cacao,Limoneux,Seche,37.3,29.2,69.2,0,0.98
2022-11-30,2022,11,4,334,-0.5,0.866,Nawa,Manioc,Argileux,Seche,94.9,31.5,76.8,0,11.87
2023-02-20,2023,2,1,51,0.866,0.5,Poro,Anacarde,Sablonneux,Seche,20.9,32.7,45.5,0,0.59
2024-06-06,2024,6,2,158,0.0,-1.0,Nawa,Cacao,Argileux,Pluies,185.7,24.5,85.6,0,1.6
2021-06-05,2021,6,2,156,0.0,-1.0,Haut-Sassandra,Cacao,Argileux,Pluies,148.8,26.4,85.7,0,1.88
2024-07-19,2024,7,3,201,-0.5,-0.866,Poro,Anacarde,Sablonneux,Pluies,141.0,29.6,68.8,0,0.92
2023-06-06,2023,6,2,157,0.0,-1.0,Nawa,Maïs,Limoneux,Pluies,175.5,24.8,86.8,0,2.03
2023-10-23,2023,10,4,296,-0.866,0.5,Haut-Sassandra,Cacao,Argileux,Pluies,159.8,27.1,83.1,0,1.61
2023-01-28,2023,1,1,28,0.5,0.866,Haut-Sassandra,Maïs,Argileux,Seche,48.6,30.2,71.4,0,1.33
2022-12-23,2022,12,4,357,-0.0,1.0,Nawa,Cacao,Argileux,Seche,71.8,31.9,61.3,0,1.09
2023-07-02,2023,7,3,183,-0.5,-0.866,Haut-Sassandra,Cacao,Argileux,Pluies,156.1,30.3,86.7,0,1.11
2024-08-02,2024,8,3,215,-0.866,-0.5,Haut-Sassandra,Manioc,Argileux,Seche,52.2,28.1,72.2,1,14.29
2023-05-21,2023,5,2,141,0.5,-0.866,Poro,Anacarde,Sablonneux,Seche,6.8,34.5,52.1,1,0.7
2021-01-13,2021,1,1,13,0.5,0.866,Poro,Maïs,Sablonneux,Seche,11.9,35.9,31.9,0,1.19
2022-08-31,2022,8,3,243,-0.866,-0.5,Poro,Anacarde,Sablonneux,Pluies,199.0,25.2,71.9,0,1.14
2022-05-13,2022,5,2,133,0.5,-0.866,Nawa,Manioc,Argileux,Pluies,202.5,27.0,90.5,1,15.65
2021-08-26,2021,8,3,238,-0.866,-0.5,Poro,Manioc,Sablonneux,Pluies,157.1,27.7,67.9,0,8.43
2024-01-23,2024,1,1,23,0.5,0.866,Haut-Sassandra,Manioc,Argileux,Seche,50.2,30.7,65.9,0,10.47
2024-09-23,2024,9,3,267,-1.0,-0.0,Poro,Anacarde,Limoneux,Pluies,218.2,28.8,74.5,0,1.06
2023-02-20,2023,2,1,51,0.866,0.5,Poro,Maïs,Argileux,Seche,5.6,31.4,45.3,0,1.27
2024-04-09,2024,4,2,100,0.866,-0.5,Haut-Sassandra,Maïs,Sablonneux,Seche,40.6,30.7,72.2,1,1.39
2022-08-29,2022,8,3,241,-0.866,-0.5,Nawa,Manioc,Limoneux,Seche,60.8,28.7,75.4,1,11.96
2022-10-23,2022,10,4,296,-0.866,0.5,Haut-Sassandra,Cacao,Limoneux,Pluies,170.0,26.2,90.5,0,1.58
2023-04-29,2023,4,2,119,0.866,-0.5,Haut-Sassandra,Cacao,Sablonneux,Seche,37.0,27.5,59.8,1,1.06
2023-07-25,2023,7,3,206,-0.5,-0.866,Haut-Sassandra,Cacao,Argileux,Pluies,159.0,24.1,74.0,0,1.32
2022-09-20,2022,9,3,263,-1.0,-0.0,Haut-Sassandra,Manioc,Sablonneux,Pluies,168.8,25.0,82.4,1,15.93
2021-05-23,2021,5,2,143,0.5,-0.866,Nawa,Manioc,Limoneux,Pluies,162.3,28.2,85.9,1,18.43
2024-05-09,2024,5,2,130,0.5,-0.866,Poro,Maïs,Sablonneux,Seche,1.8,33.8,44.2,1,1.32
2024-04-18,2024,4,2,109,0.866,-0.5,Haut-Sassandra,Manioc,Limoneux,Seche,53.1,32.3,63.6,1,10.98
2022-12-15,2022,12,4,349,-0.0,1.0,Haut-Sassandra,Cacao,Sablonneux,Seche,62.8,28.2,53.7,0,1.14
2024-10-19,2024,10,4,293,-0.866,0.5,Nawa,Manioc,Argileux,Pluies,199.3,30.5,90.7,0,11.89
2022-04-24,2022,4,2,114,0.866,-0.5,Haut-Sassandra,Cacao,Limoneux,Seche,41.2,31.9,74.6,1,1.2
2022-07-19,2022,7,3,200,-0.5,-0.866,Nawa,Manioc,Limoneux,Pluies,140.6,24.8,88.2,0,18.54
2022-04-16,2022,4,2,106,0.866,-0.5,Haut-Sassandra,Anacarde,Argileux,Seche,50.7,30.9,69.0,1,0.43
2022-01-19,2022,1,1,19,0.5,0.866,Poro,Anacarde,Sablonneux,Seche,15.4,35.4,38.3,0,0.8
2023-07-15,2023,7,3,196,-0.5,-0.866,Nawa,Manioc,Limoneux,Pluies,246.1,26.0,85.0,0,13.44
2022-02-21,2022,2,1,52,0.866,0.5,Nawa,Cacao,Limoneux,Seche,50.6,31.3,71.3,0,1.1
2021-11-04,2021,11,4,308,-0.5,0.866,Poro,Anacarde,Sablonneux,Seche,4.0,33.4,48.3,0,0.74
2022-10-11,2022,10,4,284,-0.866,0.5,Haut-Sassandra,Cacao,Argileux,Pluies,196.2,25.4,86.6,0,1.62
2024-10-22,2024,10,4,296,-0.866,0.5,Haut-Sassandra,Cacao,Argileux,Pluies,181.1,28.2,86.7,0,1.71
2023-10-22,2023,10,4,295,-0.866,0.5,Nawa,Manioc,Limoneux,Pluies,109.6,26.9,80.5,0,10.55
2023-12-04,2023,12,4,338,-0.0,1.0,Nawa,Cacao,Sablonneux,Seche,67.4,35.7,67.5,0,1.08
2023-01-09,2023,1,1,9,0.5,0.866,Haut-Sassandra,Manioc,Limoneux,Seche,65.2,32.2,85.8,0,13.12
2024-01-27,2024,1,1,27,0.5,0.866,Haut-Sassandra,Cacao,Limoneux,Seche,65.0,29.2,72.7,0,1.12
2024-07-12,2024,7,3,194,-0.5,-0.866,Haut-Sassandra,Cacao,Limoneux,Pluies,215.5,24.4,80.9,0,1.61
2021-05-20,2021,5,2,140,0.5,-0.866,Nawa,Maïs,Argileux,Pluies,181.3,27.4,85.1,1,1.67
2024-06-14,2024,6,2,166,0.0,-1.0,Poro,Maïs,Sablonneux,Pluies,197.1,27.0,73.9,1,1.63
2023-09-01,2023,9,3,244,-1.0,-0.0,Poro,Maïs,Argileux,Pluies,113.7,24.8,78.0,0,1.88
2023-10-14,2023,10,4,287,-0.866,0.5,Haut-Sassandra,Anacarde,Limoneux,Pluies,144.3,24.7,84.4,0,0.56
2023-08-11,2023,8,3,223,-0.866,-0.5,Poro,Maïs,Limoneux,Pluies,190.9,29.0,75.5,0,1.7
2023-06-23,2023,6,2,174,0.0,-1.0,Nawa,Manioc,Limoneux,Pluies,156.2,27.2,88.5,0,17.66
2021-03-13,2021,3,1,72,1.0,0.0,Haut-Sassandra,Cacao,Sablonneux,Seche,39.7,30.2,74.1,0,1.2
2024-04-28,2024,4,2,119,0.866,-0.5,Poro,Maïs,Sablonneux,Seche,26.9,40.7,62.4,0,1.61
2024-07-15,2024,7,3,197,-0.5,-0.866,Nawa,Anacarde,Argileux,Pluies,197.4,23.9,92.7,0,0.56
2024-09-06,2024,9,3,250,-1.0,-0.0,Nawa,Manioc,Argileux,Pluies,214.7,24.6,77.5,1,17.22
2021-04-17,2021,4,2,107,0.866,-0.5,Nawa,Cacao,Limoneux,Seche,63.7,26.8,74.5,1,1.08
2024-06-09,2024,6,2,161,0.0,-1.0,Nawa,Manioc,Sablonneux,Pluies,198.1,24.6,91.0,0,17.0
2023-12-02,2023,12,4,336,-0.0,1.0,Haut-Sassandra,Manioc,Argileux,Seche,44.2,29.0,76.9,0,13.42
2023-06-02,2023,6,2,153,0.0,-1.0,Nawa,Cacao,Argileux,Pluies,225.5,25.5,90.8,0,1.55
2021-05-19,2021,5,2,139,0.5,-0.866,Nawa,Cacao,Limoneux,Pluies,259.1,25.1,89.0,1,1.36
2022-09-07,2022,9,3,250,-1.0,-0.0,Poro,Maïs,Sablonneux,Pluies,179.7,25.6,68.8,0,1.84
2023-05-13,2023,5,2,133,0.5,-0.866,Nawa,Cacao,Limoneux,Pluies,198.8,26.7,86.5,1,1.66
2021-09-30,2021,9,3,273,-1.0,-0.0,Haut-Sassandra,Cacao,Limoneux,Pluies,182.2,23.2,88.1,1,1.69
2022-02-20,2022,2,1,51,0.866,0.5,Poro,Maïs,Sablonneux,Seche,10.5,34.9,39.5,0,1.21
2022-05-21,2022,5,2,141,0.5,-0.866,Poro,Manioc,Sablonneux,Seche,23.6,34.5,32.0,1,5.54
2023-01-03,2023,1,1,3,0.5,0.866,Haut-Sassandra,Manioc,Argileux,Seche,3.0,27.3,56.4,0,12.1
2022-02-28,2022,2,1,59,0.866,0.5,Haut-Sassandra,Maïs,Limoneux,Seche,83.5,29.6,57.6,0,1.02
2024-12-01,2024,12,4,336,-0.0,1.0,Haut-Sassandra,Manioc,Argileux,Seche,27.3,33.7,66.9,0,11.2
2022-01-25,2022,1,1,25,0.5,0.866,Poro,Anacarde,Sablonneux,Seche,22.6,37.3,47.9,0,0.89
2021-12-08,2021,12,4,342,-0.0,1.0,Poro,Anacarde,Limoneux,Seche,12.1,32.7,32.1,0,0.63
2023-08-04,2023,8,3,216,-0.866,-0.5,Nawa,Cacao,Limoneux,Seche,68.9,29.7,71.4,1,1.13
2022-09-06,2022,9,3,249,-1.0,-0.0,Haut-Sassandra,Manioc,Sablonneux,Pluies,202.7,27.6,92.8,1,17.36
2022-05-08,2022,5,2,128,0.5,-0.866,Nawa,Cacao,Argileux,Pluies,258.8,28.2,87.3,1,1.0
2021-07-11,2021,7,3,192,-0.5,-0.866,Haut-Sassandra,Maïs,Argileux,Pluies,191.0,27.4,81.9,0,1.76
2022-05-14,2022,5,2,134,0.5,-0.866,Nawa,Manioc,Argileux,Pluies,237.3,25.6,84.6,1,11.83
2023-04-02,2023,4,2,92,0.866,-0.5,Haut-Sassandra,Manioc,Argileux,Seche,82.0,28.8,73.2,1,11.26
2024-06-10,2024,6,2,162,0.0,-1.0,Haut-Sassandra,Cacao,Argileux,Pluies,179.7,23.9,83.1,0,1.67
2021-08-15,2021,8,3,227,-0.866,-0.5,Nawa,Cacao,Sablonneux,Seche,46.6,30.8,74.3,1,1.16
2024-10-26,2024,10,4,300,-0.866,0.5,Haut-Sassandra,Manioc,Limoneux,Pluies,154.8,27.8,89.9,0,14.82
2021-05-19,2021,5,2,139,0.5,-0.866,Poro,Anacarde,Sablonneux,Seche,6.4,32.7,35.0,1,0.81
2023-05-06,2023,5,2,126,0.5,-0.866,Poro,Maïs,Sablonneux,Seche,22.9,31.9,21.8,1,1.24
2023-03-28,2023,3,1,87,1.0,0.0,Poro,Anacarde,Argileux,Seche,0.0,34.3,52.7,0,0.77
2024-03-18,2024,3,1,78,1.0,0.0,Nawa,Maïs,Argileux,Seche,33.7,30.1,73.0,1,1.27
2024-02-13,2024,2,1,44,0.866,0.5,Poro,Maïs,Sablonneux,Seche,13.6,30.1,40.8,0,1.41
2023-12-23,2023,12,4,357,-0.0,1.0,Nawa,Maïs,Argileux,Seche,73.8,29.0,65.0,0,1.46
2021-04-14,2021,4,2,104,0.866,-0.5,Haut-Sassandra,Cacao,Argileux,Seche,38.6,32.0,55.0,1,1.23
2023-05-21,2023,5,2,141,0.5,-0.866,Poro,Maïs,Sablonneux,Seche,12.5,32.1,34.8,1,1.31
2022-10-30,2022,10,4,303,-0.866,0.5,Nawa,Cacao,Sablonneux,Pluies,211.8,28.2,87.0,0,1.76
2021-09-30,2021,9,3,273,-1.0,-0.0,Nawa,Cacao,Sablonneux,Pluies,144.3,24.7,82.9,1,1.84
2023-10-27,2023,10,4,300,-0.866,0.5,Poro,Maïs,Limoneux,Seche,3.9,34.5,34.2,0,1.11
2024-03-16,2024,3,1,76,1.0,0.0,Haut-Sassandra,Cacao,Sablonneux,Seche,41.1,32.3,73.0,0,1.08
2021-07-03,2021,7,3,184,-0.5,-0.866,Haut-Sassandra,Cacao,Limoneux,Pluies,181.5,26.7,91.6,0,1.55
2023-11-18,2023,11,4,322,-0.5,0.866,Nawa,Cacao,Argileux,Seche,76.0,29.8,64.2,0,1.09
2024-02-17,2024,2,1,48,0.866,0.5,Nawa,Manioc,Limoneux,Seche,61.1,27.7,77.5,0,13.1
2021-10-20,2021,10,4,293,-0.866,0.5,Poro,Manioc,Sablonneux,Seche,17.1,37.5,32.4,0,6.32
2024-10-26,2024,10,4,300,-0.866,0.5,Poro,Anacarde,Limoneux,Seche,12.4,34.8,38.8,0,0.82
2024-06-21,2024,6,2,173,0.0,-1.0,Haut-Sassandra,Maïs,Argileux,Pluies,155.0,26.5,99.0,0,1.82
2024-05-26,2024,5,2,147,0.5,-0.866,Haut-Sassandra,Manioc,Limoneux,Pluies,160.2,25.5,88.7,1,19.36
2021-06-26,2021,6,2,177,0.0,-1.0,Poro,Anacarde,Argileux,Pluies,153.6,29.9,63.6,1,0.82
2024-08-15,2024,8,3,228,-0.866,-0.5,Poro,Anacarde,Limoneux,Pluies,165.5,25.7,77.1,0,1.18
2021-02-27,2021,2,1,58,0.866,0.5,Haut-Sassandra,Cacao,Argileux,Seche,49.5,31.1,65.6,0,0.86
2024-07-16,2024,7,3,198,-0.5,-0.866,Haut-Sassandra,Cacao,Argileux,Pluies,144.8,27.9,86.7,0,1.69
2021-11-04,2021,11,4,308,-0.5,0.866,Haut-Sassandra,Maïs,Limoneux,Seche,32.2,28.9,65.2,0,1.18
2024-08-04,2024,8,3,217,-0.866,-0.5,Haut-Sassandra,Maïs,Sablonneux,Seche,25.0,30.7,58.6,1,1.31
2023-09-04,2023,9,3,247,-1.0,-0.0,Haut-Sassandra,Manioc,Limoneux,Pluies,192.0,24.5,84.4,1,18.24
2024-02-03,2024,2,1,34,0.866,0.5,Nawa,Cacao,Limoneux,Seche,63.5,29.0,69.3,0,1.11
2024-06-05,2024,6,2,157,0.0,-1.0,Haut-Sassandra,Manioc,Argileux,Pluies,220.2,28.8,82.4,0,18.83
2024-06-24,2024,6,2,176,0.0,-1.0,Nawa,Manioc,Sablonneux,Pluies,168.2,25.6,87.3,0,17.39
2022-12-01,2022,12,4,335,-0.0,1.0,Haut-Sassandra,Cacao,Argileux,Seche,34.1,29.9,58.5,0,1.17
2021-03-24,2021,3,1,83,1.0,0.0,Haut-Sassandra,Manioc,Limoneux,Seche,52.4,32.0,70.4,0,12.36
2024-04-24,2024,4,2,115,0.866,-0.5,Haut-Sassandra,Cacao,Argileux,Seche,67.9,31.3,75.1,1,1.22
2021-09-09,2021,9,3,252,-1.0,-0.0,Poro,Maïs,Sablonneux,Pluies,109.7,24.9,67.0,0,1.05
2024-10-10,2024,10,4,284,-0.866,0.5,Poro,Manioc,Limoneux,Seche,12.4,33.9,48.2,0,6.05
2023-03-07,2023,3,1,66,1.0,0.0,Haut-Sassandra,Manioc,Limoneux,Seche,20.6,29.7,60.9,0,12.62
2023-06-16,2023,6,2,167,0.0,-1.0,Haut-Sassandra,Cacao,Argileux,Pluies,136.6,29.3,84.4,0,0.99
2021-07-29,2021,7,3,210,-0.5,-0.866,Nawa,Cacao,Argileux,Pluies,185.1,27.5,87.7,0,1.98
2023-03-27,2023,3,1,86,1.0,0.0,Haut-Sassandra,Cacao,Limoneux,Seche,31.4,32.2,69.5,0,1.09
2022-09-01,2022,9,3,244,-1.0,-0.0,Poro,Maïs,Sablonneux,Pluies,214.8,28.7,81.7,0,1.63
2022-03-23,2022,3,1,82,1.0,0.0,Haut-Sassandra,Maïs,Limoneux,Seche,22.0,27.9,63.1,0,1.31
2022-04-05,2022,4,2,95,0.866,-0.5,Nawa,Maïs,Sablonneux,Seche,40.9,30.3,65.0,1,1.43
2023-08-26,2023,8,3,238,-0.866,-0.5,Nawa,Cacao,Sablonneux,Seche,13.7,31.3,69.3,1,1.2
2022-04-17,2022,4,2,107,0.866,-0.5,Haut-Sassandra,Cacao,Argileux,Seche,27.5,30.3,63.3,1,1.18
2022-01-05,2022,1,1,5,0.5,0.866,Poro,Anacarde,Sablonneux,Seche,12.3,39.2,53.1,0,0.75
2023-06-19,2023,6,2,170,0.0,-1.0,Poro,Maïs,Argileux,Pluies,76.6,24.6,78.2,1,1.33
2023-07-12,2023,7,3,193,-0.5,-0.866,Poro,Manioc,Sablonneux,Pluies,237.4,29.1,81.1,0,6.59
2021-05-17,2021,5,2,137,0.5,-0.866,Haut-Sassandra,Manioc,Argileux,Pluies,224.1,26.8,88.4,1,17.2
2022-01-02,2022,1,1,2,0.5,0.866,Nawa,Manioc,Argileux,Seche,67.1,32.1,64.6,0,10.32
2023-07-01,2023,7,3,182,-0.5,-0.866,Nawa,Manioc,Limoneux,Pluies,177.6,25.1,81.9,0,16.93
2021-07-03,2021,7,3,184,-0.5,-0.866,Poro,Maïs,Sablonneux,Pluies,114.3,30.4,76.6,0,1.23
2024-08-03,2024,8,3,216,-0.866,-0.5,Nawa,Cacao,Argileux,Seche,33.0,29.1,71.1,1,1.05
2022-04-17,2022,4,2,107,0.866,-0.5,Haut-Sassandra,Manioc,Limoneux,Seche,90.9,31.8,66.8,1,10.89
2024-10-30,2024,10,4,304,-0.866,0.5,Haut-Sassandra,Manioc,Limoneux,Pluies,239.9,27.0,83.4,0,13.88
2022-10-16,2022,10,4,289,-0.866,0.5,Nawa,Cacao,Argileux,Pluies,161.5,26.8,88.2,0,1.37
2023-01-19,2023,1,1,19,0.5,0.866,Haut-Sassandra,Cacao,Limoneux,Seche,14.9,28.2,76.8,0,1.23
2022-06-21,2022,6,2,172,0.0,-1.0,Nawa,Cacao,Limoneux,Pluies,183.1,22.9,94.9,0,1.1
2023-03-13,2023,3,1,72,1.0,0.0,Poro,Maïs,Sablonneux,Seche,14.4,28.4,42.9,0,1.12
2024-06-27,2024,6,2,179,0.0,-1.0,Haut-Sassandra,Cacao,Limoneux,Pluies,236.5,25.4,94.6,0,0.99
2023-07-09,2023,7,3,190,-0.5,-0.866,Haut-Sassandra,Maïs,Argileux,Pluies,108.6,24.4,87.9,0,1.37
2022-05-25,2022,5,2,145,0.5,-0.866,Haut-Sassandra,Cacao,Argileux,Pluies,155.9,25.5,88.0,1,1.4
2022-09-22,2022,9,3,265,-1.0,-0.0,Nawa,Manioc,Sablonneux,Pluies,190.7,27.9,86.9,1,15.7
2023-09-29,2023,9,3,272,-1.0,-0.0,Poro,Manioc,Argileux,Pluies,155.4,28.4,85.8,0,8.97
2024-01-02,2024,1,1,2,0.5,0.866,Haut-Sassandra,Cacao,Limoneux,Seche,40.9,27.8,62.6,0,1.14
2024-07-29,2024,7,3,211,-0.5,-0.866,Nawa,Cacao,Limoneux,Pluies,198.1,23.7,86.8,0,1.57
2023-07-05,2023,7,3,186,-0.5,-0.866,Nawa,Anacarde,Limoneux,Pluies,182.6,27.8,90.4,0,0.59
2024-10-15,2024,10,4,289,-0.866,0.5,Nawa,Cacao,Limoneux,Pluies,144.3,30.0,86.3,0,1.21
2023-10-31,2023,10,4,304,-0.866,0.5,Nawa,Cacao,Limoneux,Pluies,204.2,26.6,84.4,0,1.65
2024-05-19,2024,5,2,140,0.5,-0.866,Nawa,Manioc,Limoneux,Pluies,253.3,27.4,82.3,1,11.52
2021-06-01,2021,6,2,152,0.0,-1.0,Nawa,Cacao,Limoneux,Pluies,150.8,30.0,89.1,0,1.11
2023-10-26,2023,10,4,299,-0.866,0.5,Nawa,Cacao,Limoneux,Pluies,208.7,22.8,85.4,0,1.09
2024-05-03,2024,5,2,124,0.5,-0.866,Nawa,Cacao,Argileux,Pluies,153.9,24.9,75.2,1,1.84
2024-07-30,2024,7,3,212,-0.5,-0.866,Nawa,Manioc,Sablonneux,Pluies,190.6,24.7,83.8,0,17.13
2022-04-09,2022,4,2,99,0.866,-0.5,Haut-Sassandra,Manioc,Argileux,Seche,43.3,32.8,60.6,1,12.49
2024-02-11,2024,2,1,42,0.866,0.5,Nawa,Cacao,Limoneux,Seche,29.6,25.6,68.8,0,1.22
2021-09-28,2021,9,3,271,-1.0,-0.0,Haut-Sassandra,Manioc,Argileux,Pluies,193.8,30.5,86.6,1,11.0
2024-04-01,2024,4,2,92,0.866,-0.5,Poro,Anacarde,Sablonneux,Seche,7.7,25.5,40.6,0,0.8
2022-04-05,2022,4,2,95,0.866,-0.5,Poro,Anacarde,Argileux,Seche,10.0,36.0,40.7,0,0.82
2021-04-15,2021,4,2,105,0.866,-0.5,Poro,Anacarde,Limoneux,Seche,25.3,40.6,30.1,0,0.66
2024-07-29,2024,7,3,211,-0.5,-0.866,Poro,Anacarde,Argileux,Pluies,141.2,25.8,82.7,0,1.15
2021-06-11,2021,6,2,162,0.0,-1.0,Nawa,Maïs,Limoneux,Pluies,194.7,27.1,91.5,0,1.91
2021-12-17,2021,12,4,351,-0.0,1.0,Nawa,Manioc,Limoneux,Seche,36.9,28.9,72.6,0,10.95
2022-03-10,2022,3,1,69,1.0,0.0,Poro,Manioc,Sablonneux,Seche,13.3,33.7,46.6,0,5.38
2023-05-02,2023,5,2,122,0.5,-0.866,Nawa,Maïs,Argileux,Pluies,215.7,24.3,87.7,1,1.84
2021-05-20,2021,5,2,140,0.5,-0.866,Nawa,Manioc,Argileux,Pluies,152.7,23.8,77.4,1,17.26
2024-03-01,2024,3,1,61,1.0,0.0,Poro,Anacarde,Argileux,Seche,11.2,33.9,51.4,0,0.82
2021-03-28,2021,3,1,87,1.0,0.0,Haut-Sassandra,Maïs,Limoneux,Seche,34.1,30.1,72.3,0,1.31
2021-07-02,2021,7,3,183,-0.5,-0.866,Nawa,Manioc,Limoneux,Pluies,211.6,25.9,85.2,0,14.67
2022-01-03,2022,1,1,3,0.5,0.866,Nawa,Anacarde,Argileux,Seche,14.5,30.7,62.1,1,0.34
2021-05-09,2021,5,2,129,0.5,-0.866,Haut-Sassandra,Anacarde,Argileux,Pluies,226.8,27.4,93.3,1,0.59
2024-06-23,2024,6,2,175,0.0,-1.0,Nawa,Manioc,Argileux,Pluies,168.8,27.0,85.5,0,17.16
2022-11-01,2022,11,4,305,-0.5,0.866,Haut-Sassandra,Maïs,Argileux,Seche,26.3,28.4,62.6,0,1.18
2024-11-02,2024,11,4,307,-0.5,0.866,Haut-Sassandra,Manioc,Limoneux,Seche,34.5,33.1,70.9,0,12.55
2021-05-29,2021,5,2,149,0.5,-0.866,Poro,Anacarde,Argileux,Seche,7.9,31.2,30.1,1,0.71
2023-09-12,2023,9,3,255,-1.0,-0.0,Haut-Sassandra,Manioc,Limoneux,Pluies,171.6,26.9,81.4,1,15.64
2023-05-02,2023,5,2,122,0.5,-0.866,Poro,Maïs,Limoneux,Seche,9.4,32.8,42.0,1,1.41
2024-12-27,2024,12,4,362,-0.0,1.0,Nawa,Cacao,Limoneux,Seche,43.7,28.8,60.9,0,1.16
2022-09-20,2022,9,3,263,-1.0,-0.0,Haut-Sassandra,Cacao,Argileux,Pluies,252.7,28.6,86.1,1,1.18
2022-03-22,2022,3,1,81,1.0,0.0,Haut-Sassandra,Cacao,Argileux,Seche,47.7,28.7,59.8,0,0.97
2023-06-03,2023,6,2,154,0.0,-1.0,Poro,Anacarde,Sablonneux,Pluies,160.3,27.6,75.7,1,1.02
2021-10-21,2021,10,4,294,-0.866,0.5,Nawa,Manioc,Limoneux,Pluies,217.0,29.3,81.6,0,14.36
2024-03-12,2024,3,1,72,1.0,0.0,Nawa,Cacao,Argileux,Seche,21.7,27.7,76.2,0,1.11
2021-09-07,2021,9,3,250,-1.0,-0.0,Nawa,Cacao,Limoneux,Pluies,196.0,26.9,83.6,1,1.6
2023-05-28,2023,5,2,148,0.5,-0.866,Poro,Anacarde,Argileux,Seche,9.5,38.5,41.5,1,0.79
2023-08-06,2023,8,3,218,-0.866,-0.5,Poro,Anacarde,Sablonneux,Pluies,118.9,28.9,69.0,0,0.97
2023-09-02,2023,9,3,245,-1.0,-0.0,Nawa,Manioc,Argileux,Pluies,192.4,28.3,88.1,1,16.04
2024-08-18,2024,8,3,231,-0.866,-0.5,Haut-Sassandra,Cacao,Sablonneux,Seche,66.6,30.6,66.2,1,1.16
2023-11-15,2023,11,4,319,-0.5,0.866,Nawa,Maïs,Argileux,Seche,28.6,26.2,72.6,0,1.22
2023-02-28,2023,2,1,59,0.866,0.5,Nawa,Cacao,Argileux,Seche,47.2,32.1,74.3,0,1.12
2023-09-11,2023,9,3,254,-1.0,-0.0,Poro,Anacarde,Sablonneux,Pluies,167.1,30.9,71.3,0,0.82
2023-06-08,2023,6,2,159,0.0,-1.0,Nawa,Cacao,Argileux,Pluies,220.6,27.9,86.5,0,1.73
2023-06-09,2023,6,2,160,0.0,-1.0,Haut-Sassandra,Maïs,Limoneux,Pluies,196.6,28.1,93.5,0,1.92
2021-03-11,2021,3,1,70,1.0,0.0,Nawa,Manioc,Argileux,Seche,18.8,31.1,68.4,0,11.87
2022-09-17,2022,9,3,260,-1.0,-0.0,Poro,Anacarde,Sablonneux,Pluies,143.7,28.6,79.6,0,1.07
2023-05-25,2023,5,2,145,0.5,-0.866,Haut-Sassandra,Manioc,Argileux,Pluies,216.8,25.7,86.6,1,17.44
2024-02-10,2024,2,1,41,0.866,0.5,Nawa,Manioc,Limoneux,Seche,4.8,29.0,77.6,0,12.92
2024-10-19,2024,10,4,293,-0.866,0.5,Poro,Manioc,Sablonneux,Seche,23.3,33.8,50.5,0,5.74
2024-08-19,2024,8,3,232,-0.866,-0.5,Poro,Manioc,Sablonneux,Pluies,162.1,26.3,86.8,0,8.69
2022-04-16,2022,4,2,106,0.866,-0.5,Haut-Sassandra,Manioc,Argileux,Seche,112.5,30.2,68.5,1,12.5
2021-04-01,2021,4,2,91,0.866,-0.5,Nawa,Manioc,Limoneux,Seche,46.3,27.5,66.1,1,13.13
2022-06-14,2022,6,2,165,0.0,-1.0,Nawa,Cacao,Argileux,Pluies,205.3,25.7,88.6,0,1.73
2022-10-23,2022,10,4,296,-0.866,0.5,Haut-Sassandra,Cacao,Argileux,Pluies,170.2,26.4,87.0,0,1.71
2023-01-09,2023,1,1,9,0.5,0.866,Poro,Maïs,Sablonneux,Seche,13.0,33.7,37.4,0,1.22
2022-12-27,2022,12,4,361,-0.0,1.0,Haut-Sassandra,Cacao,Limoneux,Seche,19.0,29.6,68.4,0,1.23
2023-05-22,2023,5,2,142,0.5,-0.866,Nawa,Manioc,Argileux,Pluies,166.3,25.9,93.3,1,18.49
2021-07-11,2021,7,3,192,-0.5,-0.866,Haut-Sassandra,Maïs,Argileux,Pluies,204.2,27.3,91.7,0,1.81
2024-06-19,2024,6,2,171,0.0,-1.0,Nawa,Cacao,Argileux,Pluies,180.4,28.2,89.0,0,1.58
2021-05-18,2021,5,2,138,0.5,-0.866,Poro,Anacarde,Sablonneux,Seche,22.8,35.6,36.2,1,0.72
2021-12-11,2021,12,4,345,-0.0,1.0,Nawa,Cacao,Sablonneux,Seche,18.2,27.4,64.3,0,1.21
2024-04-18,2024,4,2,109,0.866,-0.5,Haut-Sassandra,Anacarde,Sablonneux,Seche,76.5,27.3,64.5,1,0.38
2023-10-06,2023,10,4,279,-0.866,0.5,Haut-Sassandra,Manioc,Limoneux,Pluies,159.5,28.0,84.9,0,17.83
2022-05-18,2022,5,2,138,0.5,-0.866,Haut-Sassandra,Manioc,Sablonneux,Pluies,169.5,27.0,91.7,1,14.87
2021-07-22,2021,7,3,203,-0.5,-0.866,Haut-Sassandra,Manioc,Sablonneux,Pluies,179.8,25.5,83.0,0,17.2
2022-07-27,2022,7,3,208,-0.5,-0.866,Nawa,Cacao,Limoneux,Pluies,174.7,25.0,84.2,0,1.52
2021-07-11,2021,7,3,192,-0.5,-0.866,Nawa,Cacao,Sablonneux,Pluies,212.9,25.7,85.4,0,1.74
2021-01-05,2021,1,1,5,0.5,0.866,Poro,Manioc,Sablonneux,Seche,16.6,31.8,43.1,0,6.53
2024-06-14,2024,6,2,166,0.0,-1.0,Poro,Anacarde,Sablonneux,Pluies,175.1,31.3,70.1,1,0.75
2021-11-07,2021,11,4,311,-0.5,0.866,Haut-Sassandra,Cacao,Limoneux,Seche,64.1,29.7,71.4,0,1.05
2022-07-03,2022,7,3,184,-0.5,-0.866,Haut-Sassandra,Manioc,Sablonneux,Pluies,148.1,26.3,90.9,0,15.75
2021-02-25,2021,2,1,56,0.866,0.5,Haut-Sassandra,Cacao,Argileux,Seche,48.7,30.3,62.7,0,1.06
2022-03-19,2022,3,1,78,1.0,0.0,Haut-Sassandra,Cacao,Limoneux,Seche,23.9,31.2,64.5,0,1.08
2024-06-14,2024,6,2,166,0.0,-1.0,Haut-Sassandra,Cacao,Limoneux,Pluies,192.0,25.5,85.4,0,1.59
2023-05-20,2023,5,2,140,0.5,-0.866,Poro,Maïs,Limoneux,Seche,23.6,33.4,35.5,1,1.12
2024-05-05,2024,5,2,126,0.5,-0.866,Poro,Manioc,Limoneux,Seche,6.0,31.3,42.5,1,7.26
2022-08-08,2022,8,3,220,-0.866,-0.5,Nawa,Manioc,Sablonneux,Seche,35.0,26.5,66.4,1,13.5
2023-01-22,2023,1,1,22,0.5,0.866,Poro,Anacarde,Limoneux,Seche,3.2,35.8,49.1,0,0.77
2021-12-26,2021,12,4,360,-0.0,1.0,Poro,Anacarde,Sablonneux,Seche,27.8,33.2,39.3,0,0.79
2023-03-30,2023,3,1,89,1.0,0.0,Poro,Anacarde,Sablonneux,Seche,19.1,31.4,38.4,0,0.83
2021-01-30,2021,1,1,30,0.5,0.866,Nawa,Manioc,Argileux,Seche,60.2,24.9,62.5,0,13.17
2021-04-18,2021,4,2,108,0.866,-0.5,Nawa,Manioc,Limoneux,Seche,47.7,30.9,75.0,1,12.37
2023-04-24,2023,4,2,114,0.866,-0.5,Poro,Anacarde,Limoneux,Seche,11.7,34.1,38.2,0,0.89
2022-12-18,2022,12,4,352,-0.0,1.0,Nawa,Cacao,Limoneux,Seche,41.4,32.0,68.7,0,1.02
2023-06-10,2023,6,2,161,0.0,-1.0,Nawa,Cacao,Limoneux,Pluies,126.7,26.5,82.1,0,1.63
2023-08-18,2023,8,3,230,-0.866,-0.5,Nawa,Anacarde,Argileux,Seche,76.6,27.9,71.8,1,0.42
2023-06-12,2023,6,2,163,0.0,-1.0,Haut-Sassandra,Cacao,Argileux,Pluies,133.1,25.5,88.6,0,1.76
2023-01-02,2023,1,1,2,0.5,0.866,Nawa,Manioc,Sablonneux,Seche,53.2,34.0,77.3,0,11.26
2022-08-29,2022,8,3,241,-0.866,-0.5,Nawa,Cacao,Sablonneux,Seche,53.8,31.6,73.2,1,1.1
2022-04-02,2022,4,2,92,0.866,-0.5,Haut-Sassandra,Manioc,Limoneux,Seche,64.2,30.5,73.8,1,10.07
2022-09-07,2022,9,3,250,-1.0,-0.0,Poro,Manioc,Sablonneux,Pluies,127.4,30.0,81.1,0,6.36
2022-11-29,2022,11,4,333,-0.5,0.866,Haut-Sassandra,Cacao,Limoneux,Seche,62.9,31.3,62.8,0,1.17
2022-11-05,2022,11,4,309,-0.5,0.866,Haut-Sassandra,Cacao,Limoneux,Seche,37.6,29.5,65.8,0,1.09
2024-06-24,2024,6,2,176,0.0,-1.0,Nawa,Cacao,Limoneux,Pluies,178.5,28.9,82.0,1,1.6
2022-06-27,2022,6,2,178,0.0,-1.0,Haut-Sassandra,Anacarde,Argileux,Pluies,207.1,24.4,87.7,0,0.64
2023-05-07,2023,5,2,127,0.5,-0.866,Haut-Sassandra,Manioc,Argileux,Pluies,230.8,30.7,87.0,1,11.17
2023-06-16,2023,6,2,167,0.0,-1.0,Nawa,Manioc,Limoneux,Pluies,171.6,27.4,84.0,0,16.7
2021-10-05,2021,10,4,278,-0.866,0.5,Haut-Sassandra,Cacao,Argileux,Pluies,150.6,27.9,83.2,0,1.85
2022-07-06,2022,7,3,187,-0.5,-0.866,Nawa,Maïs,Argileux,Pluies,218.6,28.7,86.8,0,1.99
2021-04-21,2021,4,2,111,0.866,-0.5,Nawa,Cacao,Limoneux,Seche,41.1,33.3,55.0,1,1.06
2022-01-20,2022,1,1,20,0.5,0.866,Nawa,Maïs,Limoneux,Seche,61.1,32.4,70.2,0,1.14
2023-01-31,2023,1,1,31,0.5,0.866,Haut-Sassandra,Manioc,Argileux,Seche,65.7,31.3,74.1,0,12.15
2024-04-29,2024,4,2,120,0.866,-0.5,Nawa,Cacao,Argileux,Seche,58.7,31.2,73.4,1,1.1
2022-11-25,2022,11,4,329,-0.5,0.866,Poro,Maïs,Sablonneux,Seche,6.1,29.7,25.9,0,1.32
2024-12-20,2024,12,4,355,-0.0,1.0,Poro,Anacarde,Argileux,Seche,6.1,32.1,35.8,0,0.68
2022-02-09,2022,2,1,40,0.866,0.5,Nawa,Manioc,Sablonneux,Seche,9.1,30.9,60.9,0,12.55
2024-09-20,2024,9,3,264,-1.0,-0.0,Haut-Sassandra,Maïs,Sablonneux,Pluies,239.4,27.9,82.3,1,1.21
2024-05-17,2024,5,2,138,0.5,-0.866,Poro,Anacarde,Limoneux,Seche,12.1,33.3,43.0,1,0.77
2021-01-22,2021,1,1,22,0.5,0.866,Nawa,Manioc,Limoneux,Seche,81.0,28.1,68.0,0,11.6
2022-11-09,2022,11,4,313,-0.5,0.866,Haut-Sassandra,Cacao,Sablonneux,Seche,25.2,32.3,65.1,0,1.1
2022-09-03,2022,9,3,246,-1.0,-0.0,Haut-Sassandra,Cacao,Limoneux,Pluies,179.5,25.8,87.6,0,1.83
2024-05-16,2024,5,2,137,0.5,-0.866,Haut-Sassandra,Cacao,Argileux,Pluies,168.0,26.3,78.6,1,1.64
2021-01-08,2021,1,1,8,0.5,0.866,Haut-Sassandra,Maïs,Sablonneux,Seche,39.1,31.5,67.8,0,1.3
2022-12-03,2022,12,4,337,-0.0,1.0,Poro,Anacarde,Sablonneux,Seche,24.6,35.1,25.7,0,0.78
2022-06-13,2022,6,2,164,0.0,-1.0,Nawa,Cacao,Argileux,Pluies,186.5,25.1,92.5,1,1.48
2022-08-25,2022,8,3,237,-0.866,-0.5,Nawa,Manioc,Limoneux,Seche,67.8,29.4,67.3,1,11.44
2022-10-19,2022,10,4,292,-0.866,0.5,Nawa,Maïs,Sablonneux,Pluies,173.6,24.3,83.8,0,1.84
2021-06-15,2021,6,2,166,0.0,-1.0,Haut-Sassandra,Cacao,Limoneux,Pluies,187.5,25.9,88.7,0,1.44
2023-04-29,2023,4,2,119,0.866,-0.5,Poro,Anacarde,Limoneux,Seche,7.1,34.4,46.7,0,0.65
2022-05-11,2022,5,2,131,0.5,-0.866,Poro,Maïs,Argileux,Seche,13.3,32.0,42.7,1,1.28
2022-08-13,2022,8,3,225,-0.866,-0.5,Poro,Anacarde,Argileux,Pluies,155.9,26.2,76.2,1,1.04
2022-03-05,2022,3,1,64,1.0,0.0,Haut-Sassandra,Cacao,Argileux,Seche,17.1,27.2,76.8,0,1.22
2023-02-13,2023,2,1,44,0.866,0.5,Poro,Anacarde,Limoneux,Seche,0.0,32.7,47.2,0,0.76
2021-06-12,2021,6,2,163,0.0,-1.0,Haut-Sassandra,Manioc,Argileux,Pluies,179.9,27.5,80.6,0,17.24
2022-01-01,2022,1,1,1,0.5,0.866,Nawa,Manioc,Argileux,Seche,13.3,29.2,63.8,0,11.68
2024-06-16,2024,6,2,168,0.0,-1.0,Nawa,Cacao,Argileux,Pluies,161.2,24.8,79.7,0,1.66
2021-03-13,2021,3,1,72,1.0,0.0,Nawa,Anacarde,Argileux,Seche,55.5,33.1,55.4,0,0.34
2022-10-17,2022,10,4,290,-0.866,0.5,Nawa,Maïs,Limoneux,Pluies,261.1,25.8,84.8,0,1.41
2021-09-26,2021,9,3,269,-1.0,-0.0,Nawa,Cacao,Limoneux,Pluies,209.0,28.5,89.6,1,1.66
2022-02-19,2022,2,1,50,0.866,0.5,Haut-Sassandra,Manioc,Argileux,Seche,48.0,31.8,66.3,0,12.45
2024-06-22,2024,6,2,174,0.0,-1.0,Haut-Sassandra,Cacao,Argileux,Pluies,195.2,24.0,87.0,0,1.53
2023-10-13,2023,10,4,286,-0.866,0.5,Nawa,Manioc,Argileux,Pluies,220.0,26.2,88.1,0,17.96
2022-11-06,2022,11,4,310,-0.5,0.866,Haut-Sassandra,Cacao,Sablonneux,Seche,61.7,30.1,66.0,0,1.12
2023-12-20,2023,12,4,354,-0.0,1.0,Haut-Sassandra,Cacao,Argileux,Seche,36.2,30.0,63.1,0,1.13
2021-01-06,2021,1,1,6,0.5,0.866,Haut-Sassandra,Manioc,Limoneux,Seche,16.2,30.1,70.6,1,13.41
2023-09-09,2023,9,3,252,-1.0,-0.0,Haut-Sassandra,Manioc,Argileux,Pluies,209.5,27.4,88.5,1,16.17
2022-07-24,2022,7,3,205,-0.5,-0.866,Haut-Sassandra,Cacao,Limoneux,Pluies,189.6,24.1,88.1,0,1.73
2022-02-11,2022,2,1,42,0.866,0.5,Haut-Sassandra,Cacao,Argileux,Seche,45.5,30.2,76.1,0,1.18
2024-05-25,2024,5,2,146,0.5,-0.866,Haut-Sassandra,Cacao,Argileux,Pluies,173.3,29.6,85.6,1,1.14
2021-01-26,2021,1,1,26,0.5,0.866,Poro,Maïs,Sablonneux,Seche,21.3,32.1,38.5,0,1.2
2023-10-26,2023,10,4,299,-0.866,0.5,Poro,Anacarde,Limoneux,Seche,20.3,38.3,31.9,0,0.79
2023-09-13,2023,9,3,256,-1.0,-0.0,Nawa,Anacarde,Limoneux,Pluies,181.5,23.5,98.1,1,0.57
2022-01-25,2022,1,1,25,0.5,0.866,Poro,Anacarde,Argileux,Seche,11.7,30.2,36.9,0,0.71
2022-12-11,2022,12,4,345,-0.0,1.0,Haut-Sassandra,Cacao,Limoneux,Seche,40.9,31.0,84.1,0,1.13
2022-07-25,2022,7,3,206,-0.5,-0.866,Nawa,Manioc,Limoneux,Pluies,194.8,27.2,76.6,0,14.8
2023-01-24,2023,1,1,24,0.5,0.866,Nawa,Cacao,Argileux,Seche,31.7,27.9,69.8,0,1.19
2021-05-26,2021,5,2,146,0.5,-0.866,Haut-Sassandra,Cacao,Limoneux,Pluies,245.6,26.6,93.7,1,1.2
2024-11-12,2024,11,4,317,-0.5,0.866,Haut-Sassandra,Cacao,Sablonneux,Seche,38.9,31.7,64.5,0,1.11
2023-02-24,2023,2,1,55,0.866,0.5,Poro,Anacarde,Sablonneux,Seche,10.6,32.6,39.6,0,0.79
2024-06-26,2024,6,2,178,0.0,-1.0,Nawa,Cacao,Argileux,Pluies,164.7,26.7,87.9,0,1.62
2022-06-10,2022,6,2,161,0.0,-1.0,Nawa,Maïs,Limoneux,Pluies,191.0,23.1,88.3,0,1.93
2021-01-13,2021,1,1,13,0.5,0.866,Haut-Sassandra,Cacao,Limoneux,Seche,25.7,27.3,62.9,0,1.18
2023-06-22,2023,6,2,173,0.0,-1.0,Nawa,Cacao,Limoneux,Pluies,104.0,24.7,87.0,1,1.07
2022-01-19,2022,1,1,19,0.5,0.866,Haut-Sassandra,Cacao,Argileux,Seche,61.6,31.8,77.5,0,0.96
2022-07-10,2022,7,3,191,-0.5,-0.866,Haut-Sassandra,Cacao,Sablonneux,Pluies,156.5,27.6,92.7,0,1.88
2023-06-06,2023,6,2,157,0.0,-1.0,Haut-Sassandra,Cacao,Limoneux,Pluies,226.2,24.5,85.5,0,1.62
2024-11-23,2024,11,4,328,-0.5,0.866,Haut-Sassandra,Cacao,Limoneux,Seche,35.7,32.8,82.1,0,1.16
2021-01-19,2021,1,1,19,0.5,0.866,Nawa,Manioc,Limoneux,Seche,44.9,33.1,62.2,0,11.73
2022-07-29,2022,7,3,210,-0.5,-0.866,Poro,Anacarde,Sablonneux,Pluies,165.8,28.4,71.5,0,1.01
2023-01-21,2023,1,1,21,0.5,0.866,Haut-Sassandra,Cacao,Limoneux,Seche,68.5,30.6,77.1,0,1.18
2023-10-01,2023,10,4,274,-0.866,0.5,Haut-Sassandra,Cacao,Argileux,Pluies,245.6,26.6,86.4,0,1.03
2022-02-23,2022,2,1,54,0.866,0.5,Haut-Sassandra,Manioc,Argileux,Seche,59.6,30.4,61.1,0,11.88
2024-09-22,2024,9,3,266,-1.0,-0.0,Nawa,Anacarde,Limoneux,Pluies,155.9,21.7,94.2,1,0.35
2022-02-23,2022,2,1,54,0.866,0.5,Haut-Sassandra,Manioc,Limoneux,Seche,67.8,30.4,79.1,0,12.3
2021-05-02,2021,5,2,122,0.5,-0.866,Haut-Sassandra,Cacao,Sablonneux,Pluies,236.4,27.2,85.8,1,1.09
2022-03-08,2022,3,1,67,1.0,0.0,Nawa,Cacao,Sablonneux,Seche,25.0,29.1,69.4,0,1.18
2021-02-13,2021,2,1,44,0.866,0.5,Nawa,Cacao,Sablonneux,Seche,72.4,30.6,70.9,0,1.11
2024-09-02,2024,9,3,246,-1.0,-0.0,Nawa,Manioc,Argileux,Pluies,148.3,26.9,82.6,1,16.08
2022-01-16,2022,1,1,16,0.5,0.866,Poro,Anacarde,Sablonneux,Seche,15.1,31.6,29.7,0,0.76
2021-05-25,2021,5,2,145,0.5,-0.866,Haut-Sassandra,Cacao,Limoneux,Pluies,197.5,25.7,89.7,1,1.71
2024-09-12,2024,9,3,256,-1.0,-0.0,Nawa,Maïs,Limoneux,Pluies,186.5,27.8,86.3,1,1.57
2021-12-29,2021,12,4,363,-0.0,1.0,Nawa,Cacao,Argileux,Seche,56.0,29.8,64.0,0,1.03
2023-12-10,2023,12,4,344,-0.0,1.0,Haut-Sassandra,Manioc,Argileux,Seche,75.9,31.1,65.6,0,12.07
2023-12-25,2023,12,4,359,-0.0,1.0,Haut-Sassandra,Cacao,Limoneux,Seche,9.4,29.2,71.3,0,1.11
2021-12-21,2021,12,4,355,-0.0,1.0,Nawa,Manioc,Argileux,Seche,65.7,30.1,66.8,1,11.4
2023-03-11,2023,3,1,70,1.0,0.0,Haut-Sassandra,Cacao,Argileux,Seche,30.8,30.7,65.8,0,1.01
2024-04-02,2024,4,2,93,0.866,-0.5,Nawa,Cacao,Argileux,Seche,68.0,27.5,64.8,1,1.05
2024-03-10,2024,3,1,70,1.0,0.0,Haut-Sassandra,Cacao,Limoneux,Seche,76.6,30.3,64.8,0,1.15
2023-04-06,2023,4,2,96,0.866,-0.5,Nawa,Cacao,Limoneux,Seche,54.2,28.8,69.6,1,1.07
2024-02-26,2024,2,1,57,0.866,0.5,Poro,Anacarde,Sablonneux,Seche,20.2,34.1,48.2,0,0.67
2022-02-02,2022,2,1,33,0.866,0.5,Nawa,Maïs,Argileux,Seche,18.3,31.2,71.3,0,1.39
2023-05-30,2023,5,2,150,0.5,-0.866,Haut-Sassandra,Cacao,Sablonneux,Pluies,163.4,24.8,88.0,1,1.62
2022-04-08,2022,4,2,98,0.866,-0.5,Nawa,Maïs,Limoneux,Seche,36.7,28.1,75.9,1,1.3
2023-03-19,2023,3,1,78,1.0,0.0,Haut-Sassandra,Cacao,Argileux,Seche,29.0,32.8,76.4,0,1.1
2021-07-06,2021,7,3,187,-0.5,-0.866,Haut-Sassandra,Maïs,Argileux,Pluies,138.0,25.5,88.9,0,1.99
2023-01-02,2023,1,1,2,0.5,0.866,Nawa,Cacao,Argileux,Seche,40.1,29.5,61.0,0,1.16
2024-04-28,2024,4,2,119,0.866,-0.5,Haut-Sassandra,Manioc,Limoneux,Seche,45.1,31.2,71.3,1,12.98
2024-11-12,2024,11,4,317,-0.5,0.866,Haut-Sassandra,Cacao,Limoneux,Seche,62.2,27.4,68.5,0,1.04
2022-03-05,2022,3,1,64,1.0,0.0,Nawa,Anacarde,Limoneux,Seche,30.2,31.0,71.3,0,0.41
2023-05-08,2023,5,2,128,0.5,-0.866,Nawa,Manioc,Argileux,Pluies,212.9,23.6,85.4,1,20.06
2024-07-31,2024,7,3,213,-0.5,-0.866,Nawa,Manioc,Sablonneux,Pluies,164.6,27.8,95.5,0,18.21
2021-08-25,2021,8,3,237,-0.866,-0.5,Poro,Anacarde,Sablonneux,Pluies,159.3,27.0,83.5,0,1.22
2024-05-02,2024,5,2,123,0.5,-0.866,Poro,Anacarde,Sablonneux,Seche,22.4,33.1,43.3,1,0.7
2024-08-03,2024,8,3,216,-0.866,-0.5,Haut-Sassandra,Cacao,Limoneux,Seche,40.9,27.1,75.9,1,1.23
2023-02-10,2023,2,1,41,0.866,0.5,Poro,Anacarde,Limoneux,Seche,15.0,37.7,43.5,0,0.78
2023-01-28,2023,1,1,28,0.5,0.866,Poro,Maïs,Sablonneux,Seche,23.9,35.6,45.7,0,1.34
2021-05-16,2021,5,2,136,0.5,-0.866,Poro,Anacarde,Argileux,Seche,19.5,40.9,39.2,1,0.84
2023-03-03,2023,3,1,62,1.0,0.0,Nawa,Manioc,Limoneux,Seche,53.0,30.6,70.9,1,12.63
2021-06-20,2021,6,2,171,0.0,-1.0,Haut-Sassandra,Manioc,Argileux,Pluies,228.7,26.6,90.4,0,17.76
2021-06-08,2021,6,2,159,0.0,-1.0,Haut-Sassandra,Cacao,Limoneux,Pluies,195.9,27.0,88.7,0,1.59
2021-07-20,2021,7,3,201,-0.5,-0.866,Nawa,Manioc,Limoneux,Pluies,238.0,27.3,87.5,0,11.53
2023-08-20,2023,8,3,232,-0.866,-0.5,Haut-Sassandra,Cacao,Argileux,Seche,48.3,31.3,64.7,1,1.11
2022-08-06,2022,8,3,218,-0.866,-0.5,Haut-Sassandra,Maïs,Limoneux,Seche,70.0,31.0,69.4,1,1.43
2023-05-26,2023,5,2,146,0.5,-0.866,Nawa,Cacao,Argileux,Pluies,197.4,27.4,79.8,1,1.67
2022-01-06,2022,1,1,6,0.5,0.866,Haut-Sassandra,Cacao,Limoneux,Seche,64.8,28.6,66.7,0,1.21
2021-04-13,2021,4,2,103,0.866,-0.5,Nawa,Cacao,Limoneux,Seche,65.2,32.2,66.4,1,1.06
2023-09-29,2023,9,3,272,-1.0,-0.0,Poro,Manioc,Sablonneux,Pluies,146.8,25.6,79.5,1,7.9
2024-02-23,2024,2,1,54,0.866,0.5,Nawa,Cacao,Argileux,Seche,54.7,31.0,65.6,0,1.25
2024-08-29,2024,8,3,242,-0.866,-0.5,Nawa,Cacao,Argileux,Seche,45.1,31.7,72.0,1,1.13
2023-09-03,2023,9,3,246,-1.0,-0.0,Nawa,Cacao,Limoneux,Pluies,186.7,28.3,86.8,1,1.61
2023-03-09,2023,3,1,68,1.0,0.0,Nawa,Cacao,Limoneux,Seche,47.2,30.4,63.0,0,1.09
2024-06-07,2024,6,2,159,0.0,-1.0,Nawa,Manioc,Limoneux,Pluies,148.8,25.7,81.8,0,19.1
2022-10-20,2022,10,4,293,-0.866,0.5,Nawa,Maïs,Argileux,Pluies,142.4,25.7,76.4,1,1.94
2023-06-01,2023,6,2,152,0.0,-1.0,Nawa,Maïs,Argileux,Pluies,164.9,26.3,88.4,0,1.9
2024-05-05,2024,5,2,126,0.5,-0.866,Haut-Sassandra,Maïs,Argileux,Pluies,253.4,24.8,85.2,1,1.24
2023-01-03,2023,1,1,3,0.5,0.866,Haut-Sassandra,Cacao,Argileux,Seche,8.1,31.3,77.0,0,1.09
2022-02-27,2022,2,1,58,0.866,0.5,Haut-Sassandra,Maïs,Limoneux,Seche,41.5,28.7,72.2,0,1.3
2022-07-26,2022,7,3,207,-0.5,-0.866,Nawa,Manioc,Argileux,Pluies,184.7,25.0,82.5,1,16.31
2021-06-20,2021,6,2,171,0.0,-1.0,Poro,Anacarde,Argileux,Pluies,108.9,27.9,73.4,1,0.72
2024-11-06,2024,11,4,311,-0.5,0.866,Poro,Anacarde,Sablonneux,Seche,9.7,37.0,35.6,0,0.59
2021-06-22,2021,6,2,173,0.0,-1.0,Nawa,Maïs,Limoneux,Pluies,225.7,27.3,92.0,0,1.89
2022-10-25,2022,10,4,298,-0.866,0.5,Haut-Sassandra,Cacao,Sablonneux,Pluies,181.6,30.4,83.7,0,1.17
2022-03-29,2022,3,1,88,1.0,0.0,Haut-Sassandra,Manioc,Limoneux,Seche,22.5,27.9,72.5,0,12.23
2021-12-16,2021,12,4,350,-0.0,1.0,Poro,Maïs,Sablonneux,Seche,31.6,30.9,53.3,0,1.16
2022-05-09,2022,5,2,129,0.5,-0.866,Haut-Sassandra,Manioc,Sablonneux,Pluies,192.8,26.7,80.2,1,17.56
2022-09-12,2022,9,3,255,-1.0,-0.0,Haut-Sassandra,Cacao,Argileux,Pluies,173.5,25.8,95.1,1,1.52
2023-10-25,2023,10,4,298,-0.866,0.5,Poro,Manioc,Sablonneux,Seche,21.7,32.0,40.0,0,6.25
2024-01-22,2024,1,1,22,0.5,0.866,Nawa,Cacao,Limoneux,Seche,114.5,31.3,72.2,0,1.14
2023-07-08,2023,7,3,189,-0.5,-0.866,Haut-Sassandra,Cacao,Argileux,Pluies,174.1,27.4,81.1,0,1.71
2021-01-06,2021,1,1,6,0.5,0.866,Poro,Anacarde,Limoneux,Seche,15.5,33.7,28.7,1,0.83
2021-10-15,2021,10,4,288,-0.866,0.5,Haut-Sassandra,Cacao,Limoneux,Pluies,155.5,28.2,92.4,0,1.69
2024-03-15,2024,3,1,75,1.0,0.0,Nawa,Manioc,Limoneux,Seche,33.0,25.6,68.4,0,11.95
2024-12-18,2024,12,4,353,-0.0,1.0,Haut-Sassandra,Manioc,Argileux,Seche,46.8,32.8,66.8,0,10.57
2022-08-31,2022,8,3,243,-0.866,-0.5,Haut-Sassandra,Cacao,Sablonneux,Seche,56.0,31.5,77.1,1,1.12
2022-04-02,2022,4,2,92,0.866,-0.5,Poro,Anacarde,Sablonneux,Seche,7.5,30.3,34.8,0,0.81
2024-05-10,2024,5,2,131,0.5,-0.866,Haut-Sassandra,Cacao,Limoneux,Pluies,123.4,26.8,88.2,1,1.54
2024-05-20,2024,5,2,141,0.5,-0.866,Haut-Sassandra,Manioc,Limoneux,Pluies,177.4,30.6,89.8,1,11.48
2023-10-27,2023,10,4,300,-0.866,0.5,Nawa,Cacao,Sablonneux,Pluies,206.9,28.5,88.2,0,1.7
2022-09-16,2022,9,3,259,-1.0,-0.0,Poro,Maïs,Sablonneux,Pluies,221.2,28.0,80.3,0,1.78
2022-01-11,2022,1,1,11,0.5,0.866,Haut-Sassandra,Cacao,Argileux,Seche,40.1,27.7,59.1,0,1.24
2022-03-23,2022,3,1,82,1.0,0.0,Haut-Sassandra,Cacao,Sablonneux,Seche,77.8,28.0,74.1,0,1.04
2023-04-15,2023,4,2,105,0.866,-0.5,Haut-Sassandra,Cacao,Sablonneux,Seche,32.6,29.0,72.6,1,1.25
2024-02-04,2024,2,1,35,0.866,0.5,Poro,Anacarde,Argileux,Seche,1.5,40.4,46.0,0,0.82
2023-03-22,2023,3,1,81,1.0,0.0,Poro,Anacarde,Argileux,Seche,13.1,36.2,34.6,0,0.78
2024-11-25,2024,11,4,330,-0.5,0.866,Poro,Cacao,Limoneux,Seche,0.0,35.2,46.4,0,0.5
2024-01-25,2024,1,1,25,0.5,0.866,Poro,Cacao,Argileux,Seche,15.9,25.6,57.6,0,0.55
2024-11-12,2024,11,4,317,-0.5,0.866,Nawa,Manioc,Argileux,Seche,0.0,26.5,68.1,0,10.5
2023-08-17,2023,8,3,229,-0.866,-0.5,Haut-Sassandra,Cacao,Limoneux,Seche,35.9,33.2,63.7,1,1.18
2023-04-29,2023,4,2,119,0.866,-0.5,Nawa,Cacao,Argileux,Seche,29.2,29.2,60.0,1,1.27
2023-03-20,2023,3,1,79,1.0,0.0,Haut-Sassandra,Manioc,Limoneux,Seche,39.6,30.9,72.0,0,11.24
2023-09-06,2023,9,3,249,-1.0,-0.0,Poro,Maïs,Sablonneux,Pluies,140.3,27.2,72.9,0,2.12
2022-02-20,2022,2,1,51,0.866,0.5,Poro,Anacarde,Argileux,Seche,21.6,33.8,49.5,0,0.77
2022-12-27,2022,12,4,361,-0.0,1.0,Poro,Anacarde,Limoneux,Seche,3.5,30.2,49.1,0,0.84
2022-03-30,2022,3,1,89,1.0,0.0,Nawa,Cacao,Limoneux,Seche,71.6,31.9,70.8,0,1.18
2024-08-07,2024,8,3,220,-0.866,-0.5,Haut-Sassandra,Cacao,Sablonneux,Seche,54.7,31.7,60.8,1,1.2
2024-05-01,2024,5,2,122,0.5,-0.866,Poro,Anacarde,Argileux,Seche,1.7,28.1,46.6,1,0.89
2021-05-30,2021,5,2,150,0.5,-0.866,Nawa,Anacarde,Limoneux,Pluies,141.8,24.9,88.0,1,0.6
2023-01-29,2023,1,1,29,0.5,0.866,Poro,Maïs,Sablonneux,Seche,7.7,33.8,44.8,0,1.47
2023-02-18,2023,2,1,49,0.866,0.5,Nawa,Anacarde,Argileux,Seche,75.4,31.5,56.3,0,0.42
2023-08-31,2023,8,3,243,-0.866,-0.5,Nawa,Cacao,Limoneux,Seche,70.0,26.6,68.2,1,1.13
2023-02-02,2023,2,1,33,0.866,0.5,Haut-Sassandra,Manioc,Limoneux,Seche,36.5,26.0,58.7,0,14.33
2023-09-29,2023,9,3,272,-1.0,-0.0,Haut-Sassandra,Cacao,Argileux,Pluies,185.2,26.7,87.7,1,1.5
2024-11-17,2024,11,4,322,-0.5,0.866,Nawa,Cacao,Limoneux,Seche,44.8,32.0,72.8,0,1.24
2024-09-01,2024,9,3,245,-1.0,-0.0,Haut-Sassandra,Maïs,Limoneux,Pluies,163.9,24.8,88.1,1,1.85
2021-03-17,2021,3,1,76,1.0,0.0,Poro,Anacarde,Limoneux,Seche,14.8,32.3,35.7,0,0.79
2022-08-22,2022,8,3,234,-0.866,-0.5,Haut-Sassandra,Maïs,Limoneux,Seche,41.3,30.2,71.3,1,1.15
2024-07-17,2024,7,3,199,-0.5,-0.866,Poro,Maïs,Limoneux,Pluies,198.4,32.1,80.0,0,1.35
2021-08-13,2021,8,3,225,-0.866,-0.5,Nawa,Maïs,Limoneux,Seche,11.1,31.3,74.7,1,1.2
2021-04-23,2021,4,2,113,0.866,-0.5,Poro,Anacarde,Sablonneux,Seche,4.9,33.1,43.8,0,0.82
2021-09-08,2021,9,3,251,-1.0,-0.0,Poro,Anacarde,Sablonneux,Pluies,175.7,23.1,72.6,0,1.21
2024-06-10,2024,6,2,162,0.0,-1.0,Nawa,Cacao,Argileux,Pluies,238.5,28.5,89.3,0,1.28
2023-04-21,2023,4,2,111,0.866,-0.5,Haut-Sassandra,Manioc,Sablonneux,Seche,64.5,29.8,74.5,1,12.05
2022-12-15,2022,12,4,349,-0.0,1.0,Nawa,Maïs,Sablonneux,Seche,40.0,30.7,58.8,1,1.27
2024-01-12,2024,1,1,12,0.5,0.866,Haut-Sassandra,Cacao,Argileux,Seche,31.0,27.1,58.7,0,1.08
2021-05-05,2021,5,2,125,0.5,-0.866,Poro,Maïs,Sablonneux,Seche,11.6,34.1,41.1,1,1.36
2024-04-13,2024,4,2,104,0.866,-0.5,Haut-Sassandra,Cacao,Sablonneux,Seche,32.2,27.9,65.2,1,1.17
2023-12-29,2023,12,4,363,-0.0,1.0,Poro,Maïs,Sablonneux,Seche,14.1,36.1,44.8,0,1.17
2023-12-07,2023,12,4,341,-0.0,1.0,Nawa,Manioc,Sablonneux,Seche,42.1,30.7,65.2,0,11.06
2023-06-03,2023,6,2,154,0.0,-1.0,Haut-Sassandra,Cacao,Limoneux,Pluies,240.5,26.4,82.7,0,1.11
2024-07-03,2024,7,3,185,-0.5,-0.866,Nawa,Maïs,Argileux,Pluies,250.4,26.1,84.9,0,1.16
2021-01-30,2021,1,1,30,0.5,0.866,Nawa,Cacao,Argileux,Seche,35.1,32.6,69.8,0,1.19
2021-10-08,2021,10,4,281,-0.866,0.5,Haut-Sassandra,Manioc,Argileux,Pluies,182.9,27.3,79.0,0,14.57
2023-07-13,2023,7,3,194,-0.5,-0.866,Nawa,Cacao,Argileux,Pluies,155.8,27.4,84.0,0,1.77
2024-06-14,2024,6,2,166,0.0,-1.0,Haut-Sassandra,Cacao,Limoneux,Pluies,271.0,28.0,90.2,1,1.06
2024-06-25,2024,6,2,177,0.0,-1.0,Poro,Anacarde,Sablonneux,Pluies,169.7,27.6,74.7,1,1.23
2022-01-03,2022,1,1,3,0.5,0.866,Haut-Sassandra,Cacao,Argileux,Seche,16.3,28.0,65.1,1,1.14
2022-05-10,2022,5,2,130,0.5,-0.866,Haut-Sassandra,Manioc,Argileux,Pluies,219.3,28.0,91.4,1,15.61
2023-11-15,2023,11,4,319,-0.5,0.866,Nawa,Manioc,Argileux,Seche,62.7,27.5,68.0,0,12.31
2022-12-19,2022,12,4,353,-0.0,1.0,Haut-Sassandra,Anacarde,Limoneux,Seche,74.7,31.5,61.1,0,0.4
2023-10-14,2023,10,4,287,-0.866,0.5,Haut-Sassandra,Cacao,Limoneux,Pluies,217.1,28.0,88.8,0,1.71
2024-08-30,2024,8,3,243,-0.866,-0.5,Nawa,Manioc,Argileux,Seche,11.0,32.7,70.7,0,12.29
2022-08-29,2022,8,3,241,-0.866,-0.5,Haut-Sassandra,Cacao,Argileux,Seche,50.7,29.4,67.9,1,1.08
2022-01-10,2022,1,1,10,0.5,0.866,Nawa,Manioc,Limoneux,Seche,62.2,31.0,75.8,0,11.96
2022-10-01,2022,10,4,274,-0.866,0.5,Nawa,Manioc,Limoneux,Pluies,162.8,26.2,81.1,0,16.54
2023-11-15,2023,11,4,319,-0.5,0.866,Poro,Anacarde,Sablonneux,Seche,0.0,30.5,44.6,0,0.82
2024-09-19,2024,9,3,263,-1.0,-0.0,Haut-Sassandra,Manioc,Limoneux,Pluies,127.3,26.5,87.9,1,16.33
2024-10-10,2024,10,4,284,-0.866,0.5,Nawa,Maïs,Sablonneux,Pluies,260.0,22.5,84.1,0,1.24
2021-04-26,2021,4,2,116,0.866,-0.5,Nawa,Cacao,Argileux,Seche,33.7,28.0,60.5,1,1.14
2021-02-17,2021,2,1,48,0.866,0.5,Nawa,Maïs,Argileux,Seche,81.2,27.6,59.5,0,1.34
2021-04-09,2021,4,2,99,0.866,-0.5,Haut-Sassandra,Maïs,Argileux,Seche,25.2,31.6,73.7,1,1.36
2022-02-09,2022,2,1,40,0.866,0.5,Poro,Anacarde,Limoneux,Seche,13.4,30.8,50.1,0,0.77
2024-05-22,2024,5,2,143,0.5,-0.866,Nawa,Cacao,Argileux,Pluies,190.3,25.2,90.9,1,1.72
2022-11-16,2022,11,4,320,-0.5,0.866,Haut-Sassandra,Cacao,Argileux,Seche,11.4,31.1,69.1,0,1.04
2023-06-22,2023,6,2,173,0.0,-1.0,Poro,Anacarde,Sablonneux,Pluies,180.3,26.8,88.0,1,1.14
2022-05-18,2022,5,2,138,0.5,-0.866,Haut-Sassandra,Cacao,Argileux,Pluies,127.1,24.4,84.0,1,1.75
2023-06-13,2023,6,2,164,0.0,-1.0,Nawa,Cacao,Argileux,Pluies,206.7,23.9,85.8,0,1.66
2021-09-15,2021,9,3,258,-1.0,-0.0,Poro,Anacarde,Sablonneux,Pluies,142.1,29.9,76.0,0,0.74
2023-04-24,2023,4,2,114,0.866,-0.5,Haut-Sassandra,Cacao,Argileux,Seche,25.0,33.2,63.1,1,1.02
2021-05-01,2021,5,2,121,0.5,-0.866,Haut-Sassandra,Anacarde,Sablonneux,Pluies,205.5,26.2,82.5,1,0.57
2023-03-21,2023,3,1,80,1.0,0.0,Haut-Sassandra,Manioc,Argileux,Seche,37.6,32.0,70.5,0,11.34
2023-09-05,2023,9,3,248,-1.0,-0.0,Haut-Sassandra,Manioc,Argileux,Pluies,209.2,27.4,83.1,1,15.73
2021-02-23,2021,2,1,54,0.866,0.5,Haut-Sassandra,Manioc,Argileux,Seche,43.3,28.7,65.5,0,12.11
2023-10-16,2023,10,4,289,-0.866,0.5,Nawa,Cacao,Argileux,Pluies,257.3,28.8,82.1,0,1.08
2024-09-16,2024,9,3,260,-1.0,-0.0,Poro,Anacarde,Argileux,Pluies,164.5,27.8,72.7,0,1.08
2023-02-23,2023,2,1,54,0.866,0.5,Nawa,Manioc,Limoneux,Seche,32.7,27.8,63.5,0,10.87
2021-08-29,2021,8,3,241,-0.866,-0.5,Haut-Sassandra,Manioc,Argileux,Seche,63.9,30.0,55.2,1,10.6
2022-04-28,2022,4,2,118,0.866,-0.5,Haut-Sassandra,Manioc,Limoneux,Seche,37.2,29.7,75.1,1,10.58
2023-10-10,2023,10,4,283,-0.866,0.5,Nawa,Cacao,Limoneux,Pluies,171.6,25.3,84.7,0,1.65
2021-07-06,2021,7,3,187,-0.5,-0.866,Nawa,Cacao,Argileux,Pluies,174.8,22.8,85.7,0,1.01
2022-10-18,2022,10,4,291,-0.866,0.5,Poro,Anacarde,Sablonneux,Seche,6.7,28.7,34.0,0,0.85
2021-09-19,2021,9,3,262,-1.0,-0.0,Nawa,Manioc,Sablonneux,Pluies,197.4,26.0,83.5,1,17.1
2023-08-11,2023,8,3,223,-0.866,-0.5,Haut-Sassandra,Cacao,Limoneux,Seche,40.2,30.0,77.7,1,0.91
2024-10-19,2024,10,4,293,-0.866,0.5,Nawa,Cacao,Sablonneux,Pluies,223.6,27.7,88.7,0,1.6
2022-05-06,2022,5,2,126,0.5,-0.866,Poro,Anacarde,Sablonneux,Seche,1.5,31.6,48.7,1,0.65
2022-03-07,2022,3,1,66,1.0,0.0,Nawa,Cacao,Sablonneux,Seche,47.5,31.4,68.1,0,1.23
2021-08-27,2021,8,3,239,-0.866,-0.5,Nawa,Manioc,Limoneux,Seche,25.7,27.3,74.3,1,11.94
2021-10-31,2021,10,4,304,-0.866,0.5,Haut-Sassandra,Cacao,Limoneux,Pluies,221.4,30.0,86.0,0,1.17
2021-10-25,2021,10,4,298,-0.866,0.5,Haut-Sassandra,Manioc,Argileux,Pluies,200.5,26.9,92.5,0,15.93
2021-03-17,2021,3,1,76,1.0,0.0,Poro,Maïs,Sablonneux,Seche,8.5,29.0,39.9,0,1.28
2024-09-18,2024,9,3,262,-1.0,-0.0,Poro,Maïs,Argileux,Pluies,210.0,27.8,82.3,0,1.96
2023-09-26,2023,9,3,269,-1.0,-0.0,Poro,Maïs,Limoneux,Pluies,149.2,29.2,75.5,0,1.33
2022-10-04,2022,10,4,277,-0.866,0.5,Nawa,Cacao,Limoneux,Pluies,152.4,27.0,82.0,0,1.61
2023-04-07,2023,4,2,97,0.866,-0.5,Haut-Sassandra,Manioc,Sablonneux,Seche,62.5,29.0,59.1,1,13.63
2021-10-10,2021,10,4,283,-0.866,0.5,Poro,Anacarde,Sablonneux,Seche,5.4,33.2,49.3,0,0.76
2022-08-14,2022,8,3,226,-0.866,-0.5,Nawa,Cacao,Argileux,Seche,37.8,29.2,61.2,1,1.27
2021-03-13,2021,3,1,72,1.0,0.0,Nawa,Cacao,Sablonneux,Seche,53.1,29.1,67.4,0,1.18
2024-07-10,2024,7,3,192,-0.5,-0.866,Poro,Manioc,Limoneux,Pluies,148.3,28.3,72.4,0,8.36
2022-12-04,2022,12,4,338,-0.0,1.0,Poro,Maïs,Sablonneux,Seche,17.3,41.1,56.1,0,1.34
2022-07-29,2022,7,3,210,-0.5,-0.866,Nawa,Cacao,Argileux,Pluies,221.5,30.2,90.3,0,1.12
2023-09-27,2023,9,3,270,-1.0,-0.0,Haut-Sassandra,Cacao,Sablonneux,Pluies,222.4,26.0,89.9,1,1.95
2023-06-11,2023,6,2,162,0.0,-1.0,Haut-Sassandra,Maïs,Argileux,Pluies,194.1,25.9,91.4,0,1.81
2021-01-12,2021,1,1,12,0.5,0.866,Haut-Sassandra,Cacao,Limoneux,Seche,28.2,29.0,73.3,1,1.2
2021-05-21,2021,5,2,141,0.5,-0.866,Haut-Sassandra,Cacao,Sablonneux,Pluies,221.4,26.5,90.0,1,1.59
2021-01-17,2021,1,1,17,0.5,0.866,Haut-Sassandra,Manioc,Sablonneux,Seche,8.3,32.1,63.9,0,11.58
2023-12-23,2023,12,4,357,-0.0,1.0,Haut-Sassandra,Manioc,Argileux,Seche,77.0,29.8,66.6,0,12.55
2021-09-10,2021,9,3,253,-1.0,-0.0,Haut-Sassandra,Cacao,Argileux,Pluies,230.9,28.1,83.6,1,1.16
2022-04-10,2022,4,2,100,0.866,-0.5,Haut-Sassandra,Manioc,Argileux,Seche,26.3,30.5,74.5,1,13.32
2022-01-11,2022,1,1,11,0.5,0.866,Haut-Sassandra,Cacao,Sablonneux,Seche,66.1,31.8,64.7,0,1.06
2023-09-08,2023,9,3,251,-1.0,-0.0,Nawa,Manioc,Limoneux,Pluies,235.2,27.5,88.6,1,9.85
2022-06-04,2022,6,2,155,0.0,-1.0,Poro,Maïs,Limoneux,Pluies,148.0,28.4,83.8,1,1.97
2021-03-31,2021,3,1,90,1.0,0.0,Nawa,Manioc,Argileux,Seche,52.1,31.1,65.8,0,10.95
2022-12-21,2022,12,4,355,-0.0,1.0,Haut-Sassandra,Cacao,Sablonneux,Seche,60.7,28.5,63.3,0,1.04
2023-03-15,2023,3,1,74,1.0,0.0,Nawa,Cacao,Argileux,Seche,48.8,29.3,62.5,0,1.09
2023-03-07,2023,3,1,66,1.0,0.0,Nawa,Cacao,Argileux,Seche,42.8,28.6,76.7,0,1.17
2022-09-22,2022,9,3,265,-1.0,-0.0,Haut-Sassandra,Manioc,Argileux,Pluies,239.1,23.9,97.1,1,11.39
2024-04-13,2024,4,2,104,0.866,-0.5,Haut-Sassandra,Cacao,Limoneux,Seche,38.8,28.8,70.1,1,1.15
2021-03-17,2021,3,1,76,1.0,0.0,Nawa,Cacao,Sablonneux,Seche,47.8,28.9,71.9,0,1.2
2023-07-15,2023,7,3,196,-0.5,-0.866,Haut-Sassandra,Cacao,Sablonneux,Pluies,123.3,24.9,84.9,0,1.64
2022-02-04,2022,2,1,35,0.866,0.5,Haut-Sassandra,Cacao,Limoneux,Seche,67.1,32.2,74.6,0,1.27
2023-08-28,2023,8,3,240,-0.866,-0.5,Nawa,Anacarde,Limoneux,Seche,74.9,29.4,58.5,1,0.36
2023-12-31,2023,12,4,365,-0.0,1.0,Haut-Sassandra,Cacao,Argileux,Seche,62.7,27.5,76.5,0,1.04
2024-04-18,2024,4,2,109,0.866,-0.5,Haut-Sassandra,Manioc,Argileux,Seche,40.8,29.2,62.7,1,11.8
2024-02-22,2024,2,1,53,0.866,0.5,Nawa,Cacao,Sablonneux,Seche,50.3,31.6,71.7,0,1.19
2024-11-05,2024,11,4,310,-0.5,0.866,Haut-Sassandra,Cacao,Sablonneux,Seche,9.6,29.9,62.6,0,1.13
2024-08-09,2024,8,3,222,-0.866,-0.5,Nawa,Cacao,Limoneux,Seche,91.0,28.6,61.3,1,1.38
2023-03-08,2023,3,1,67,1.0,0.0,Nawa,Cacao,Argileux,Seche,27.6,29.6,76.3,0,1.09
2021-07-14,2021,7,3,195,-0.5,-0.866,Poro,Anacarde,Sablonneux,Pluies,128.7,30.3,84.0,0,0.76
2021-08-16,2021,8,3,228,-0.866,-0.5,Poro,Anacarde,Sablonneux,Pluies,202.0,26.4,68.3,0,0.93
2024-12-25,2024,12,4,360,-0.0,1.0,Poro,Anacarde,Argileux,Seche,6.8,30.0,34.4,0,0.86
2024-12-30,2024,12,4,365,-0.0,1.0,Haut-Sassandra,Maïs,Limoneux,Seche,61.8,29.6,66.4,0,1.22
2022-04-06,2022,4,2,96,0.866,-0.5,Poro,Anacarde,Sablonneux,Seche,9.4,29.2,55.0,0,0.68
2022-09-10,2022,9,3,253,-1.0,-0.0,Nawa,Manioc,Argileux,Pluies,191.6,26.8,81.5,1,17.37
2023-11-11,2023,11,4,315,-0.5,0.866,Poro,Anacarde,Argileux,Seche,6.2,36.8,41.0,0,0.72
2021-03-05,2021,3,1,64,1.0,0.0,Nawa,Cacao,Limoneux,Seche,46.5,32.8,75.4,0,1.16
2021-06-14,2021,6,2,165,0.0,-1.0,Nawa,Cacao,Limoneux,Pluies,200.0,24.9,89.4,0,1.5
2021-01-27,2021,1,1,27,0.5,0.866,Nawa,Cacao,Sablonneux,Seche,62.4,28.2,75.5,0,1.1
2024-08-27,2024,8,3,240,-0.866,-0.5,Haut-Sassandra,Maïs,Argileux,Seche,76.5,28.3,76.5,1,1.2
2023-10-09,2023,10,4,282,-0.866,0.5,Poro,Maïs,Limoneux,Seche,18.4,27.8,33.7,0,1.34
2021-10-12,2021,10,4,285,-0.866,0.5,Poro,Anacarde,Sablonneux,Seche,20.6,31.6,46.2,0,0.76
2021-10-08,2021,10,4,281,-0.866,0.5,Haut-Sassandra,Cacao,Sablonneux,Pluies,176.6,25.7,86.8,0,1.56
2023-04-18,2023,4,2,108,0.866,-0.5,Poro,Anacarde,Sablonneux,Seche,12.1,34.8,39.7,0,0.79
2023-04-11,2023,4,2,101,0.866,-0.5,Haut-Sassandra,Manioc,Limoneux,Seche,14.6,32.4,65.5,1,11.58
2024-04-02,2024,4,2,93,0.866,-0.5,Poro,Manioc,Argileux,Seche,10.0,33.4,63.5,0,5.9
2023-07-07,2023,7,3,188,-0.5,-0.866,Poro,Anacarde,Argileux,Pluies,193.1,29.7,72.7,0,0.76
2021-08-12,2021,8,3,224,-0.866,-0.5,Haut-Sassandra,Manioc,Limoneux,Seche,75.5,27.8,78.5,1,10.61
2023-02-23,2023,2,1,54,0.866,0.5,Haut-Sassandra,Manioc,Limoneux,Seche,84.6,32.0,63.8,0,11.78
2024-03-15,2024,3,1,75,1.0,0.0,Haut-Sassandra,Cacao,Limoneux,Seche,66.1,30.6,76.4,0,1.12
2023-08-23,2023,8,3,235,-0.866,-0.5,Haut-Sassandra,Manioc,Limoneux,Seche,16.1,26.2,62.7,1,11.39
2023-08-08,2023,8,3,220,-0.866,-0.5,Nawa,Cacao,Limoneux,Seche,37.6,30.8,79.6,1,1.05
2023-11-20,2023,11,4,324,-0.5,0.866,Haut-Sassandra,Cacao,Argileux,Seche,46.7,28.6,64.2,0,1.08
2021-02-14,2021,2,1,45,0.866,0.5,Poro,Maïs,Sablonneux,Seche,0.0,36.6,59.7,0,1.23
2022-04-16,2022,4,2,106,0.866,-0.5,Poro,Maïs,Sablonneux,Seche,17.7,35.1,28.5,0,1.25
2021-02-03,2021,2,1,34,0.866,0.5,Nawa,Cacao,Argileux,Seche,77.7,27.8,60.5,0,1.23
2022-10-15,2022,10,4,288,-0.866,0.5,Haut-Sassandra,Manioc,Sablonneux,Pluies,224.3,24.4,89.9,0,15.29
2024-12-21,2024,12,4,356,-0.0,1.0,Nawa,Cacao,Sablonneux,Seche,58.8,25.2,73.3,0,1.3
2023-04-10,2023,4,2,100,0.866,-0.5,Poro,Anacarde,Argileux,Seche,10.2,36.5,20.9,0,0.73
2021-08-09,2021,8,3,221,-0.866,-0.5,Nawa,Anacarde,Limoneux,Seche,38.8,30.0,61.3,1,0.4
2022-06-18,2022,6,2,169,0.0,-1.0,Poro,Anacarde,Limoneux,Pluies,148.3,29.4,73.2,1,0.73
2022-11-23,2022,11,4,327,-0.5,0.866,Poro,Anacarde,Sablonneux,Seche,23.9,35.9,42.2,1,0.92
2024-10-22,2024,10,4,296,-0.866,0.5,Poro,Anacarde,Limoneux,Seche,23.1,31.7,48.0,0,0.71
2023-07-21,2023,7,3,202,-0.5,-0.866,Haut-Sassandra,Maïs,Limoneux,Pluies,171.2,27.4,82.6,0,1.81
2023-04-21,2023,4,2,111,0.866,-0.5,Haut-Sassandra,Cacao,Argileux,Seche,39.8,33.5,74.3,1,0.98
2023-10-08,2023,10,4,281,-0.866,0.5,Poro,Anacarde,Limoneux,Seche,5.5,34.8,50.9,0,0.64
2022-08-05,2022,8,3,217,-0.866,-0.5,Poro,Anacarde,Sablonneux,Pluies,113.3,28.0,67.2,0,0.99
2024-02-14,2024,2,1,45,0.866,0.5,Nawa,Cacao,Argileux,Seche,40.3,30.6,73.3,0,1.36
2021-08-27,2021,8,3,239,-0.866,-0.5,Nawa,Cacao,Argileux,Seche,27.5,29.7,65.1,1,1.09
2024-09-20,2024,9,3,264,-1.0,-0.0,Poro,Manioc,Argileux,Pluies,175.8,29.6,79.5,0,6.29
2022-03-17,2022,3,1,76,1.0,0.0,Haut-Sassandra,Cacao,Limoneux,Seche,35.7,33.0,64.9,0,1.18
2021-05-28,2021,5,2,148,0.5,-0.866,Haut-Sassandra,Maïs,Argileux,Pluies,198.9,29.6,86.7,1,1.24
2023-10-30,2023,10,4,303,-0.866,0.5,Haut-Sassandra,Manioc,Sablonneux,Pluies,116.3,23.6,81.7,0,17.03
2024-08-04,2024,8,3,217,-0.866,-0.5,Haut-Sassandra,Cacao,Argileux,Seche,31.6,28.4,86.9,1,1.07
2022-01-23,2022,1,1,23,0.5,0.866,Poro,Manioc,Limoneux,Seche,15.7,32.8,32.9,0,5.56
2023-12-10,2023,12,4,344,-0.0,1.0,Haut-Sassandra,Cacao,Limoneux,Seche,35.4,33.1,61.8,0,1.07
2023-07-05,2023,7,3,186,-0.5,-0.866,Nawa,Cacao,Argileux,Pluies,253.7,29.0,87.4,0,1.17
2022-09-30,2022,9,3,273,-1.0,-0.0,Haut-Sassandra,Cacao,Argileux,Pluies,208.2,26.3,92.7,1,1.66
2021-10-05,2021,10,4,278,-0.866,0.5,Haut-Sassandra,Cacao,Argileux,Pluies,189.4,27.9,88.4,0,1.48
2023-09-16,2023,9,3,259,-1.0,-0.0,Haut-Sassandra,Anacarde,Sablonneux,Pluies,204.4,27.1,91.9,1,0.55
2024-08-16,2024,8,3,229,-0.866,-0.5,Poro,Anacarde,Argileux,Pluies,141.5,29.0,78.8,0,1.07
2022-08-12,2022,8,3,224,-0.866,-0.5,Poro,Maïs,Sablonneux,Pluies,178.5,27.4,72.1,0,1.87
2022-10-11,2022,10,4,284,-0.866,0.5,Haut-Sassandra,Manioc,Sablonneux,Pluies,220.3,26.8,85.5,0,16.88
2022-09-10,2022,9,3,253,-1.0,-0.0,Haut-Sassandra,Maïs,Argileux,Pluies,150.0,26.9,85.2,1,1.88
2021-05-15,2021,5,2,135,0.5,-0.866,Haut-Sassandra,Cacao,Limoneux,Pluies,177.1,22.0,80.3,1,1.2
2022-08-03,2022,8,3,215,-0.866,-0.5,Haut-Sassandra,Manioc,Limoneux,Seche,56.1,28.3,73.7,1,13.06
2024-03-16,2024,3,1,76,1.0,0.0,Haut-Sassandra,Cacao,Argileux,Seche,32.1,26.6,69.5,0,1.18
2022-05-05,2022,5,2,125,0.5,-0.866,Nawa,Cacao,Limoneux,Pluies,216.1,26.4,86.7,1,2.02
2022-04-23,2022,4,2,113,0.866,-0.5,Haut-Sassandra,Maïs,Sablonneux,Seche,64.2,27.5,61.7,1,1.28
2024-03-28,2024,3,1,88,1.0,0.0,Nawa,Manioc,Limoneux,Seche,15.5,28.6,77.8,0,12.37
2022-01-19,2022,1,1,19,0.5,0.866,Poro,Maïs,Sablonneux,Seche,0.0,36.5,46.3,0,1.26
2021-06-12,2021,6,2,163,0.0,-1.0,Nawa,Manioc,Argileux,Pluies,215.4,27.2,91.5,0,19.43
2022-03-17,2022,3,1,76,1.0,0.0,Haut-Sassandra,Cacao,Argileux,Seche,46.1,28.5,65.8,0,1.12
2024-04-27,2024,4,2,118,0.866,-0.5,Nawa,Cacao,Argileux,Seche,28.9,30.8,60.6,1,1.13
2022-02-19,2022,2,1,50,0.866,0.5,Nawa,Manioc,Limoneux,Seche,62.8,27.5,65.5,0,12.41
2024-09-24,2024,9,3,268,-1.0,-0.0,Haut-Sassandra,Cacao,Argileux,Pluies,240.8,23.9,87.6,1,1.2
2024-04-19,2024,4,2,110,0.866,-0.5,Poro,Manioc,Sablonneux,Seche,23.8,28.9,39.8,0,7.21
2021-10-15,2021,10,4,288,-0.866,0.5,Nawa,Maïs,Argileux,Pluies,180.1,26.1,91.8,0,1.95
2021-07-06,2021,7,3,187,-0.5,-0.866,Nawa,Cacao,Argileux,Pluies,162.3,26.6,85.6,0,1.43
2024-03-07,2024,3,1,67,1.0,0.0,Nawa,Cacao,Argileux,Seche,29.7,34.1,72.9,0,1.12
2021-05-10,2021,5,2,130,0.5,-0.866,Poro,Anacarde,Sablonneux,Seche,1.4,35.5,44.0,1,0.67
2021-07-13,2021,7,3,194,-0.5,-0.866,Poro,Maïs,Limoneux,Pluies,183.7,25.3,71.7,0,1.82
2021-11-12,2021,11,4,316,-0.5,0.866,Haut-Sassandra,Manioc,Argileux,Seche,80.1,27.7,69.0,0,13.02
2021-05-24,2021,5,2,144,0.5,-0.866,Haut-Sassandra,Cacao,Argileux,Pluies,146.1,29.4,79.6,1,1.06
2021-01-16,2021,1,1,16,0.5,0.866,Nawa,Maïs,Limoneux,Seche,39.2,30.3,76.5,0,1.37
2024-08-18,2024,8,3,231,-0.866,-0.5,Nawa,Cacao,Argileux,Seche,71.2,34.2,75.3,1,1.08
2022-02-27,2022,2,1,58,0.866,0.5,Haut-Sassandra,Manioc,Argileux,Seche,24.5,32.5,68.1,0,12.5
2021-09-02,2021,9,3,245,-1.0,-0.0,Poro,Maïs,Sablonneux,Pluies,167.2,26.4,66.2,0,1.83
2023-07-16,2023,7,3,197,-0.5,-0.866,Haut-Sassandra,Manioc,Limoneux,Pluies,150.7,26.4,87.2,0,17.67
2024-02-05,2024,2,1,36,0.866,0.5,Nawa,Cacao,Sablonneux,Seche,62.3,32.2,80.0,0,1.17
2024-01-17,2024,1,1,17,0.5,0.866,Haut-Sassandra,Cacao,Argileux,Seche,21.2,32.5,75.1,0,1.08
2021-05-09,2021,5,2,129,0.5,-0.866,Poro,Maïs,Limoneux,Seche,9.3,32.8,40.3,1,1.22
2023-06-26,2023,6,2,177,0.0,-1.0,Nawa,Anacarde,Limoneux,Pluies,213.7,24.8,82.3,0,0.55
2023-06-06,2023,6,2,157,0.0,-1.0,Nawa,Cacao,Argileux,Pluies,184.8,27.1,88.6,0,1.69
2021-12-07,2021,12,4,341,-0.0,1.0,Nawa,Manioc,Argileux,Seche,29.4,34.8,69.1,0,12.18
2021-01-04,2021,1,1,4,0.5,0.866,Haut-Sassandra,Manioc,Sablonneux,Seche,80.1,30.7,76.5,0,11.76
2024-09-12,2024,9,3,256,-1.0,-0.0,Nawa,Cacao,Argileux,Pluies,159.6,25.9,76.1,1,1.82
2024-12-04,2024,12,4,339,-0.0,1.0,Poro,Manioc,Limoneux,Seche,2.8,29.8,51.8,0,5.93
2021-11-02,2021,11,4,306,-0.5,0.866,Haut-Sassandra,Maïs,Argileux,Seche,51.2,31.4,69.7,0,1.33
2023-06-27,2023,6,2,178,0.0,-1.0,Haut-Sassandra,Cacao,Limoneux,Pluies,135.6,24.4,83.2,0,1.75
2022-08-30,2022,8,3,242,-0.866,-0.5,Poro,Anacarde,Argileux,Pluies,145.8,29.0,83.8,0,1.12
2024-06-02,2024,6,2,154,0.0,-1.0,Haut-Sassandra,Manioc,Argileux,Pluies,169.3,28.6,94.4,0,18.07
2024-10-03,2024,10,4,277,-0.866,0.5,Poro,Anacarde,Sablonneux,Seche,7.2,35.2,33.5,0,0.83
2023-09-19,2023,9,3,262,-1.0,-0.0,Nawa,Cacao,Sablonneux,Pluies,163.7,26.5,84.2,1,1.52
2021-11-17,2021,11,4,321,-0.5,0.866,Nawa,Manioc,Argileux,Seche,66.3,32.8,62.1,0,12.05
2022-07-13,2022,7,3,194,-0.5,-0.866,Poro,Anacarde,Limoneux,Pluies,165.0,27.8,72.7,0,1.06
2024-04-19,2024,4,2,110,0.866,-0.5,Haut-Sassandra,Cacao,Limoneux,Seche,27.2,28.1,67.9,1,0.99
2022-09-10,2022,9,3,253,-1.0,-0.0,Poro,Maïs,Sablonneux,Pluies,203.2,27.3,73.3,0,1.75
2022-12-12,2022,12,4,346,-0.0,1.0,Nawa,Cacao,Limoneux,Seche,33.4,29.0,64.5,0,1.14
2024-11-10,2024,11,4,315,-0.5,0.866,Haut-Sassandra,Cacao,Limoneux,Seche,79.6,32.1,79.3,0,1.17
2024-02-06,2024,2,1,37,0.866,0.5,Haut-Sassandra,Manioc,Limoneux,Seche,18.3,28.6,68.8,0,11.14
2022-06-15,2022,6,2,166,0.0,-1.0,Nawa,Manioc,Limoneux,Pluies,200.8,29.5,93.1,0,11.56
2022-02-14,2022,2,1,45,0.866,0.5,Haut-Sassandra,Cacao,Limoneux,Seche,82.6,35.5,71.8,0,1.11
2024-08-12,2024,8,3,225,-0.866,-0.5,Haut-Sassandra,Cacao,Limoneux,Seche,26.8,27.6,73.8,1,1.08
2023-03-29,2023,3,1,88,1.0,0.0,Nawa,Cacao,Argileux,Seche,61.1,28.9,64.9,0,1.16
2024-04-09,2024,4,2,100,0.866,-0.5,Haut-Sassandra,Cacao,Argileux,Seche,62.3,26.9,59.7,1,1.01
2024-09-16,2024,9,3,260,-1.0,-0.0,Nawa,Manioc,Limoneux,Pluies,229.0,25.9,81.1,1,16.53
2022-05-08,2022,5,2,128,0.5,-0.866,Haut-Sassandra,Manioc,Argileux,Pluies,172.0,28.5,88.0,1,18.97
2024-05-03,2024,5,2,124,0.5,-0.866,Poro,Anacarde,Sablonneux,Seche,14.9,35.7,44.4,1,0.74
2021-01-12,2021,1,1,12,0.5,0.866,Nawa,Anacarde,Limoneux,Seche,30.2,28.7,63.4,0,0.44
2021-07-14,2021,7,3,195,-0.5,-0.866,Poro,Anacarde,Limoneux,Pluies,175.9,27.6,77.9,0,1.25
2022-05-05,2022,5,2,125,0.5,-0.866,Nawa,Cacao,Limoneux,Pluies,166.7,27.2,83.6,1,1.73
2023-03-06,2023,3,1,65,1.0,0.0,Nawa,Cacao,Argileux,Seche,47.5,32.5,67.5,0,1.22
2023-05-31,2023,5,2,151,0.5,-0.866,Haut-Sassandra,Maïs,Argileux,Pluies,153.3,24.6,82.4,1,1.89
2021-07-01,2021,7,3,182,-0.5,-0.866,Haut-Sassandra,Cacao,Limoneux,Pluies,152.6,28.2,85.6,0,1.92
2023-08-20,2023,8,3,232,-0.866,-0.5,Haut-Sassandra,Maïs,Limoneux,Seche,48.0,33.1,75.5,1,1.3
2022-10-18,2022,10,4,291,-0.866,0.5,Nawa,Cacao,Argileux,Pluies,140.2,27.3,86.4,0,1.61
2024-09-01,2024,9,3,245,-1.0,-0.0,Haut-Sassandra,Cacao,Limoneux,Pluies,245.7,25.8,86.7,1,1.14
2022-11-25,2022,11,4,329,-0.5,0.866,Nawa,Cacao,Limoneux,Seche,24.9,29.8,68.4,1,1.1
2021-01-30,2021,1,1,30,0.5,0.866,Poro,Anacarde,Argileux,Seche,21.2,39.2,47.2,0,0.75
2024-01-25,2024,1,1,25,0.5,0.866,Haut-Sassandra,Cacao,Sablonneux,Seche,17.8,29.4,69.8,0,1.16
2024-11-05,2024,11,4,310,-0.5,0.866,Poro,Anacarde,Sablonneux,Seche,4.6,31.6,54.4,0,0.73
2023-02-17,2023,2,1,48,0.866,0.5,Poro,Maïs,Argileux,Seche,7.4,34.2,46.7,0,1.47
2022-03-20,2022,3,1,79,1.0,0.0,Haut-Sassandra,Manioc,Argileux,Seche,45.2,25.2,82.0,0,13.31
2021-10-25,2021,10,4,298,-0.866,0.5,Nawa,Cacao,Limoneux,Pluies,158.3,24.3,80.5,0,1.64
2023-03-19,2023,3,1,78,1.0,0.0,Poro,Maïs,Sablonneux,Seche,6.7,35.1,36.4,0,1.19
2023-04-25,2023,4,2,115,0.866,-0.5,Haut-Sassandra,Cacao,Limoneux,Seche,60.7,31.2,71.8,1,1.29
2023-10-13,2023,10,4,286,-0.866,0.5,Nawa,Maïs,Argileux,Pluies,192.9,27.3,88.5,0,1.72
2024-10-16,2024,10,4,290,-0.866,0.5,Haut-Sassandra,Cacao,Limoneux,Pluies,223.9,27.5,83.6,0,1.68
2024-10-29,2024,10,4,303,-0.866,0.5,Haut-Sassandra,Cacao,Argileux,Pluies,161.0,29.5,86.3,0,1.22
2022-07-08,2022,7,3,189,-0.5,-0.866,Nawa,Maïs,Limoneux,Pluies,222.3,26.2,84.0,0,1.56
2021-10-30,2021,10,4,303,-0.866,0.5,Poro,Anacarde,Argileux,Seche,3.9,39.2,27.6,0,0.74
2022-02-25,2022,2,1,56,0.866,0.5,Haut-Sassandra,Cacao,Argileux,Seche,48.1,29.3,63.2,0,1.15
2024-06-23,2024,6,2,175,0.0,-1.0,Haut-Sassandra,Maïs,Argileux,Pluies,174.9,27.5,91.4,0,2.33
2024-06-14,2024,6,2,166,0.0,-1.0,Nawa,Maïs,Limoneux,Pluies,156.2,25.7,78.7,0,1.59
2021-07-04,2021,7,3,185,-0.5,-0.866,Haut-Sassandra,Maïs,Limoneux,Pluies,158.9,30.0,81.5,0,1.18
2022-04-13,2022,4,2,103,0.866,-0.5,Haut-Sassandra,Manioc,Argileux,Seche,41.3,29.8,57.6,1,12.14
2023-01-24,2023,1,1,24,0.5,0.866,Poro,Manioc,Limoneux,Seche,11.7,33.1,48.3,0,5.56
2021-12-29,2021,12,4,363,-0.0,1.0,Nawa,Maïs,Limoneux,Seche,65.3,29.5,77.7,0,1.26
2024-07-30,2024,7,3,212,-0.5,-0.866,Nawa,Maïs,Argileux,Pluies,182.9,27.3,90.2,0,2.03
2021-12-02,2021,12,4,336,-0.0,1.0,Haut-Sassandra,Cacao,Limoneux,Seche,53.6,31.3,75.6,0,1.13
2021-06-11,2021,6,2,162,0.0,-1.0,Haut-Sassandra,Cacao,Limoneux,Pluies,166.7,24.8,89.8,0,1.52
2024-03-29,2024,3,1,89,1.0,0.0,Poro,Manioc,Limoneux,Seche,20.5,32.7,50.9,0,6.23
2024-09-07,2024,9,3,251,-1.0,-0.0,Haut-Sassandra,Manioc,Argileux,Pluies,237.6,30.3,80.7,1,13.18
2021-01-12,2021,1,1,12,0.5,0.866,Haut-Sassandra,Maïs,Argileux,Seche,12.0,23.1,75.0,0,1.41
2024-12-18,2024,12,4,353,-0.0,1.0,Haut-Sassandra,Cacao,Argileux,Seche,45.5,29.8,73.8,0,1.13
2024-01-02,2024,1,1,2,0.5,0.866,Haut-Sassandra,Manioc,Limoneux,Seche,49.1,31.5,66.1,1,11.71
2022-08-11,2022,8,3,223,-0.866,-0.5,Nawa,Manioc,Limoneux,Seche,21.3,30.7,56.2,1,12.22
2021-07-20,2021,7,3,201,-0.5,-0.866,Nawa,Cacao,Argileux,Pluies,210.4,27.0,82.7,0,1.45
2022-06-06,2022,6,2,157,0.0,-1.0,Haut-Sassandra,Cacao,Limoneux,Pluies,109.7,27.6,84.1,0,1.06
2022-05-20,2022,5,2,140,0.5,-0.866,Nawa,Maïs,Argileux,Pluies,143.4,27.5,91.0,1,1.84
2023-02-27,2023,2,1,58,0.866,0.5,Poro,Maïs,Sablonneux,Seche,0.0,31.8,43.8,0,1.28
2023-11-29,2023,11,4,333,-0.5,0.866,Haut-Sassandra,Cacao,Limoneux,Seche,55.0,28.6,68.9,0,1.09
2021-03-01,2021,3,1,60,1.0,0.0,Haut-Sassandra,Cacao,Sablonneux,Seche,36.1,30.8,68.1,0,1.03
2022-08-01,2022,8,3,213,-0.866,-0.5,Haut-Sassandra,Cacao,Argileux,Seche,59.7,33.2,64.9,1,1.12
2021-11-17,2021,11,4,321,-0.5,0.866,Haut-Sassandra,Manioc,Sablonneux,Seche,44.5,32.0,61.3,0,11.63
2024-12-29,2024,12,4,364,-0.0,1.0,Nawa,Cacao,Argileux,Seche,61.3,29.3,72.6,0,1.22
2024-12-02,2024,12,4,337,-0.0,1.0,Nawa,Cacao,Sablonneux,Seche,66.1,30.7,70.4,0,1.09
2023-07-12,2023,7,3,193,-0.5,-0.866,Nawa,Maïs,Argileux,Pluies,233.3,26.8,80.1,0,1.15
2024-11-10,2024,11,4,315,-0.5,0.866,Nawa,Manioc,Limoneux,Seche,53.5,31.7,72.2,0,12.77
2022-07-23,2022,7,3,204,-0.5,-0.866,Poro,Manioc,Limoneux,Pluies,198.6,28.6,71.7,0,8.7
2024-01-07,2024,1,1,7,0.5,0.866,Nawa,Cacao,Limoneux,Seche,48.6,28.6,76.0,0,1.15
2024-05-02,2024,5,2,123,0.5,-0.866,Poro,Maïs,Sablonneux,Seche,8.6,30.9,42.3,1,1.3
2024-08-01,2024,8,3,214,-0.866,-0.5,Nawa,Manioc,Argileux,Seche,45.3,27.9,74.2,1,12.33
2022-06-11,2022,6,2,162,0.0,-1.0,Haut-Sassandra,Cacao,Limoneux,Pluies,155.8,22.6,87.9,0,1.13
2022-06-08,2022,6,2,159,0.0,-1.0,Nawa,Cacao,Argileux,Pluies,174.0,27.3,81.8,0,1.64
2022-09-05,2022,9,3,248,-1.0,-0.0,Poro,Anacarde,Sablonneux,Pluies,138.3,24.1,75.7,0,1.2
2024-03-25,2024,3,1,85,1.0,0.0,Nawa,Cacao,Limoneux,Seche,45.0,31.2,68.6,0,1.06
2024-09-25,2024,9,3,269,-1.0,-0.0,Haut-Sassandra,Cacao,Limoneux,Pluies,193.2,24.5,86.5,1,1.69
2021-05-05,2021,5,2,125,0.5,-0.866,Poro,Anacarde,Limoneux,Seche,9.5,38.7,53.7,1,0.77
2023-05-21,2023,5,2,141,0.5,-0.866,Poro,Anacarde,Argileux,Seche,11.9,34.0,45.9,1,0.75
2021-10-07,2021,10,4,280,-0.866,0.5,Haut-Sassandra,Maïs,Argileux,Pluies,147.5,29.5,81.2,0,1.25
2023-07-06,2023,7,3,187,-0.5,-0.866,Poro,Manioc,Sablonneux,Pluies,167.2,28.9,78.8,0,8.23
2022-09-14,2022,9,3,257,-1.0,-0.0,Haut-Sassandra,Manioc,Argileux,Pluies,263.2,23.8,82.5,1,11.34
2023-04-26,2023,4,2,116,0.866,-0.5,Haut-Sassandra,Cacao,Limoneux,Seche,41.6,29.4,58.4,1,1.1
2022-11-05,2022,11,4,309,-0.5,0.866,Poro,Anacarde,Argileux,Seche,0.0,30.6,36.2,0,0.72
2024-02-26,2024,2,1,57,0.866,0.5,Nawa,Cacao,Argileux,Seche,48.8,25.6,72.4,0,1.34
2021-11-10,2021,11,4,314,-0.5,0.866,Poro,Anacarde,Sablonneux,Seche,4.5,33.1,34.8,0,0.81
2021-11-28,2021,11,4,332,-0.5,0.866,Nawa,Manioc,Argileux,Seche,77.5,26.9,63.3,0,10.93
2024-03-19,2024,3,1,79,1.0,0.0,Poro,Anacarde,Argileux,Seche,16.4,32.1,48.3,0,0.79
2021-02-05,2021,2,1,36,0.866,0.5,Poro,Manioc,Limoneux,Seche,0.0,31.0,33.8,0,6.15
2024-12-14,2024,12,4,349,-0.0,1.0,Haut-Sassandra,Cacao,Limoneux,Seche,52.4,27.4,69.8,0,1.05
2023-11-12,2023,11,4,316,-0.5,0.866,Nawa,Cacao,Argileux,Seche,51.0,32.4,59.7,0,1.03
2021-07-25,2021,7,3,206,-0.5,-0.866,Haut-Sassandra,Cacao,Argileux,Pluies,180.5,23.0,87.1,0,1.59
2022-10-01,2022,10,4,274,-0.866,0.5,Haut-Sassandra,Maïs,Argileux,Pluies,176.7,26.5,87.0,0,1.82
2023-04-28,2023,4,2,118,0.866,-0.5,Haut-Sassandra,Cacao,Limoneux,Seche,62.6,27.8,60.5,1,1.13
2024-10-11,2024,10,4,285,-0.866,0.5,Haut-Sassandra,Cacao,Limoneux,Pluies,197.2,27.7,83.7,0,1.71
2022-03-16,2022,3,1,75,1.0,0.0,Nawa,Cacao,Argileux,Seche,55.2,30.4,56.7,0,1.09
2022-12-30,2022,12,4,364,-0.0,1.0,Nawa,Anacarde,Argileux,Seche,27.4,31.4,67.1,0,0.41
2024-01-25,2024,1,1,25,0.5,0.866,Poro,Anacarde,Sablonneux,Seche,0.0,31.5,42.7,0,0.73
2023-07-30,2023,7,3,211,-0.5,-0.866,Nawa,Cacao,Argileux,Pluies,217.5,27.1,85.5,0,1.6
2021-06-13,2021,6,2,164,0.0,-1.0,Nawa,Manioc,Sablonneux,Pluies,250.0,26.4,96.0,0,11.19
2021-05-28,2021,5,2,148,0.5,-0.866,Haut-Sassandra,Manioc,Sablonneux,Pluies,139.3,25.0,85.0,1,16.77
2021-10-21,2021,10,4,294,-0.866,0.5,Poro,Maïs,Sablonneux,Seche,11.1,27.9,49.8,0,1.4
2021-07-14,2021,7,3,195,-0.5,-0.866,Haut-Sassandra,Maïs,Argileux,Pluies,198.9,28.6,81.5,0,1.75
2022-10-25,2022,10,4,298,-0.866,0.5,Nawa,Manioc,Limoneux,Pluies,150.5,24.0,89.4,0,18.51
2022-04-25,2022,4,2,115,0.866,-0.5,Haut-Sassandra,Cacao,Argileux,Seche,96.4,28.5,71.8,1,1.05
2021-05-03,2021,5,2,123,0.5,-0.866,Nawa,Manioc,Limoneux,Pluies,142.9,22.7,85.7,1,12.82
2024-11-24,2024,11,4,329,-0.5,0.866,Nawa,Cacao,Sablonneux,Seche,39.4,31.6,63.1,0,1.08
2022-11-30,2022,11,4,334,-0.5,0.866,Nawa,Cacao,Argileux,Seche,35.2,28.9,64.9,0,1.18
2023-08-23,2023,8,3,235,-0.866,-0.5,Nawa,Cacao,Argileux,Seche,72.1,30.5,64.4,1,1.21
2022-10-23,2022,10,4,296,-0.866,0.5,Nawa,Cacao,Limoneux,Pluies,197.2,28.9,83.6,0,1.52
2024-02-02,2024,2,1,33,0.866,0.5,Nawa,Manioc,Argileux,Seche,25.3,26.9,73.4,0,12.02
2022-12-11,2022,12,4,345,-0.0,1.0,Nawa,Cacao,Limoneux,Seche,82.4,29.2,67.5,0,1.21
2022-01-31,2022,1,1,31,0.5,0.866,Nawa,Cacao,Argileux,Seche,31.9,30.9,74.8,0,1.19
2023-07-01,2023,7,3,182,-0.5,-0.866,Nawa,Cacao,Argileux,Pluies,152.7,28.0,89.7,0,1.61
2024-09-22,2024,9,3,266,-1.0,-0.0,Haut-Sassandra,Cacao,Argileux,Pluies,192.4,24.9,89.6,1,1.81
2023-10-02,2023,10,4,275,-0.866,0.5,Nawa,Cacao,Limoneux,Pluies,176.1,24.6,84.9,0,1.94
2024-03-11,2024,3,1,71,1.0,0.0,Haut-Sassandra,Cacao,Argileux,Seche,64.6,30.1,71.5,0,1.01
2021-11-13,2021,11,4,317,-0.5,0.866,Nawa,Cacao,Limoneux,Seche,64.0,30.8,66.9,0,0.94
2024-11-25,2024,11,4,330,-0.5,0.866,Nawa,Cacao,Limoneux,Seche,81.0,30.3,76.1,0,1.06
2022-11-12,2022,11,4,316,-0.5,0.866,Nawa,Cacao,Limoneux,Seche,71.6,33.2,62.3,0,1.07
2024-08-26,2024,8,3,239,-0.866,-0.5,Nawa,Cacao,Argileux,Seche,63.3,31.6,62.0,1,1.21
2022-05-10,2022,5,2,130,0.5,-0.866,Poro,Cacao,Limoneux,Seche,20.2,33.7,53.3,1,0.64
2022-07-10,2022,7,3,191,-0.5,-0.866,Haut-Sassandra,Cacao,Limoneux,Pluies,280.4,27.5,91.3,0,1.14
2022-09-02,2022,9,3,245,-1.0,-0.0,Nawa,Maïs,Limoneux,Pluies,247.2,28.1,87.6,1,1.37
2021-04-19,2021,4,2,109,0.866,-0.5,Poro,Maïs,Argileux,Seche,17.6,33.5,48.5,0,1.17
2022-01-07,2022,1,1,7,0.5,0.866,Nawa,Maïs,Argileux,Seche,60.1,28.5,64.8,0,1.19
2023-05-05,2023,5,2,125,0.5,-0.866,Haut-Sassandra,Cacao,Sablonneux,Pluies,166.0,26.6,90.8,1,1.8
2022-09-08,2022,9,3,251,-1.0,-0.0,Haut-Sassandra,Cacao,Argileux,Pluies,141.1,25.8,87.7,1,1.58
2023-02-07,2023,2,1,38,0.866,0.5,Nawa,Cacao,Limoneux,Seche,67.7,35.9,73.3,0,1.04
2021-07-25,2021,7,3,206,-0.5,-0.866,Haut-Sassandra,Maïs,Argileux,Pluies,180.1,27.4,82.6,0,2.0
2023-04-27,2023,4,2,117,0.866,-0.5,Poro,Anacarde,Sablonneux,Seche,20.1,34.8,37.1,1,0.76
2021-02-12,2021,2,1,43,0.866,0.5,Poro,Anacarde,Sablonneux,Seche,13.7,37.4,48.2,0,0.75
2023-05-15,2023,5,2,135,0.5,-0.866,Poro,Anacarde,Sablonneux,Seche,15.4,32.0,58.4,1,0.78
2024-06-22,2024,6,2,174,0.0,-1.0,Poro,Anacarde,Limoneux,Pluies,133.3,28.6,75.7,1,1.11
2024-08-03,2024,8,3,216,-0.866,-0.5,Nawa,Cacao,Limoneux,Seche,82.0,28.8,69.3,1,1.01
2024-10-10,2024,10,4,284,-0.866,0.5,Nawa,Maïs,Limoneux,Pluies,239.6,24.2,88.9,0,1.4
2023-02-24,2023,2,1,55,0.866,0.5,Haut-Sassandra,Cacao,Limoneux,Seche,7.3,34.1,73.2,0,1.19
2022-04-21,2022,4,2,111,0.866,-0.5,Poro,Manioc,Sablonneux,Seche,8.7,34.0,33.6,0,6.17
2021-03-24,2021,3,1,83,1.0,0.0,Nawa,Manioc,Argileux,Seche,14.8,30.2,72.3,0,12.51
2024-02-08,2024,2,1,39,0.866,0.5,Haut-Sassandra,Cacao,Sablonneux,Seche,38.9,31.0,69.0,0,1.2
2021-07-09,2021,7,3,190,-0.5,-0.866,Nawa,Cacao,Argileux,Pluies,178.8,27.9,90.8,0,1.66
2023-03-11,2023,3,1,70,1.0,0.0,Nawa,Manioc,Argileux,Seche,32.7,33.6,67.0,0,11.09
2023-07-25,2023,7,3,206,-0.5,-0.866,Haut-Sassandra,Manioc,Argileux,Pluies,209.3,29.0,86.0,0,18.74
2021-09-08,2021,9,3,251,-1.0,-0.0,Poro,Cacao,Sablonneux,Pluies,193.5,31.1,78.6,0,0.57
2021-10-18,2021,10,4,291,-0.866,0.5,Haut-Sassandra,Manioc,Argileux,Pluies,240.1,27.0,87.5,0,11.67
2024-05-09,2024,5,2,130,0.5,-0.866,Nawa,Manioc,Argileux,Pluies,199.2,24.9,92.8,1,17.63
2021-11-22,2021,11,4,326,-0.5,0.866,Poro,Maïs,Limoneux,Seche,23.1,31.9,49.6,0,1.24
2024-12-03,2024,12,4,338,-0.0,1.0,Nawa,Cacao,Sablonneux,Seche,77.0,34.0,83.0,0,1.11
2023-04-17,2023,4,2,107,0.866,-0.5,Nawa,Cacao,Argileux,Seche,33.3,28.1,66.0,1,1.0
2022-05-23,2022,5,2,143,0.5,-0.866,Haut-Sassandra,Cacao,Argileux,Pluies,230.2,30.1,83.9,1,1.05
2023-01-01,2023,1,1,1,0.5,0.866,Haut-Sassandra,Cacao,Limoneux,Seche,20.1,32.6,75.4,0,1.08
2021-03-13,2021,3,1,72,1.0,0.0,Nawa,Cacao,Argileux,Seche,9.7,29.5,72.7,0,1.25
2024-06-24,2024,6,2,176,0.0,-1.0,Nawa,Cacao,Argileux,Pluies,199.2,26.8,83.2,0,1.75
2022-10-03,2022,10,4,276,-0.866,0.5,Nawa,Cacao,Argileux,Pluies,235.7,28.2,87.3,0,1.04
2023-07-29,2023,7,3,210,-0.5,-0.866,Haut-Sassandra,Cacao,Argileux,Pluies,209.3,25.1,83.3,0,1.68
2022-08-31,2022,8,3,243,-0.866,-0.5,Nawa,Cacao,Sablonneux,Seche,35.4,25.2,77.7,1,1.03
2022-07-20,2022,7,3,201,-0.5,-0.866,Nawa,Cacao,Argileux,Pluies,212.8,22.8,85.3,0,1.16
2024-09-29,2024,9,3,273,-1.0,-0.0,Poro,Anacarde,Sablonneux,Pluies,174.7,29.5,79.6,0,0.71
2021-02-23,2021,2,1,54,0.866,0.5,Poro,Anacarde,Sablonneux,Seche,8.1,33.3,48.6,0,0.85
2022-06-12,2022,6,2,163,0.0,-1.0,Poro,Anacarde,Sablonneux,Pluies,205.8,27.0,83.7,1,1.03
2022-09-03,2022,9,3,246,-1.0,-0.0,Nawa,Manioc,Argileux,Pluies,125.5,26.1,85.1,1,16.79
2021-07-12,2021,7,3,193,-0.5,-0.866,Haut-Sassandra,Cacao,Sablonneux,Pluies,182.1,24.8,86.9,0,1.57
2021-02-27,2021,2,1,58,0.866,0.5,Haut-Sassandra,Cacao,Limoneux,Seche,33.4,27.9,63.3,0,0.99
2024-02-09,2024,2,1,40,0.866,0.5,Poro,Anacarde,Sablonneux,Seche,14.2,35.2,43.4,0,0.88
2021-05-09,2021,5,2,129,0.5,-0.866,Nawa,Cacao,Sablonneux,Pluies,170.8,28.9,84.4,1,1.58
2022-12-07,2022,12,4,341,-0.0,1.0,Haut-Sassandra,Cacao,Limoneux,Seche,44.6,31.3,67.4,0,1.11
2023-05-02,2023,5,2,122,0.5,-0.866,Nawa,Cacao,Argileux,Pluies,154.9,27.6,79.3,1,1.75
2024-09-11,2024,9,3,255,-1.0,-0.0,Haut-Sassandra,Manioc,Limoneux,Pluies,190.4,25.6,90.0,1,18.07
2021-01-08,2021,1,1,8,0.5,0.866,Haut-Sassandra,Maïs,Argileux,Seche,59.7,30.6,56.9,0,1.28
2021-01-29,2021,1,1,29,0.5,0.866,Haut-Sassandra,Manioc,Argileux,Seche,60.4,27.4,70.8,0,11.61
2024-02-10,2024,2,1,41,0.866,0.5,Poro,Maïs,Sablonneux,Seche,10.5,32.5,46.0,0,1.25
2023-08-05,2023,8,3,217,-0.866,-0.5,Haut-Sassandra,Cacao,Limoneux,Seche,43.1,27.1,68.0,1,1.24
2021-05-11,2021,5,2,131,0.5,-0.866,Haut-Sassandra,Manioc,Limoneux,Pluies,193.6,28.6,83.6,1,16.1
2021-07-07,2021,7,3,188,-0.5,-0.866,Haut-Sassandra,Cacao,Argileux,Pluies,133.3,24.3,82.5,0,1.38
2022-12-10,2022,12,4,344,-0.0,1.0,Poro,Anacarde,Limoneux,Seche,20.3,34.8,59.0,0,0.76
2024-10-19,2024,10,4,293,-0.866,0.5,Haut-Sassandra,Manioc,Sablonneux,Pluies,124.4,26.0,91.2,0,14.56
2024-05-12,2024,5,2,133,0.5,-0.866,Poro,Maïs,Limoneux,Seche,3.8,34.2,46.7,1,1.38
2021-07-31,2021,7,3,212,-0.5,-0.866,Nawa,Cacao,Sablonneux,Pluies,159.7,24.8,92.4,0,1.58
2021-10-03,2021,10,4,276,-0.866,0.5,Poro,Manioc,Sablonneux,Seche,12.8,33.8,54.8,0,5.65
2024-01-02,2024,1,1,2,0.5,0.866,Nawa,Cacao,Sablonneux,Seche,19.6,32.0,68.6,0,1.11
2021-08-31,2021,8,3,243,-0.866,-0.5,Poro,Anacarde,Argileux,Pluies,140.6,29.8,81.2,0,0.67
2024-01-31,2024,1,1,31,0.5,0.866,Haut-Sassandra,Cacao,Argileux,Seche,48.9,30.3,71.7,0,1.07
2023-09-14,2023,9,3,257,-1.0,-0.0,Haut-Sassandra,Cacao,Argileux,Pluies,121.6,28.8,81.0,1,1.57
2022-11-16,2022,11,4,320,-0.5,0.866,Haut-Sassandra,Maïs,Argileux,Seche,50.6,29.4,60.5,0,1.47
2021-06-20,2021,6,2,171,0.0,-1.0,Nawa,Maïs,Limoneux,Pluies,157.2,24.9,84.7,0,1.7
2022-10-15,2022,10,4,288,-0.866,0.5,Poro,Anacarde,Sablonneux,Seche,7.7,37.2,33.2,0,0.83
2021-07-07,2021,7,3,188,-0.5,-0.866,Nawa,Maïs,Sablonneux,Pluies,222.4,26.8,86.4,0,1.7
2024-01-15,2024,1,1,15,0.5,0.866,Nawa,Cacao,Argileux,Seche,37.9,31.6,73.7,0,1.0
2021-02-21,2021,2,1,52,0.866,0.5,Haut-Sassandra,Cacao,Argileux,Seche,75.4,29.7,70.1,0,1.06
2021-04-21,2021,4,2,111,0.866,-0.5,Haut-Sassandra,Anacarde,Limoneux,Seche,9.0,28.7,69.4,1,0.51
2023-05-27,2023,5,2,147,0.5,-0.866,Poro,Manioc,Sablonneux,Seche,9.0,31.9,48.0,1,6.48
2023-12-03,2023,12,4,337,-0.0,1.0,Nawa,Cacao,Limoneux,Seche,48.0,25.1,71.6,0,1.09
2021-07-30,2021,7,3,211,-0.5,-0.866,Nawa,Maïs,Argileux,Pluies,210.2,27.4,81.7,0,2.04
2024-05-08,2024,5,2,129,0.5,-0.866,Nawa,Maïs,Limoneux,Pluies,266.3,24.5,88.7,1,1.32
2023-05-08,2023,5,2,128,0.5,-0.866,Poro,Maïs,Sablonneux,Seche,18.0,35.0,42.0,1,1.28
2022-09-19,2022,9,3,262,-1.0,-0.0,Nawa,Maïs,Argileux,Pluies,141.9,25.4,83.7,1,1.88
2023-11-16,2023,11,4,320,-0.5,0.866,Haut-Sassandra,Cacao,Argileux,Seche,67.1,29.8,62.8,0,0.97
2021-10-26,2021,10,4,299,-0.866,0.5,Poro,Maïs,Argileux,Seche,18.6,35.4,35.8,0,1.31
2024-01-06,2024,1,1,6,0.5,0.866,Nawa,Maïs,Limoneux,Seche,61.6,29.8,76.7,0,1.22
2023-07-13,2023,7,3,194,-0.5,-0.866,Haut-Sassandra,Cacao,Limoneux,Pluies,232.1,24.5,85.0,0,1.18
2021-05-17,2021,5,2,137,0.5,-0.866,Haut-Sassandra,Manioc,Argileux,Pluies,219.6,26.6,83.9,1,18.02
2023-11-10,2023,11,4,314,-0.5,0.866,Haut-Sassandra,Cacao,Argileux,Seche,38.1,30.7,54.7,0,1.21
2022-03-16,2022,3,1,75,1.0,0.0,Poro,Anacarde,Argileux,Seche,7.5,32.6,57.1,0,0.7
2021-07-30,2021,7,3,211,-0.5,-0.866,Haut-Sassandra,Manioc,Sablonneux,Pluies,220.4,23.6,80.9,0,15.89
2023-01-22,2023,1,1,22,0.5,0.866,Poro,Anacarde,Sablonneux,Seche,6.7,33.7,50.3,0,0.81
2022-03-11,2022,3,1,70,1.0,0.0,Haut-Sassandra,Manioc,Limoneux,Seche,32.6,30.3,66.7,0,11.29
2023-02-19,2023,2,1,50,0.866,0.5,Poro,Manioc,Sablonneux,Seche,31.0,28.3,44.1,0,6.01
2024-05-15,2024,5,2,136,0.5,-0.866,Poro,Anacarde,Argileux,Seche,20.2,35.5,56.6,1,0.79
2022-03-15,2022,3,1,74,1.0,0.0,Poro,Maïs,Limoneux,Seche,13.7,30.9,43.0,0,1.46
2022-10-28,2022,10,4,301,-0.866,0.5,Poro,Anacarde,Argileux,Seche,19.8,29.7,27.4,0,0.66
2023-12-02,2023,12,4,336,-0.0,1.0,Haut-Sassandra,Cacao,Argileux,Seche,67.4,31.8,71.4,0,1.07
2022-02-15,2022,2,1,46,0.866,0.5,Poro,Manioc,Limoneux,Seche,23.2,31.8,30.2,0,6.05
2023-03-17,2023,3,1,76,1.0,0.0,Haut-Sassandra,Cacao,Argileux,Seche,55.8,32.2,66.9,0,1.19
2022-09-02,2022,9,3,245,-1.0,-0.0,Nawa,Cacao,Sablonneux,Pluies,193.9,25.3,84.4,1,1.9
2022-03-03,2022,3,1,62,1.0,0.0,Haut-Sassandra,Anacarde,Limoneux,Seche,15.8,31.7,65.9,0,0.4
2024-07-22,2024,7,3,204,-0.5,-0.866,Poro,Maïs,Sablonneux,Pluies,151.8,29.0,79.7,0,1.73
2023-06-21,2023,6,2,172,0.0,-1.0,Haut-Sassandra,Cacao,Limoneux,Pluies,216.7,27.2,87.6,0,1.57
2023-07-31,2023,7,3,212,-0.5,-0.866,Poro,Maïs,Argileux,Pluies,144.5,27.1,66.9,0,1.75
2023-01-12,2023,1,1,12,0.5,0.866,Nawa,Cacao,Limoneux,Seche,55.7,31.2,71.8,0,1.22
2024-10-24,2024,10,4,298,-0.866,0.5,Poro,Anacarde,Sablonneux,Seche,0.5,33.2,35.2,0,0.72
2024-05-28,2024,5,2,149,0.5,-0.866,Nawa,Manioc,Argileux,Pluies,125.0,26.1,83.4,1,15.57
2024-06-09,2024,6,2,161,0.0,-1.0,Nawa,Cacao,Argileux,Pluies,196.5,29.4,81.1,0,1.0
2021-11-24,2021,11,4,328,-0.5,0.866,Nawa,Maïs,Argileux,Seche,56.8,26.6,66.4,0,1.09
2021-02-21,2021,2,1,52,0.866,0.5,Haut-Sassandra,Cacao,Limoneux,Seche,28.7,29.3,67.3,0,1.14
2022-01-11,2022,1,1,11,0.5,0.866,Nawa,Maïs,Argileux,Seche,32.3,29.4,67.7,0,1.31
2021-09-20,2021,9,3,263,-1.0,-0.0,Nawa,Manioc,Limoneux,Pluies,175.4,25.5,86.5,1,16.87
2021-09-24,2021,9,3,267,-1.0,-0.0,Haut-Sassandra,Cacao,Limoneux,Pluies,166.6,25.6,81.0,1,1.75
2021-12-25,2021,12,4,359,-0.0,1.0,Haut-Sassandra,Manioc,Argileux,Seche,29.7,30.6,56.0,0,12.42
2024-09-02,2024,9,3,246,-1.0,-0.0,Haut-Sassandra,Cacao,Sablonneux,Pluies,175.5,29.0,81.4,1,1.5
2024-09-09,2024,9,3,253,-1.0,-0.0,Haut-Sassandra,Cacao,Argileux,Pluies,192.7,27.7,88.5,1,1.45
2022-10-14,2022,10,4,287,-0.866,0.5,Nawa,Cacao,Argileux,Pluies,133.7,24.0,90.1,0,1.43
2024-12-15,2024,12,4,350,-0.0,1.0,Haut-Sassandra,Cacao,Argileux,Seche,24.7,31.0,71.8,0,1.05
2021-02-15,2021,2,1,46,0.866,0.5,Nawa,Anacarde,Argileux,Seche,44.6,30.0,67.5,0,0.4
2022-08-23,2022,8,3,235,-0.866,-0.5,Haut-Sassandra,Manioc,Argileux,Seche,23.2,26.9,61.1,1,13.36
2022-12-21,2022,12,4,355,-0.0,1.0,Nawa,Manioc,Limoneux,Seche,33.0,27.8,76.9,0,12.25
2024-07-16,2024,7,3,198,-0.5,-0.866,Haut-Sassandra,Manioc,Limoneux,Pluies,175.4,25.2,81.6,0,15.15
2022-08-24,2022,8,3,236,-0.866,-0.5,Nawa,Cacao,Argileux,Seche,68.3,31.3,75.4,1,1.11
2022-01-16,2022,1,1,16,0.5,0.866,Haut-Sassandra,Cacao,Argileux,Seche,29.8,31.8,68.9,0,1.05
2021-04-28,2021,4,2,118,0.866,-0.5,Nawa,Cacao,Limoneux,Seche,65.1,31.4,71.3,1,1.03
2021-04-26,2021,4,2,116,0.866,-0.5,Nawa,Manioc,Sablonneux,Seche,35.5,28.0,70.5,1,10.42
2021-09-17,2021,9,3,260,-1.0,-0.0,Poro,Anacarde,Limoneux,Pluies,147.9,29.4,65.6,0,0.76
2024-01-04,2024,1,1,4,0.5,0.866,Poro,Cacao,Sablonneux,Seche,6.4,33.2,39.1,0,0.59
2021-11-01,2021,11,4,305,-0.5,0.866,Poro,Anacarde,Sablonneux,Seche,11.5,34.4,30.4,0,0.69
2021-01-07,2021,1,1,7,0.5,0.866,Nawa,Manioc,Argileux,Seche,53.2,26.4,69.9,0,12.52
2022-01-01,2022,1,1,1,0.5,0.866,Haut-Sassandra,Cacao,Argileux,Seche,63.2,29.7,68.6,0,1.09
2022-06-07,2022,6,2,158,0.0,-1.0,Haut-Sassandra,Maïs,Limoneux,Pluies,180.7,25.6,83.7,0,1.67
2024-10-03,2024,10,4,277,-0.866,0.5,Poro,Maïs,Limoneux,Seche,22.6,32.5,36.2,0,1.36
2024-05-23,2024,5,2,144,0.5,-0.866,Poro,Anacarde,Sablonneux,Seche,0.0,33.1,46.3,1,0.76
2022-03-05,2022,3,1,64,1.0,0.0,Nawa,Cacao,Sablonneux,Seche,41.7,31.1,74.7,0,1.15
2023-03-02,2023,3,1,61,1.0,0.0,Poro,Anacarde,Limoneux,Seche,9.6,34.1,40.5,0,0.77
2023-01-17,2023,1,1,17,0.5,0.866,Haut-Sassandra,Cacao,Limoneux,Seche,64.6,29.7,62.4,0,0.95
2022-01-02,2022,1,1,2,0.5,0.866,Haut-Sassandra,Cacao,Limoneux,Seche,67.3,31.0,56.7,0,1.18
2021-11-09,2021,11,4,313,-0.5,0.866,Nawa,Cacao,Sablonneux,Seche,35.7,31.6,72.8,0,1.07
2022-06-22,2022,6,2,173,0.0,-1.0,Haut-Sassandra,Cacao,Argileux,Pluies,205.8,28.8,81.3,1,1.69
2023-07-10,2023,7,3,191,-0.5,-0.866,Poro,Anacarde,Argileux,Pluies,178.8,28.6,68.8,0,1.27
2023-12-14,2023,12,4,348,-0.0,1.0,Haut-Sassandra,Manioc,Sablonneux,Seche,60.6,32.1,60.6,0,12.18
2023-05-15,2023,5,2,135,0.5,-0.866,Nawa,Cacao,Argileux,Pluies,214.5,24.6,84.0,1,1.76
2024-04-02,2024,4,2,93,0.866,-0.5,Haut-Sassandra,Manioc,Limoneux,Seche,20.7,29.5,70.9,1,11.16
2023-02-21,2023,2,1,52,0.866,0.5,Nawa,Manioc,Argileux,Seche,20.7,29.4,69.2,0,11.74
2021-11-30,2021,11,4,334,-0.5,0.866,Nawa,Manioc,Sablonneux,Seche,35.2,27.5,73.1,0,12.98
2023-03-09,2023,3,1,68,1.0,0.0,Nawa,Cacao,Limoneux,Seche,63.8,26.8,77.1,0,1.1
2021-12-14,2021,12,4,348,-0.0,1.0,Nawa,Anacarde,Limoneux,Seche,51.8,32.8,72.6,0,0.39
2021-09-30,2021,9,3,273,-1.0,-0.0,Poro,Anacarde,Argileux,Pluies,178.9,29.0,79.8,0,1.1
2023-08-21,2023,8,3,233,-0.866,-0.5,Nawa,Manioc,Argileux,Seche,36.2,29.0,61.5,1,13.55
2022-12-21,2022,12,4,355,-0.0,1.0,Haut-Sassandra,Cacao,Argileux,Seche,39.0,31.2,65.4,0,1.16
2024-12-08,2024,12,4,343,-0.0,1.0,Nawa,Manioc,Sablonneux,Seche,65.2,26.8,72.5,0,13.58
2022-05-15,2022,5,2,135,0.5,-0.866,Poro,Anacarde,Sablonneux,Seche,4.3,35.1,42.2,1,0.65
2024-01-22,2024,1,1,22,0.5,0.866,Nawa,Maïs,Argileux,Seche,61.2,26.7,66.8,1,1.19
2022-11-16,2022,11,4,320,-0.5,0.866,Nawa,Cacao,Sablonneux,Seche,54.2,29.4,65.0,0,1.0
2021-03-20,2021,3,1,79,1.0,0.0,Poro,Anacarde,Sablonneux,Seche,7.3,36.8,30.1,0,0.65
2022-09-14,2022,9,3,257,-1.0,-0.0,Haut-Sassandra,Manioc,Sablonneux,Pluies,182.3,27.0,89.3,1,14.43
2024-05-25,2024,5,2,146,0.5,-0.866,Nawa,Cacao,Limoneux,Pluies,163.2,27.8,90.8,1,1.49
2023-08-05,2023,8,3,217,-0.866,-0.5,Poro,Maïs,Limoneux,Pluies,130.1,28.8,76.3,0,1.98
2021-12-24,2021,12,4,358,-0.0,1.0,Poro,Manioc,Sablonneux,Seche,6.7,35.6,45.7,0,5.35
2022-09-10,2022,9,3,253,-1.0,-0.0,Nawa,Cacao,Argileux,Pluies,126.4,24.8,90.3,1,1.5
2022-05-22,2022,5,2,142,0.5,-0.866,Nawa,Cacao,Argileux,Pluies,165.2,25.5,84.6,1,1.68
2024-04-19,2024,4,2,110,0.866,-0.5,Haut-Sassandra,Manioc,Sablonneux,Seche,24.5,31.9,77.5,1,10.45
2022-07-30,2022,7,3,211,-0.5,-0.866,Haut-Sassandra,Cacao,Sablonneux,Pluies,245.4,22.1,77.0,0,1.16
2024-06-23,2024,6,2,175,0.0,-1.0,Nawa,Cacao,Limoneux,Pluies,254.3,25.3,88.9,0,1.18
2021-09-01,2021,9,3,244,-1.0,-0.0,Haut-Sassandra,Anacarde,Argileux,Pluies,192.5,22.2,78.4,1,0.4
2022-05-21,2022,5,2,141,0.5,-0.866,Nawa,Cacao,Limoneux,Pluies,183.2,30.0,87.8,1,1.18
2022-02-26,2022,2,1,57,0.866,0.5,Nawa,Manioc,Limoneux,Seche,30.5,29.3,63.7,0,12.45
2024-09-05,2024,9,3,249,-1.0,-0.0,Haut-Sassandra,Maïs,Limoneux,Pluies,205.5,29.9,85.5,1,1.29
2024-01-16,2024,1,1,16,0.5,0.866,Haut-Sassandra,Maïs,Argileux,Seche,50.6,32.2,64.7,0,1.31
2021-08-05,2021,8,3,217,-0.866,-0.5,Haut-Sassandra,Manioc,Limoneux,Seche,64.8,26.8,71.2,1,10.98
2024-07-25,2024,7,3,207,-0.5,-0.866,Nawa,Manioc,Limoneux,Pluies,175.6,25.3,82.5,0,16.67
2023-10-06,2023,10,4,279,-0.866,0.5,Haut-Sassandra,Maïs,Argileux,Pluies,183.6,23.5,80.8,0,1.68
2024-04-07,2024,4,2,98,0.866,-0.5,Nawa,Manioc,Limoneux,Seche,37.0,31.8,73.7,1,11.9
2021-11-26,2021,11,4,330,-0.5,0.866,Haut-Sassandra,Manioc,Limoneux,Seche,38.0,30.9,65.6,0,12.3
2022-10-12,2022,10,4,285,-0.866,0.5,Haut-Sassandra,Cacao,Argileux,Pluies,219.1,26.4,83.7,0,1.6
2022-01-26,2022,1,1,26,0.5,0.866,Haut-Sassandra,Cacao,Limoneux,Seche,51.5,29.8,73.0,0,0.98
2022-01-16,2022,1,1,16,0.5,0.866,Nawa,Maïs,Limoneux,Seche,34.4,29.5,76.2,0,1.04
2024-08-22,2024,8,3,235,-0.866,-0.5,Poro,Anacarde,Argileux,Pluies,156.4,25.9,74.3,0,1.07
2023-01-12,2023,1,1,12,0.5,0.866,Nawa,Cacao,Limoneux,Seche,46.5,30.5,76.7,0,1.1
2023-03-31,2023,3,1,90,1.0,0.0,Nawa,Cacao,Limoneux,Seche,19.9,33.5,67.7,0,1.09
2022-11-04,2022,11,4,308,-0.5,0.866,Haut-Sassandra,Cacao,Limoneux,Seche,79.0,29.9,75.3,0,1.13
2022-05-28,2022,5,2,148,0.5,-0.866,Haut-Sassandra,Manioc,Argileux,Pluies,126.5,22.4,86.2,1,12.13
2023-08-07,2023,8,3,219,-0.866,-0.5,Nawa,Cacao,Argileux,Seche,51.2,29.8,63.9,1,1.25
2024-04-26,2024,4,2,117,0.866,-0.5,Poro,Anacarde,Argileux,Seche,17.4,33.3,33.6,0,0.71
2023-07-19,2023,7,3,200,-0.5,-0.866,Poro,Anacarde,Argileux,Pluies,257.3,26.5,79.3,0,0.82
2023-07-02,2023,7,3,183,-0.5,-0.866,Nawa,Cacao,Argileux,Pluies,209.9,28.5,94.5,0,1.69
2022-10-06,2022,10,4,279,-0.866,0.5,Nawa,Anacarde,Argileux,Pluies,175.8,22.8,84.7,0,0.43
2022-03-03,2022,3,1,62,1.0,0.0,Nawa,Anacarde,Argileux,Seche,69.7,29.4,67.8,0,0.43
2022-05-17,2022,5,2,137,0.5,-0.866,Haut-Sassandra,Cacao,Limoneux,Pluies,194.7,28.8,89.4,1,1.63
2022-12-31,2022,12,4,365,-0.0,1.0,Nawa,Manioc,Argileux,Seche,60.0,30.9,63.7,0,12.02
2024-07-07,2024,7,3,189,-0.5,-0.866,Haut-Sassandra,Cacao,Argileux,Pluies,149.0,30.0,82.2,0,1.27
2021-03-12,2021,3,1,71,1.0,0.0,Haut-Sassandra,Maïs,Limoneux,Seche,28.4,30.8,64.0,0,1.3
2022-04-23,2022,4,2,113,0.866,-0.5,Nawa,Cacao,Limoneux,Seche,31.5,31.6,75.8,1,1.23
2024-04-16,2024,4,2,107,0.866,-0.5,Haut-Sassandra,Manioc,Argileux,Seche,56.8,27.6,63.2,1,13.72
2022-04-02,2022,4,2,92,0.866,-0.5,Haut-Sassandra,Manioc,Argileux,Seche,58.8,30.8,69.3,1,11.18
2021-07-08,2021,7,3,189,-0.5,-0.866,Haut-Sassandra,Manioc,Limoneux,Pluies,198.3,26.1,80.4,0,16.5
2021-10-18,2021,10,4,291,-0.866,0.5,Haut-Sassandra,Cacao,Sablonneux,Pluies,212.1,25.4,77.3,0,1.67
2023-07-09,2023,7,3,190,-0.5,-0.866,Haut-Sassandra,Cacao,Argileux,Pluies,209.4,24.7,87.4,0,1.63
2021-10-19,2021,10,4,292,-0.866,0.5,Haut-Sassandra,Cacao,Sablonneux,Pluies,198.4,27.6,79.1,0,1.72
2023-01-26,2023,1,1,26,0.5,0.866,Haut-Sassandra,Cacao,Sablonneux,Seche,40.8,27.8,74.5,0,1.0
2024-07-30,2024,7,3,212,-0.5,-0.866,Poro,Manioc,Sablonneux,Pluies,149.8,25.7,65.5,0,8.93
2022-01-12,2022,1,1,12,0.5,0.866,Poro,Anacarde,Sablonneux,Seche,17.0,37.4,30.1,0,0.71
2024-03-25,2024,3,1,85,1.0,0.0,Haut-Sassandra,Cacao,Argileux,Seche,93.4,30.9,68.2,0,1.2
2022-05-23,2022,5,2,143,0.5,-0.866,Haut-Sassandra,Cacao,Argileux,Pluies,210.1,27.8,85.8,1,1.51
2024-12-07,2024,12,4,342,-0.0,1.0,Poro,Manioc,Sablonneux,Seche,7.1,37.6,41.4,0,5.91
2022-06-12,2022,6,2,163,0.0,-1.0,Haut-Sassandra,Cacao,Argileux,Pluies,156.0,28.5,81.9,0,1.67
2024-10-10,2024,10,4,284,-0.866,0.5,Nawa,Cacao,Argileux,Pluies,209.6,23.6,77.2,0,1.77
2022-07-13,2022,7,3,194,-0.5,-0.866,Poro,Cacao,Sablonneux,Pluies,182.4,28.6,72.2,0,0.92
2024-04-25,2024,4,2,116,0.866,-0.5,Poro,Anacarde,Sablonneux,Seche,9.6,34.6,44.1,0,0.73
2023-11-21,2023,11,4,325,-0.5,0.866,Poro,Anacarde,Limoneux,Seche,25.6,30.0,45.7,0,0.68
2021-09-17,2021,9,3,260,-1.0,-0.0,Haut-Sassandra,Cacao,Argileux,Pluies,199.8,27.0,88.4,1,1.78
2022-02-25,2022,2,1,56,0.866,0.5,Nawa,Cacao,Sablonneux,Seche,44.9,27.0,72.3,0,1.09
2021-10-31,2021,10,4,304,-0.866,0.5,Nawa,Manioc,Argileux,Pluies,152.3,27.0,90.2,0,17.54
2023-07-31,2023,7,3,212,-0.5,-0.866,Poro,Manioc,Limoneux,Pluies,175.5,30.2,76.5,0,6.7
2023-11-29,2023,11,4,333,-0.5,0.866,Poro,Anacarde,Argileux,Seche,9.0,34.1,42.2,0,0.72
2022-06-26,2022,6,2,177,0.0,-1.0,Poro,Maïs,Argileux,Pluies,157.2,27.7,69.1,1,1.95
2024-07-25,2024,7,3,207,-0.5,-0.866,Poro,Maïs,Sablonneux,Pluies,150.4,30.0,66.6,0,1.36
2024-05-11,2024,5,2,132,0.5,-0.866,Nawa,Anacarde,Limoneux,Pluies,223.4,25.1,89.8,1,0.59
2023-12-26,2023,12,4,360,-0.0,1.0,Nawa,Anacarde,Sablonneux,Seche,53.4,29.5,55.6,0,0.33
2021-04-18,2021,4,2,108,0.866,-0.5,Nawa,Manioc,Limoneux,Seche,6.4,28.5,62.9,1,12.6
2021-09-25,2021,9,3,268,-1.0,-0.0,Haut-Sassandra,Manioc,Argileux,Pluies,184.7,24.0,83.9,1,17.66
2021-08-10,2021,8,3,222,-0.866,-0.5,Nawa,Cacao,Limoneux,Seche,23.3,32.0,60.7,1,1.08
2024-01-19,2024,1,1,19,0.5,0.866,Poro,Maïs,Sablonneux,Seche,17.5,35.2,41.3,0,1.3
2022-11-24,2022,11,4,328,-0.5,0.866,Haut-Sassandra,Maïs,Argileux,Seche,41.4,32.2,67.4,0,1.29
2021-09-12,2021,9,3,255,-1.0,-0.0,Nawa,Manioc,Limoneux,Pluies,217.6,27.7,86.9,1,17.16
2021-09-10,2021,9,3,253,-1.0,-0.0,Poro,Anacarde,Limoneux,Pluies,194.7,28.7,82.3,0,1.19
2021-09-14,2021,9,3,257,-1.0,-0.0,Haut-Sassandra,Cacao,Sablonneux,Pluies,115.5,26.0,82.6,1,1.5
2022-01-18,2022,1,1,18,0.5,0.866,Haut-Sassandra,Cacao,Argileux,Seche,12.5,34.8,70.7,0,1.12
2022-03-18,2022,3,1,77,1.0,0.0,Haut-Sassandra,Cacao,Argileux,Seche,31.0,31.3,63.2,1,1.16
2022-08-22,2022,8,3,234,-0.866,-0.5,Nawa,Maïs,Sablonneux,Seche,57.0,30.5,79.9,1,1.31
2024-01-19,2024,1,1,19,0.5,0.866,Nawa,Manioc,Argileux,Seche,42.3,36.6,75.8,0,10.82
2022-01-25,2022,1,1,25,0.5,0.866,Poro,Manioc,Sablonneux,Seche,18.9,31.7,35.3,0,5.61
2022-08-05,2022,8,3,217,-0.866,-0.5,Haut-Sassandra,Manioc,Argileux,Seche,60.3,28.6,61.3,1,10.53
2023-12-04,2023,12,4,338,-0.0,1.0,Nawa,Maïs,Argileux,Seche,58.5,29.7,63.2,0,1.38
2022-08-21,2022,8,3,233,-0.866,-0.5,Nawa,Maïs,Limoneux,Seche,45.4,29.1,71.8,1,1.34
2021-01-19,2021,1,1,19,0.5,0.866,Haut-Sassandra,Cacao,Argileux,Seche,69.1,31.5,71.3,0,1.18
2024-01-30,2024,1,1,30,0.5,0.866,Poro,Anacarde,Argileux,Seche,7.1,37.9,36.3,0,0.7
2022-08-30,2022,8,3,242,-0.866,-0.5,Haut-Sassandra,Maïs,Argileux,Seche,36.3,27.9,71.0,1,1.26
2024-10-12,2024,10,4,286,-0.866,0.5,Nawa,Maïs,Limoneux,Pluies,187.2,27.4,77.7,0,1.69
2021-02-02,2021,2,1,33,0.866,0.5,Haut-Sassandra,Manioc,Limoneux,Seche,51.2,29.1,63.4,0,12.33
2024-06-06,2024,6,2,158,0.0,-1.0,Poro,Manioc,Limoneux,Pluies,175.3,29.8,83.5,1,6.65
2023-05-12,2023,5,2,132,0.5,-0.866,Nawa,Manioc,Argileux,Pluies,174.9,29.9,81.3,1,11.05
2021-06-04,2021,6,2,155,0.0,-1.0,Nawa,Manioc,Sablonneux,Pluies,230.1,23.6,88.1,0,11.76
2024-12-17,2024,12,4,352,-0.0,1.0,Nawa,Cacao,Limoneux,Seche,25.2,31.0,65.9,0,1.18
2023-06-24,2023,6,2,175,0.0,-1.0,Nawa,Manioc,Sablonneux,Pluies,132.9,24.3,93.2,0,17.75
2024-06-23,2024,6,2,175,0.0,-1.0,Poro,Anacarde,Limoneux,Pluies,107.9,27.2,71.8,1,0.68
2022-02-09,2022,2,1,40,0.866,0.5,Poro,Anacarde,Argileux,Seche,12.8,32.1,51.3,0,0.81
2023-04-24,2023,4,2,114,0.866,-0.5,Haut-Sassandra,Manioc,Limoneux,Seche,51.6,31.4,73.1,1,11.37
2024-03-30,2024,3,1,90,1.0,0.0,Poro,Maïs,Limoneux,Seche,24.5,29.8,38.9,0,1.14
2023-01-17,2023,1,1,17,0.5,0.866,Nawa,Cacao,Limoneux,Seche,36.3,27.5,80.0,0,1.16
2024-02-15,2024,2,1,46,0.866,0.5,Nawa,Cacao,Sablonneux,Seche,48.8,29.3,64.8,0,1.07
2021-09-28,2021,9,3,271,-1.0,-0.0,Poro,Maïs,Argileux,Pluies,134.6,24.5,71.6,0,2.03
2023-02-09,2023,2,1,40,0.866,0.5,Haut-Sassandra,Manioc,Limoneux,Seche,48.7,29.2,64.9,0,10.94
2021-06-21,2021,6,2,172,0.0,-1.0,Haut-Sassandra,Maïs,Argileux,Pluies,220.6,28.6,85.7,0,1.68
2021-10-01,2021,10,4,274,-0.866,0.5,Nawa,Cacao,Argileux,Pluies,189.0,30.5,87.7,0,1.17
2021-09-16,2021,9,3,259,-1.0,-0.0,Nawa,Maïs,Sablonneux,Pluies,166.6,29.4,85.2,1,1.12
2024-03-04,2024,3,1,64,1.0,0.0,Nawa,Cacao,Limoneux,Seche,50.6,30.7,55.0,0,1.25
2022-02-26,2022,2,1,57,0.866,0.5,Haut-Sassandra,Maïs,Limoneux,Seche,61.4,31.5,74.1,0,1.21
2024-12-15,2024,12,4,350,-0.0,1.0,Haut-Sassandra,Manioc,Sablonneux,Seche,48.5,31.4,73.7,0,9.91
2024-04-24,2024,4,2,115,0.866,-0.5,Poro,Anacarde,Sablonneux,Seche,10.8,31.9,38.8,0,0.72
2021-12-30,2021,12,4,364,-0.0,1.0,Haut-Sassandra,Maïs,Argileux,Seche,35.3,30.3,64.3,0,1.43
2022-01-13,2022,1,1,13,0.5,0.866,Haut-Sassandra,Cacao,Limoneux,Seche,39.9,26.5,69.6,0,1.1
2022-08-03,2022,8,3,215,-0.866,-0.5,Nawa,Manioc,Limoneux,Seche,81.4,29.1,64.4,1,11.18
2023-06-10,2023,6,2,161,0.0,-1.0,Haut-Sassandra,Cacao,Limoneux,Pluies,140.3,28.3,91.1,0,1.8
2022-12-23,2022,12,4,357,-0.0,1.0,Nawa,Cacao,Sablonneux,Seche,61.3,30.4,62.0,0,1.24
2024-05-04,2024,5,2,125,0.5,-0.866,Haut-Sassandra,Cacao,Limoneux,Pluies,174.1,31.8,80.8,1,1.08
2023-05-31,2023,5,2,151,0.5,-0.866,Haut-Sassandra,Cacao,Limoneux,Pluies,200.8,23.7,84.4,1,1.56
2024-01-27,2024,1,1,27,0.5,0.866,Poro,Anacarde,Sablonneux,Seche,16.0,30.2,40.7,0,0.88
2022-08-28,2022,8,3,240,-0.866,-0.5,Haut-Sassandra,Cacao,Sablonneux,Seche,28.3,30.1,69.0,1,1.14
2021-01-22,2021,1,1,22,0.5,0.866,Nawa,Maïs,Argileux,Seche,5.0,29.0,67.2,0,1.22
2024-04-10,2024,4,2,101,0.866,-0.5,Haut-Sassandra,Manioc,Argileux,Seche,18.3,26.6,72.6,1,10.34
2022-01-18,2022,1,1,18,0.5,0.866,Poro,Anacarde,Sablonneux,Seche,25.7,30.1,36.3,0,0.67
2021-05-14,2021,5,2,134,0.5,-0.866,Haut-Sassandra,Manioc,Limoneux,Pluies,151.4,25.7,81.9,1,18.06
2024-12-20,2024,12,4,355,-0.0,1.0,Haut-Sassandra,Manioc,Limoneux,Seche,50.9,35.3,69.4,0,10.83
2023-11-15,2023,11,4,319,-0.5,0.866,Haut-Sassandra,Cacao,Argileux,Seche,40.7,33.6,61.2,0,1.1
2022-05-18,2022,5,2,138,0.5,-0.866,Nawa,Maïs,Argileux,Pluies,244.8,28.4,86.7,1,1.27
2024-04-23,2024,4,2,114,0.866,-0.5,Poro,Anacarde,Argileux,Seche,18.4,39.8,31.1,0,0.76
2024-01-14,2024,1,1,14,0.5,0.866,Nawa,Maïs,Limoneux,Seche,37.3,26.7,67.6,0,1.32
2021-05-24,2021,5,2,144,0.5,-0.866,Poro,Anacarde,Sablonneux,Seche,3.0,34.8,47.1,1,0.78
2024-12-06,2024,12,4,341,-0.0,1.0,Nawa,Manioc,Limoneux,Seche,64.1,29.0,71.5,0,12.88
2021-08-12,2021,8,3,224,-0.866,-0.5,Poro,Manioc,Limoneux,Pluies,123.5,27.7,72.8,0,9.02
2021-08-08,2021,8,3,220,-0.866,-0.5,Nawa,Cacao,Argileux,Seche,52.5,33.3,77.1,1,1.27
2021-06-28,2021,6,2,179,0.0,-1.0,Nawa,Manioc,Limoneux,Pluies,177.0,26.4,80.0,0,16.29
2022-03-09,2022,3,1,68,1.0,0.0,Nawa,Cacao,Limoneux,Seche,35.8,29.4,76.8,0,1.03
2021-09-22,2021,9,3,265,-1.0,-0.0,Poro,Maïs,Sablonneux,Pluies,159.7,30.1,76.9,0,1.29
2023-08-12,2023,8,3,224,-0.866,-0.5,Haut-Sassandra,Maïs,Argileux,Seche,61.0,29.1,68.1,1,1.34
2022-03-05,2022,3,1,64,1.0,0.0,Haut-Sassandra,Manioc,Limoneux,Seche,62.7,29.4,60.1,0,11.97
2022-02-20,2022,2,1,51,0.866,0.5,Nawa,Cacao,Argileux,Seche,53.1,27.4,75.6,0,0.99
2022-12-28,2022,12,4,362,-0.0,1.0,Nawa,Cacao,Limoneux,Seche,54.6,30.3,72.4,0,1.01
2021-07-16,2021,7,3,197,-0.5,-0.866,Nawa,Cacao,Argileux,Pluies,185.7,27.0,87.1,0,1.45
2023-12-13,2023,12,4,347,-0.0,1.0,Nawa,Maïs,Limoneux,Seche,62.4,29.5,65.2,0,1.46
2022-04-25,2022,4,2,115,0.866,-0.5,Haut-Sassandra,Cacao,Sablonneux,Seche,32.7,31.8,72.7,1,1.31
2024-09-15,2024,9,3,259,-1.0,-0.0,Haut-Sassandra,Manioc,Argileux,Pluies,185.7,26.8,79.9,1,16.77
2024-06-28,2024,6,2,180,0.0,-1.0,Poro,Maïs,Sablonneux,Pluies,214.5,32.1,75.4,1,1.33
2023-06-09,2023,6,2,160,0.0,-1.0,Nawa,Cacao,Sablonneux,Pluies,169.1,28.0,83.5,0,1.63
2023-07-14,2023,7,3,195,-0.5,-0.866,Haut-Sassandra,Manioc,Argileux,Pluies,150.6,24.3,92.7,0,17.82
2021-05-03,2021,5,2,123,0.5,-0.866,Poro,Anacarde,Sablonneux,Seche,21.9,33.4,45.2,1,0.73
2024-11-11,2024,11,4,316,-0.5,0.866,Nawa,Manioc,Argileux,Seche,48.2,32.5,60.2,0,11.41
2024-09-24,2024,9,3,268,-1.0,-0.0,Haut-Sassandra,Maïs,Sablonneux,Pluies,232.2,27.2,94.7,1,1.27
2023-02-17,2023,2,1,48,0.866,0.5,Haut-Sassandra,Manioc,Argileux,Seche,45.4,30.5,66.4,0,11.99
2021-12-14,2021,12,4,348,-0.0,1.0,Haut-Sassandra,Cacao,Argileux,Seche,39.9,26.1,68.2,0,1.02
2021-01-29,2021,1,1,29,0.5,0.866,Haut-Sassandra,Manioc,Argileux,Seche,58.7,30.5,73.2,0,11.84
2023-09-02,2023,9,3,245,-1.0,-0.0,Nawa,Manioc,Argileux,Pluies,210.5,24.9,89.4,0,19.47
2021-02-04,2021,2,1,35,0.866,0.5,Poro,Anacarde,Limoneux,Seche,12.6,31.3,33.6,0,0.68
2024-11-20,2024,11,4,325,-0.5,0.866,Poro,Anacarde,Sablonneux,Seche,0.0,34.4,35.9,0,0.81
2022-09-15,2022,9,3,258,-1.0,-0.0,Haut-Sassandra,Manioc,Argileux,Pluies,135.4,23.5,84.2,0,16.98
2024-08-10,2024,8,3,223,-0.866,-0.5,Poro,Anacarde,Limoneux,Pluies,192.4,31.2,79.0,0,0.79
2022-08-12,2022,8,3,224,-0.866,-0.5,Haut-Sassandra,Cacao,Limoneux,Seche,7.6,28.6,75.2,1,1.12
2024-10-04,2024,10,4,278,-0.866,0.5,Poro,Maïs,Sablonneux,Seche,15.9,41.3,42.1,0,1.27
2024-03-16,2024,3,1,76,1.0,0.0,Nawa,Cacao,Argileux,Seche,42.5,31.7,56.4,0,1.25
2023-12-27,2023,12,4,361,-0.0,1.0,Nawa,Cacao,Argileux,Seche,5.4,33.2,81.3,0,1.0
2023-06-23,2023,6,2,174,0.0,-1.0,Haut-Sassandra,Maïs,Limoneux,Pluies,190.7,26.9,82.0,0,2.04
2022-06-04,2022,6,2,155,0.0,-1.0,Poro,Anacarde,Argileux,Pluies,161.7,25.2,81.6,1,1.01
2021-05-02,2021,5,2,122,0.5,-0.866,Haut-Sassandra,Manioc,Argileux,Pluies,238.7,25.7,87.2,1,12.82
2021-12-06,2021,12,4,340,-0.0,1.0,Poro,Manioc,Sablonneux,Seche,6.8,34.6,39.4,0,6.24
2021-06-24,2021,6,2,175,0.0,-1.0,Haut-Sassandra,Cacao,Limoneux,Pluies,185.9,26.5,93.3,0,1.44
2022-08-20,2022,8,3,232,-0.866,-0.5,Haut-Sassandra,Cacao,Argileux,Seche,32.7,29.4,77.0,1,0.99
2022-03-27,2022,3,1,86,1.0,0.0,Haut-Sassandra,Cacao,Limoneux,Seche,53.5,26.8,64.9,0,1.23
2022-07-11,2022,7,3,192,-0.5,-0.866,Nawa,Maïs,Argileux,Pluies,195.5,26.3,87.8,0,1.9
2024-03-05,2024,3,1,65,1.0,0.0,Nawa,Manioc,Limoneux,Seche,42.4,29.6,75.9,1,10.94
2023-11-06,2023,11,4,310,-0.5,0.866,Haut-Sassandra,Maïs,Argileux,Seche,34.0,28.5,61.4,0,1.19
2024-09-18,2024,9,3,262,-1.0,-0.0,Nawa,Manioc,Limoneux,Pluies,154.0,27.3,79.7,1,18.68
2024-05-03,2024,5,2,124,0.5,-0.866,Poro,Manioc,Sablonneux,Seche,13.0,25.7,46.3,1,5.66
2021-01-09,2021,1,1,9,0.5,0.866,Poro,Anacarde,Sablonneux,Seche,23.3,36.6,33.5,0,0.69
2021-11-30,2021,11,4,334,-0.5,0.866,Poro,Manioc,Limoneux,Seche,7.8,33.9,32.1,0,6.76
2024-09-18,2024,9,3,262,-1.0,-0.0,Poro,Manioc,Sablonneux,Pluies,142.8,25.8,77.2,0,8.07
2023-10-14,2023,10,4,287,-0.866,0.5,Nawa,Maïs,Argileux,Pluies,180.4,27.9,78.8,0,1.91
2021-11-23,2021,11,4,327,-0.5,0.866,Poro,Manioc,Argileux,Seche,13.7,34.9,38.6,0,5.8
2021-01-15,2021,1,1,15,0.5,0.866,Poro,Anacarde,Sablonneux,Seche,9.1,37.7,52.4,0,0.69
2023-04-19,2023,4,2,109,0.866,-0.5,Poro,Anacarde,Sablonneux,Seche,24.4,35.7,39.1,0,0.74
2021-08-14,2021,8,3,226,-0.866,-0.5,Nawa,Cacao,Argileux,Seche,69.9,27.3,73.4,1,1.26
2024-12-19,2024,12,4,354,-0.0,1.0,Nawa,Cacao,Argileux,Seche,28.3,27.8,75.8,0,1.04
2024-12-02,2024,12,4,337,-0.0,1.0,Poro,Maïs,Sablonneux,Seche,7.7,33.2,40.4,0,1.39
2021-04-23,2021,4,2,113,0.866,-0.5,Nawa,Manioc,Sablonneux,Seche,30.0,28.6,80.3,1,12.56
2024-12-22,2024,12,4,357,-0.0,1.0,Poro,Maïs,Limoneux,Seche,12.5,40.1,35.6,0,1.37
2021-01-01,2021,1,1,1,0.5,0.866,Poro,Maïs,Sablonneux,Seche,6.0,29.4,34.3,0,1.36
2021-09-23,2021,9,3,266,-1.0,-0.0,Haut-Sassandra,Manioc,Limoneux,Pluies,219.1,26.5,82.4,1,17.81
2024-05-16,2024,5,2,137,0.5,-0.866,Nawa,Cacao,Argileux,Pluies,176.2,24.4,78.7,1,1.64
2023-08-10,2023,8,3,222,-0.866,-0.5,Haut-Sassandra,Cacao,Argileux,Seche,58.5,28.0,70.8,1,1.11
2024-10-24,2024,10,4,298,-0.866,0.5,Nawa,Manioc,Argileux,Pluies,226.1,26.1,86.1,0,15.9
2021-11-02,2021,11,4,306,-0.5,0.866,Nawa,Cacao,Argileux,Seche,43.1,28.8,73.6,0,1.04
2021-01-12,2021,1,1,12,0.5,0.866,Nawa,Anacarde,Limoneux,Seche,75.2,28.8,75.3,0,0.38
2024-09-30,2024,9,3,274,-1.0,-0.0,Poro,Anacarde,Limoneux,Pluies,160.3,26.9,79.3,0,1.15
2024-10-23,2024,10,4,297,-0.866,0.5,Haut-Sassandra,Cacao,Limoneux,Pluies,184.2,27.1,89.9,0,1.42
2023-07-26,2023,7,3,207,-0.5,-0.866,Haut-Sassandra,Maïs,Argileux,Pluies,163.4,23.9,92.8,0,1.82
2022-02-24,2022,2,1,55,0.866,0.5,Poro,Maïs,Sablonneux,Seche,4.3,33.1,44.7,0,1.32
2023-06-08,2023,6,2,159,0.0,-1.0,Poro,Anacarde,Sablonneux,Pluies,188.2,27.3,78.5,1,1.12
2021-06-20,2021,6,2,171,0.0,-1.0,Haut-Sassandra,Cacao,Argileux,Pluies,195.0,26.8,87.1,0,1.81
2021-05-14,2021,5,2,134,0.5,-0.866,Haut-Sassandra,Maïs,Limoneux,Pluies,200.8,25.9,86.8,1,2.17
2023-08-23,2023,8,3,235,-0.866,-0.5,Nawa,Maïs,Sablonneux,Seche,39.3,29.1,57.8,1,1.3
2024-12-21,2024,12,4,356,-0.0,1.0,Nawa,Maïs,Sablonneux,Seche,36.1,28.4,68.4,0,1.34
2023-11-15,2023,11,4,319,-0.5,0.866,Haut-Sassandra,Manioc,Limoneux,Seche,35.5,31.6,60.9,1,11.62
2024-04-28,2024,4,2,119,0.866,-0.5,Nawa,Maïs,Argileux,Seche,46.3,27.5,64.8,1,1.31
2024-03-10,2024,3,1,70,1.0,0.0,Haut-Sassandra,Maïs,Limoneux,Seche,68.6,30.1,67.9,0,1.42
2022-10-20,2022,10,4,293,-0.866,0.5,Haut-Sassandra,Maïs,Limoneux,Pluies,206.0,26.5,87.9,0,1.94
2024-08-31,2024,8,3,244,-0.866,-0.5,Poro,Anacarde,Sablonneux,Pluies,199.4,26.9,78.2,0,0.98
2024-09-04,2024,9,3,248,-1.0,-0.0,Nawa,Maïs,Argileux,Pluies,231.8,23.5,90.1,1,1.26
2024-01-21,2024,1,1,21,0.5,0.866,Haut-Sassandra,Cacao,Argileux,Seche,25.2,31.1,64.6,0,0.93
2021-06-28,2021,6,2,179,0.0,-1.0,Haut-Sassandra,Cacao,Argileux,Pluies,237.7,25.1,79.0,0,1.1
2023-12-16,2023,12,4,350,-0.0,1.0,Haut-Sassandra,Cacao,Sablonneux,Seche,38.7,29.5,71.6,0,1.11
2024-03-24,2024,3,1,84,1.0,0.0,Poro,Manioc,Sablonneux,Seche,7.2,33.5,42.7,0,5.44
2021-04-21,2021,4,2,111,0.866,-0.5,Nawa,Cacao,Argileux,Seche,59.1,27.7,57.2,1,1.02
2021-05-17,2021,5,2,137,0.5,-0.866,Haut-Sassandra,Manioc,Limoneux,Pluies,206.6,27.1,91.0,1,17.21
2021-08-20,2021,8,3,232,-0.866,-0.5,Haut-Sassandra,Cacao,Limoneux,Seche,47.4,32.7,74.4,1,1.18
2023-09-19,2023,9,3,262,-1.0,-0.0,Haut-Sassandra,Maïs,Limoneux,Pluies,157.6,28.2,76.1,1,1.84
2022-04-13,2022,4,2,103,0.866,-0.5,Haut-Sassandra,Cacao,Sablonneux,Seche,25.5,32.2,69.3,1,1.1
2023-01-02,2023,1,1,2,0.5,0.866,Poro,Maïs,Sablonneux,Seche,0.0,34.1,43.8,0,1.25
2022-04-26,2022,4,2,116,0.866,-0.5,Poro,Anacarde,Limoneux,Seche,22.4,31.7,33.8,0,0.69
2023-12-28,2023,12,4,362,-0.0,1.0,Poro,Anacarde,Limoneux,Seche,9.5,30.6,54.0,0,0.83
2023-03-25,2023,3,1,84,1.0,0.0,Poro,Anacarde,Limoneux,Seche,21.1,30.5,29.0,0,0.76
2024-06-26,2024,6,2,178,0.0,-1.0,Haut-Sassandra,Cacao,Sablonneux,Pluies,249.4,26.7,89.5,0,0.93
2023-09-21,2023,9,3,264,-1.0,-0.0,Haut-Sassandra,Cacao,Argileux,Pluies,224.9,29.6,81.2,1,1.14
2021-11-19,2021,11,4,323,-0.5,0.866,Nawa,Cacao,Limoneux,Seche,13.0,25.5,49.4,0,1.19
2023-07-11,2023,7,3,192,-0.5,-0.866,Haut-Sassandra,Manioc,Limoneux,Pluies,210.9,26.8,82.5,0,17.46
2023-06-23,2023,6,2,174,0.0,-1.0,Haut-Sassandra,Cacao,Limoneux,Pluies,168.7,25.4,87.7,0,1.7
2024-12-26,2024,12,4,361,-0.0,1.0,Haut-Sassandra,Manioc,Argileux,Seche,43.9,32.5,66.0,0,13.85
2022-08-29,2022,8,3,241,-0.866,-0.5,Nawa,Cacao,Sablonneux,Seche,75.5,30.4,60.7,1,1.12
2022-03-05,2022,3,1,64,1.0,0.0,Nawa,Manioc,Limoneux,Seche,44.0,26.4,73.7,0,11.32
2024-07-16,2024,7,3,198,-0.5,-0.866,Nawa,Cacao,Limoneux,Pluies,206.2,28.7,83.0,0,1.5
2021-05-28,2021,5,2,148,0.5,-0.866,Nawa,Cacao,Limoneux,Pluies,179.3,30.7,87.2,1,1.16
2024-02-16,2024,2,1,47,0.866,0.5,Haut-Sassandra,Cacao,Limoneux,Seche,46.2,30.8,64.9,0,1.25
2023-04-30,2023,4,2,120,0.866,-0.5,Nawa,Cacao,Sablonneux,Seche,47.7,30.3,71.4,1,1.2
2022-01-02,2022,1,1,2,0.5,0.866,Poro,Maïs,Sablonneux,Seche,17.8,37.9,46.2,0,1.24
2023-04-30,2023,4,2,120,0.866,-0.5,Nawa,Maïs,Argileux,Seche,44.1,26.6,75.2,1,0.96
2023-12-26,2023,12,4,360,-0.0,1.0,Haut-Sassandra,Maïs,Argileux,Seche,48.0,28.9,68.8,0,1.2
2023-03-24,2023,3,1,83,1.0,0.0,Nawa,Manioc,Argileux,Seche,26.3,29.2,65.1,0,12.57
2024-10-25,2024,10,4,299,-0.866,0.5,Poro,Anacarde,Argileux,Seche,0.0,30.4,39.3,1,0.78
2021-06-24,2021,6,2,175,0.0,-1.0,Poro,Anacarde,Limoneux,Pluies,161.0,29.4,74.5,1,0.72
2022-08-11,2022,8,3,223,-0.866,-0.5,Haut-Sassandra,Cacao,Argileux,Seche,11.9,30.6,67.9,1,1.18
2022-05-10,2022,5,2,130,0.5,-0.866,Nawa,Cacao,Argileux,Pluies,164.7,25.9,82.3,1,1.61
2023-08-31,2023,8,3,243,-0.866,-0.5,Nawa,Manioc,Limoneux,Seche,42.2,29.8,72.7,1,9.94
2024-02-12,2024,2,1,43,0.866,0.5,Haut-Sassandra,Maïs,Limoneux,Seche,4.8,25.8,57.4,0,1.16
2024-02-09,2024,2,1,40,0.866,0.5,Haut-Sassandra,Cacao,Limoneux,Seche,55.5,30.2,70.3,0,1.12
2024-03-16,2024,3,1,76,1.0,0.0,Haut-Sassandra,Cacao,Limoneux,Seche,48.2,30.1,74.0,0,1.23
2021-02-04,2021,2,1,35,0.866,0.5,Nawa,Manioc,Argileux,Seche,48.1,26.4,61.8,0,11.3
2023-09-26,2023,9,3,269,-1.0,-0.0,Nawa,Maïs,Argileux,Pluies,176.1,27.4,86.9,1,1.76
2024-08-25,2024,8,3,238,-0.866,-0.5,Poro,Maïs,Sablonneux,Pluies,178.1,28.1,77.5,0,1.84
2022-06-22,2022,6,2,173,0.0,-1.0,Poro,Anacarde,Sablonneux,Pluies,192.9,26.4,87.6,1,1.01
2023-01-20,2023,1,1,20,0.5,0.866,Poro,Maïs,Limoneux,Seche,14.1,30.8,43.7,0,1.43
2023-11-04,2023,11,4,308,-0.5,0.866,Nawa,Cacao,Sablonneux,Seche,38.0,29.9,69.9,0,0.89
2022-01-09,2022,1,1,9,0.5,0.866,Nawa,Manioc,Limoneux,Seche,36.8,29.7,72.2,0,11.34
2022-07-11,2022,7,3,192,-0.5,-0.866,Poro,Anacarde,Limoneux,Pluies,202.8,25.7,77.8,0,1.14
2024-12-22,2024,12,4,357,-0.0,1.0,Haut-Sassandra,Cacao,Argileux,Seche,34.1,28.6,65.5,0,1.11
2021-08-21,2021,8,3,233,-0.866,-0.5,Poro,Anacarde,Sablonneux,Pluies,145.6,28.8,84.7,0,1.1
2022-12-06,2022,12,4,340,-0.0,1.0,Haut-Sassandra,Manioc,Limoneux,Seche,40.2,32.0,68.4,0,13.6
2022-07-17,2022,7,3,198,-0.5,-0.866,Haut-Sassandra,Cacao,Argileux,Pluies,255.9,24.7,94.2,0,0.93
2023-07-28,2023,7,3,209,-0.5,-0.866,Haut-Sassandra,Cacao,Argileux,Pluies,131.5,25.3,84.2,0,1.65
2023-06-06,2023,6,2,157,0.0,-1.0,Haut-Sassandra,Cacao,Limoneux,Pluies,117.3,29.7,83.8,0,1.15
2022-12-27,2022,12,4,361,-0.0,1.0,Poro,Manioc,Argileux,Seche,0.0,38.5,21.8,0,6.25
2024-07-22,2024,7,3,204,-0.5,-0.866,Poro,Anacarde,Argileux,Pluies,161.5,28.4,71.6,0,0.87
2021-03-17,2021,3,1,76,1.0,0.0,Nawa,Cacao,Limoneux,Seche,23.8,28.8,65.0,0,1.08
2022-03-15,2022,3,1,74,1.0,0.0,Poro,Maïs,Sablonneux,Seche,14.5,32.6,32.5,0,1.21
2022-11-30,2022,11,4,334,-0.5,0.866,Poro,Anacarde,Argileux,Seche,28.3,36.6,31.6,0,0.87
2024-08-05,2024,8,3,218,-0.866,-0.5,Poro,Anacarde,Limoneux,Pluies,156.2,24.5,77.1,0,1.23
2023-07-04,2023,7,3,185,-0.5,-0.866,Nawa,Manioc,Limoneux,Pluies,221.3,27.7,87.2,0,15.77
2023-06-10,2023,6,2,161,0.0,-1.0,Haut-Sassandra,Cacao,Sablonneux,Pluies,193.6,23.0,83.2,0,1.4
2022-11-23,2022,11,4,327,-0.5,0.866,Poro,Anacarde,Limoneux,Seche,23.8,35.1,38.1,0,0.71
2021-09-10,2021,9,3,253,-1.0,-0.0,Poro,Manioc,Sablonneux,Pluies,210.5,28.9,70.1,0,8.25
2024-02-24,2024,2,1,55,0.866,0.5,Nawa,Cacao,Limoneux,Seche,51.0,29.4,70.0,0,1.09
2024-04-15,2024,4,2,106,0.866,-0.5,Haut-Sassandra,Cacao,Limoneux,Seche,66.9,30.8,75.0,1,0.94
2023-11-27,2023,11,4,331,-0.5,0.866,Poro,Manioc,Limoneux,Seche,20.1,35.2,36.5,0,6.47
2022-02-14,2022,2,1,45,0.866,0.5,Nawa,Maïs,Argileux,Seche,25.3,27.3,64.9,0,1.31
2021-05-07,2021,5,2,127,0.5,-0.866,Haut-Sassandra,Maïs,Argileux,Pluies,165.9,26.8,89.8,1,1.85
2024-04-06,2024,4,2,97,0.866,-0.5,Poro,Anacarde,Limoneux,Seche,10.7,36.7,31.1,0,0.79
2022-08-15,2022,8,3,227,-0.866,-0.5,Haut-Sassandra,Cacao,Argileux,Seche,17.9,29.8,72.1,1,1.08
2021-10-21,2021,10,4,294,-0.866,0.5,Haut-Sassandra,Cacao,Sablonneux,Pluies,182.7,23.5,80.2,0,1.41
2024-09-28,2024,9,3,272,-1.0,-0.0,Nawa,Cacao,Limoneux,Pluies,121.5,28.1,90.2,1,1.77
2023-10-17,2023,10,4,290,-0.866,0.5,Haut-Sassandra,Cacao,Argileux,Pluies,183.5,29.7,84.9,0,1.25
2021-11-06,2021,11,4,310,-0.5,0.866,Haut-Sassandra,Maïs,Argileux,Seche,39.0,30.0,67.7,0,1.22
2022-10-24,2022,10,4,297,-0.866,0.5,Poro,Manioc,Limoneux,Seche,9.7,31.2,28.5,0,6.81
2022-06-12,2022,6,2,163,0.0,-1.0,Nawa,Maïs,Argileux,Pluies,226.3,26.8,85.6,0,1.93
2022-06-24,2022,6,2,175,0.0,-1.0,Nawa,Maïs,Argileux,Pluies,150.8,27.5,88.5,0,1.89
2022-02-23,2022,2,1,54,0.866,0.5,Haut-Sassandra,Manioc,Limoneux,Seche,47.7,32.1,70.6,0,12.68
2022-03-20,2022,3,1,79,1.0,0.0,Haut-Sassandra,Maïs,Limoneux,Seche,67.8,28.8,65.3,0,1.09
2022-11-16,2022,11,4,320,-0.5,0.866,Haut-Sassandra,Manioc,Argileux,Seche,61.3,30.3,74.9,0,12.9
2023-04-20,2023,4,2,110,0.866,-0.5,Poro,Manioc,Limoneux,Seche,22.0,32.7,52.5,0,6.06
2021-08-24,2021,8,3,236,-0.866,-0.5,Nawa,Cacao,Sablonneux,Seche,60.6,27.4,67.6,1,1.18
2021-08-02,2021,8,3,214,-0.866,-0.5,Poro,Maïs,Sablonneux,Pluies,177.5,29.7,77.3,0,1.38
2021-03-26,2021,3,1,85,1.0,0.0,Haut-Sassandra,Cacao,Argileux,Seche,39.7,30.7,72.4,0,1.23
2023-03-05,2023,3,1,64,1.0,0.0,Poro,Anacarde,Limoneux,Seche,0.0,34.1,33.1,0,0.78
2021-03-26,2021,3,1,85,1.0,0.0,Poro,Manioc,Sablonneux,Seche,12.9,30.5,45.1,0,5.71
2021-03-06,2021,3,1,65,1.0,0.0,Poro,Maïs,Sablonneux,Seche,9.5,39.3,46.9,0,1.25
2022-10-25,2022,10,4,298,-0.866,0.5,Nawa,Manioc,Sablonneux,Pluies,159.4,25.4,86.3,0,16.02
2022-09-19,2022,9,3,262,-1.0,-0.0,Haut-Sassandra,Cacao,Argileux,Pluies,210.1,30.1,85.5,1,1.05
2021-03-05,2021,3,1,64,1.0,0.0,Haut-Sassandra,Cacao,Argileux,Seche,107.7,32.4,77.3,0,1.2
2024-09-28,2024,9,3,272,-1.0,-0.0,Nawa,Cacao,Limoneux,Pluies,204.7,28.5,87.5,1,1.52
2023-07-28,2023,7,3,209,-0.5,-0.866,Nawa,Cacao,Sablonneux,Pluies,207.6,25.9,86.5,0,1.67
2023-07-08,2023,7,3,189,-0.5,-0.866,Haut-Sassandra,Cacao,Argileux,Pluies,225.0,27.7,85.9,0,1.54
2024-10-07,2024,10,4,281,-0.866,0.5,Nawa,Maïs,Limoneux,Pluies,181.9,25.5,81.3,0,1.99
2024-03-27,2024,3,1,87,1.0,0.0,Haut-Sassandra,Cacao,Argileux,Seche,43.2,30.6,77.1,0,1.16
2022-05-06,2022,5,2,126,0.5,-0.866,Nawa,Manioc,Sablonneux,Pluies,152.7,24.1,88.4,1,15.72
2024-06-02,2024,6,2,154,0.0,-1.0,Haut-Sassandra,Cacao,Argileux,Pluies,251.7,24.5,91.6,0,1.33
2021-11-09,2021,11,4,313,-0.5,0.866,Haut-Sassandra,Manioc,Sablonneux,Seche,51.1,30.1,76.1,0,10.66
2022-09-07,2022,9,3,250,-1.0,-0.0,Haut-Sassandra,Manioc,Limoneux,Pluies,188.4,32.1,79.2,0,13.94
2023-07-08,2023,7,3,189,-0.5,-0.866,Haut-Sassandra,Cacao,Limoneux,Pluies,152.3,26.3,86.5,0,1.63
2023-03-24,2023,3,1,83,1.0,0.0,Haut-Sassandra,Cacao,Sablonneux,Seche,44.4,29.9,61.3,0,1.14
2023-07-29,2023,7,3,210,-0.5,-0.866,Poro,Maïs,Limoneux,Pluies,178.0,26.5,70.4,0,1.71
2024-01-17,2024,1,1,17,0.5,0.866,Haut-Sassandra,Cacao,Argileux,Seche,24.5,31.1,66.6,0,1.17
2024-08-19,2024,8,3,232,-0.866,-0.5,Haut-Sassandra,Manioc,Argileux,Seche,44.8,30.9,74.7,1,12.09
2022-11-11,2022,11,4,315,-0.5,0.866,Nawa,Cacao,Limoneux,Seche,66.5,32.9,66.4,0,1.29
2022-03-11,2022,3,1,70,1.0,0.0,Nawa,Cacao,Limoneux,Seche,46.3,28.6,74.8,0,0.97
2022-11-13,2022,11,4,317,-0.5,0.866,Nawa,Cacao,Limoneux,Seche,40.9,31.5,68.5,0,1.16
2024-03-04,2024,3,1,64,1.0,0.0,Nawa,Manioc,Argileux,Seche,50.9,31.5,67.1,0,12.12
2023-12-10,2023,12,4,344,-0.0,1.0,Poro,Anacarde,Limoneux,Seche,17.5,30.5,36.4,0,0.74
2024-12-26,2024,12,4,361,-0.0,1.0,Nawa,Cacao,Argileux,Seche,35.2,31.8,69.6,0,1.22
2021-12-06,2021,12,4,340,-0.0,1.0,Nawa,Cacao,Limoneux,Seche,51.9,30.6,66.0,0,1.21
2021-12-13,2021,12,4,347,-0.0,1.0,Poro,Maïs,Argileux,Seche,12.8,31.7,54.5,0,1.28
2022-10-08,2022,10,4,281,-0.866,0.5,Nawa,Cacao,Limoneux,Pluies,202.6,26.4,88.7,0,1.58
2024-10-02,2024,10,4,276,-0.866,0.5,Poro,Maïs,Sablonneux,Seche,11.9,31.6,43.1,0,1.3
2022-10-11,2022,10,4,284,-0.866,0.5,Nawa,Manioc,Limoneux,Pluies,225.4,25.8,79.9,0,18.7
2021-09-02,2021,9,3,245,-1.0,-0.0,Poro,Manioc,Sablonneux,Pluies,198.6,23.6,80.1,0,9.28
2021-04-19,2021,4,2,109,0.866,-0.5,Nawa,Cacao,Limoneux,Seche,62.5,27.6,66.8,1,1.23
2022-06-17,2022,6,2,168,0.0,-1.0,Poro,Maïs,Limoneux,Pluies,127.7,27.9,76.1,1,1.82
2024-01-19,2024,1,1,19,0.5,0.866,Haut-Sassandra,Cacao,Limoneux,Seche,49.3,27.0,62.6,0,1.07
2021-10-23,2021,10,4,296,-0.866,0.5,Poro,Maïs,Sablonneux,Seche,4.9,30.0,42.9,0,1.27
2021-04-22,2021,4,2,112,0.866,-0.5,Nawa,Cacao,Limoneux,Seche,44.0,30.2,80.7,0,0.89
2024-04-15,2024,4,2,106,0.866,-0.5,Poro,Manioc,Sablonneux,Seche,0.0,33.0,34.4,0,6.3
2021-12-09,2021,12,4,343,-0.0,1.0,Haut-Sassandra,Manioc,Limoneux,Seche,80.5,29.3,66.0,0,10.93
2021-04-11,2021,4,2,101,0.866,-0.5,Nawa,Cacao,Limoneux,Seche,104.3,30.4,69.1,1,1.22
2022-09-21,2022,9,3,264,-1.0,-0.0,Haut-Sassandra,Manioc,Sablonneux,Pluies,209.3,27.6,86.2,1,15.34
2024-11-25,2024,11,4,330,-0.5,0.866,Nawa,Cacao,Argileux,Seche,60.1,30.7,78.9,0,1.06
2021-01-28,2021,1,1,28,0.5,0.866,Haut-Sassandra,Cacao,Argileux,Seche,61.2,25.8,63.7,0,1.21
2023-07-26,2023,7,3,207,-0.5,-0.866,Poro,Anacarde,Argileux,Pluies,159.4,28.6,75.0,0,1.25
2021-02-27,2021,2,1,58,0.866,0.5,Poro,Cacao,Limoneux,Seche,17.7,35.1,40.7,0,0.6
2021-10-24,2021,10,4,297,-0.866,0.5,Nawa,Maïs,Limoneux,Pluies,200.1,25.5,86.0,0,1.71
2021-05-14,2021,5,2,134,0.5,-0.866,Haut-Sassandra,Cacao,Sablonneux,Pluies,160.5,27.2,91.6,1,1.59
2024-09-16,2024,9,3,260,-1.0,-0.0,Haut-Sassandra,Maïs,Argileux,Pluies,120.2,27.8,85.6,1,1.91
2021-09-06,2021,9,3,249,-1.0,-0.0,Haut-Sassandra,Cacao,Argileux,Pluies,254.3,25.6,84.2,1,1.18
2023-10-18,2023,10,4,291,-0.866,0.5,Haut-Sassandra,Manioc,Argileux,Pluies,152.6,26.8,82.2,0,19.09
2022-07-04,2022,7,3,185,-0.5,-0.866,Nawa,Cacao,Limoneux,Pluies,147.2,29.3,91.0,0,1.21
2023-06-21,2023,6,2,172,0.0,-1.0,Nawa,Cacao,Sablonneux,Pluies,200.8,27.4,84.3,0,1.64
2024-01-04,2024,1,1,4,0.5,0.866,Haut-Sassandra,Manioc,Limoneux,Seche,48.2,32.9,65.3,0,13.11
2023-04-14,2023,4,2,104,0.866,-0.5,Nawa,Cacao,Sablonneux,Seche,50.8,30.1,63.5,1,1.23
2024-04-06,2024,4,2,97,0.866,-0.5,Haut-Sassandra,Cacao,Argileux,Seche,27.7,35.7,62.0,1,1.22
2023-02-10,2023,2,1,41,0.866,0.5,Haut-Sassandra,Cacao,Argileux,Seche,0.0,32.8,71.5,0,0.94
2024-10-10,2024,10,4,284,-0.866,0.5,Haut-Sassandra,Cacao,Argileux,Pluies,178.5,25.8,90.2,0,1.61
2024-06-02,2024,6,2,154,0.0,-1.0,Haut-Sassandra,Maïs,Argileux,Pluies,178.1,25.4,83.7,0,1.96
2021-05-26,2021,5,2,146,0.5,-0.866,Poro,Anacarde,Argileux,Seche,23.0,38.1,45.5,1,0.78
2024-06-18,2024,6,2,170,0.0,-1.0,Haut-Sassandra,Cacao,Sablonneux,Pluies,229.2,25.8,85.0,0,1.65
2023-06-12,2023,6,2,163,0.0,-1.0,Nawa,Manioc,Argileux,Pluies,193.5,26.3,90.9,0,16.88
2021-12-10,2021,12,4,344,-0.0,1.0,Haut-Sassandra,Maïs,Sablonneux,Seche,77.3,29.5,61.8,0,1.36
2023-11-25,2023,11,4,329,-0.5,0.866,Poro,Maïs,Sablonneux,Seche,13.3,31.9,42.7,0,1.29
2022-12-03,2022,12,4,337,-0.0,1.0,Poro,Maïs,Sablonneux,Seche,9.7,36.5,34.9,0,1.33
2021-01-01,2021,1,1,1,0.5,0.866,Haut-Sassandra,Cacao,Limoneux,Seche,22.0,26.1,74.8,0,1.1
2021-06-02,2021,6,2,153,0.0,-1.0,Nawa,Cacao,Sablonneux,Pluies,106.1,28.1,83.9,0,1.12
2022-03-05,2022,3,1,64,1.0,0.0,Poro,Anacarde,Sablonneux,Seche,14.0,31.0,49.2,0,0.86
2022-05-23,2022,5,2,143,0.5,-0.866,Nawa,Maïs,Sablonneux,Pluies,169.5,28.2,83.4,1,2.02
2024-02-24,2024,2,1,55,0.866,0.5,Nawa,Cacao,Argileux,Seche,25.3,33.7,66.3,0,1.12
2022-05-06,2022,5,2,126,0.5,-0.866,Haut-Sassandra,Cacao,Argileux,Pluies,159.1,24.9,89.0,1,1.56
2021-12-11,2021,12,4,345,-0.0,1.0,Haut-Sassandra,Cacao,Sablonneux,Seche,56.7,29.0,69.5,0,1.19
2021-08-09,2021,8,3,221,-0.866,-0.5,Poro,Anacarde,Limoneux,Pluies,166.8,25.6,72.8,0,1.07
2022-12-24,2022,12,4,358,-0.0,1.0,Nawa,Cacao,Argileux,Seche,40.4,30.6,69.4,0,1.11
2023-11-15,2023,11,4,319,-0.5,0.866,Haut-Sassandra,Manioc,Argileux,Seche,52.9,33.1,54.4,0,12.29
2022-06-12,2022,6,2,163,0.0,-1.0,Poro,Maïs,Sablonneux,Pluies,159.1,29.0,73.1,1,2.04
2024-04-20,2024,4,2,111,0.866,-0.5,Nawa,Maïs,Argileux,Seche,48.6,30.6,65.0,1,1.25
2023-04-21,2023,4,2,111,0.866,-0.5,Haut-Sassandra,Cacao,Sablonneux,Seche,11.1,27.8,66.6,1,1.18
2023-12-02,2023,12,4,336,-0.0,1.0,Poro,Manioc,Argileux,Seche,7.0,38.9,41.7,0,6.79
2022-04-26,2022,4,2,116,0.866,-0.5,Haut-Sassandra,Manioc,Argileux,Seche,19.1,32.7,68.6,1,11.5
2023-07-19,2023,7,3,200,-0.5,-0.866,Poro,Maïs,Sablonneux,Pluies,205.4,26.5,89.2,0,1.82
2023-05-22,2023,5,2,142,0.5,-0.866,Nawa,Cacao,Argileux,Pluies,261.0,25.9,86.0,1,1.14
2024-11-26,2024,11,4,331,-0.5,0.866,Nawa,Manioc,Argileux,Seche,61.2,28.8,69.2,0,12.32
2021-12-11,2021,12,4,345,-0.0,1.0,Poro,Anacarde,Sablonneux,Seche,8.5,39.3,43.2,0,0.78
2021-02-14,2021,2,1,45,0.866,0.5,Nawa,Manioc,Argileux,Seche,53.8,32.4,78.1,0,12.15
2021-01-21,2021,1,1,21,0.5,0.866,Poro,Anacarde,Argileux,Seche,15.4,34.9,42.9,0,0.75
2023-12-30,2023,12,4,364,-0.0,1.0,Poro,Anacarde,Argileux,Seche,12.3,31.6,39.2,0,0.68
2023-05-23,2023,5,2,143,0.5,-0.866,Nawa,Cacao,Argileux,Pluies,199.3,24.4,87.9,1,1.66
2021-02-17,2021,2,1,48,0.866,0.5,Haut-Sassandra,Maïs,Limoneux,Seche,18.5,31.3,56.0,0,1.26
2022-07-05,2022,7,3,186,-0.5,-0.866,Haut-Sassandra,Cacao,Argileux,Pluies,264.9,24.1,91.0,0,1.09
2021-10-14,2021,10,4,287,-0.866,0.5,Haut-Sassandra,Cacao,Limoneux,Pluies,234.5,22.6,85.3,0,1.28
2023-09-29,2023,9,3,272,-1.0,-0.0,Haut-Sassandra,Manioc,Limoneux,Pluies,207.1,26.4,84.3,1,18.54
2023-10-31,2023,10,4,304,-0.866,0.5,Haut-Sassandra,Cacao,Limoneux,Pluies,230.3,25.9,83.5,0,1.28
2022-06-26,2022,6,2,177,0.0,-1.0,Poro,Anacarde,Limoneux,Pluies,142.3,29.9,80.4,1,0.73
2023-01-26,2023,1,1,26,0.5,0.866,Nawa,Cacao,Limoneux,Seche,41.8,27.0,70.8,0,1.25
2021-10-01,2021,10,4,274,-0.866,0.5,Nawa,Cacao,Limoneux,Pluies,124.5,24.3,89.8,0,1.67
2023-08-14,2023,8,3,226,-0.866,-0.5,Haut-Sassandra,Maïs,Limoneux,Seche,72.1,29.6,75.5,1,1.31
2022-08-23,2022,8,3,235,-0.866,-0.5,Poro,Anacarde,Argileux,Pluies,198.3,32.7,74.3,0,0.81
2022-01-16,2022,1,1,16,0.5,0.866,Poro,Anacarde,Limoneux,Seche,18.2,29.4,39.9,0,0.87
2024-09-14,2024,9,3,258,-1.0,-0.0,Nawa,Manioc,Limoneux,Pluies,120.8,26.2,83.7,1,15.82
2022-04-24,2022,4,2,114,0.866,-0.5,Nawa,Cacao,Limoneux,Seche,13.4,32.7,63.0,1,1.02
2021-01-15,2021,1,1,15,0.5,0.866,Haut-Sassandra,Cacao,Argileux,Seche,35.2,30.1,62.8,0,1.25
2022-05-31,2022,5,2,151,0.5,-0.866,Nawa,Manioc,Limoneux,Pluies,141.3,27.4,84.7,1,17.53
2021-07-10,2021,7,3,191,-0.5,-0.866,Nawa,Cacao,Argileux,Pluies,177.5,27.9,89.0,0,1.67
2024-04-06,2024,4,2,97,0.866,-0.5,Poro,Anacarde,Argileux,Seche,9.2,30.7,49.5,0,0.74
2022-09-13,2022,9,3,256,-1.0,-0.0,Nawa,Maïs,Argileux,Pluies,175.6,25.5,84.0,1,1.82
2024-03-06,2024,3,1,66,1.0,0.0,Haut-Sassandra,Manioc,Limoneux,Seche,37.7,30.4,66.8,0,10.52
2021-06-03,2021,6,2,154,0.0,-1.0,Nawa,Maïs,Limoneux,Pluies,206.4,24.4,84.2,0,1.93
2024-11-12,2024,11,4,317,-0.5,0.866,Poro,Anacarde,Sablonneux,Seche,23.7,34.3,42.5,0,0.89
2024-05-17,2024,5,2,138,0.5,-0.866,Haut-Sassandra,Manioc,Argileux,Pluies,160.3,28.2,85.4,1,17.65
2021-09-29,2021,9,3,272,-1.0,-0.0,Haut-Sassandra,Cacao,Sablonneux,Pluies,172.5,28.7,88.8,1,1.5
2021-05-23,2021,5,2,143,0.5,-0.866,Nawa,Cacao,Argileux,Pluies,193.7,27.2,84.3,1,1.55
2023-12-29,2023,12,4,363,-0.0,1.0,Haut-Sassandra,Cacao,Argileux,Seche,34.5,27.4,64.0,0,1.11
2021-09-04,2021,9,3,247,-1.0,-0.0,Poro,Cacao,Limoneux,Pluies,167.4,27.2,76.7,0,0.84
2024-07-08,2024,7,3,190,-0.5,-0.866,Poro,Anacarde,Sablonneux,Pluies,140.7,27.2,79.6,0,1.04
2023-02-27,2023,2,1,58,0.866,0.5,Haut-Sassandra,Cacao,Sablonneux,Seche,61.9,26.6,66.7,0,1.16
2021-03-20,2021,3,1,79,1.0,0.0,Haut-Sassandra,Cacao,Argileux,Seche,61.8,31.2,61.9,0,1.27
2022-09-15,2022,9,3,258,-1.0,-0.0,Haut-Sassandra,Manioc,Argileux,Pluies,202.5,25.8,84.5,1,20.23
2022-06-09,2022,6,2,160,0.0,-1.0,Nawa,Cacao,Argileux,Pluies,139.6,25.4,89.2,0,1.6
2023-02-11,2023,2,1,42,0.866,0.5,Poro,Manioc,Sablonneux,Seche,17.5,30.9,48.5,0,6.52
2023-07-27,2023,7,3,208,-0.5,-0.866,Haut-Sassandra,Cacao,Limoneux,Pluies,190.8,26.8,81.3,1,1.73
2024-09-15,2024,9,3,259,-1.0,-0.0,Nawa,Maïs,Argileux,Pluies,185.9,24.7,91.9,0,2.04
2024-04-27,2024,4,2,118,0.866,-0.5,Poro,Anacarde,Limoneux,Seche,20.6,33.5,46.4,0,0.7
2024-01-24,2024,1,1,24,0.5,0.866,Poro,Anacarde,Limoneux,Seche,20.0,30.9,35.6,1,0.79
2022-09-09,2022,9,3,252,-1.0,-0.0,Nawa,Cacao,Argileux,Pluies,158.3,26.2,88.6,1,1.59
2023-10-29,2023,10,4,302,-0.866,0.5,Poro,Anacarde,Limoneux,Seche,7.8,34.2,41.6,0,0.69
2021-03-08,2021,3,1,67,1.0,0.0,Poro,Maïs,Sablonneux,Seche,15.5,31.1,26.5,0,1.39
2021-07-10,2021,7,3,191,-0.5,-0.866,Nawa,Anacarde,Sablonneux,Pluies,216.6,27.6,83.6,0,0.57
2024-10-21,2024,10,4,295,-0.866,0.5,Haut-Sassandra,Cacao,Sablonneux,Pluies,217.8,29.3,77.3,0,1.2
2023-02-07,2023,2,1,38,0.866,0.5,Poro,Anacarde,Limoneux,Seche,10.8,32.4,42.7,0,0.68
2022-06-05,2022,6,2,156,0.0,-1.0,Poro,Anacarde,Limoneux,Pluies,188.4,27.6,70.3,1,1.11
2023-09-17,2023,9,3,260,-1.0,-0.0,Poro,Maïs,Sablonneux,Pluies,178.5,27.0,74.6,0,2.01
2024-02-15,2024,2,1,46,0.866,0.5,Nawa,Maïs,Limoneux,Seche,44.0,32.9,56.7,0,1.32
2021-09-24,2021,9,3,267,-1.0,-0.0,Nawa,Cacao,Limoneux,Pluies,116.4,23.7,85.8,1,1.62
2022-04-30,2022,4,2,120,0.866,-0.5,Haut-Sassandra,Cacao,Argileux,Seche,36.0,32.2,65.7,1,0.95
2024-08-14,2024,8,3,227,-0.866,-0.5,Nawa,Manioc,Argileux,Seche,61.1,31.5,61.9,1,9.81
2024-04-02,2024,4,2,93,0.866,-0.5,Nawa,Manioc,Limoneux,Seche,23.7,24.3,76.5,1,11.98
2022-01-11,2022,1,1,11,0.5,0.866,Haut-Sassandra,Cacao,Argileux,Seche,43.2,29.8,61.6,0,1.12
2022-10-15,2022,10,4,288,-0.866,0.5,Nawa,Maïs,Argileux,Pluies,211.7,27.1,90.7,0,1.91
2024-07-15,2024,7,3,197,-0.5,-0.866,Poro,Anacarde,Sablonneux,Pluies,220.2,26.1,74.7,0,1.1
2022-07-03,2022,7,3,184,-0.5,-0.866,Haut-Sassandra,Anacarde,Limoneux,Pluies,200.5,26.2,88.1,0,0.66
2024-01-03,2024,1,1,3,0.5,0.866,Haut-Sassandra,Cacao,Limoneux,Seche,103.4,27.5,79.3,0,1.31
2021-03-14,2021,3,1,73,1.0,0.0,Haut-Sassandra,Maïs,Limoneux,Seche,23.9,31.2,73.8,0,1.17
2021-11-04,2021,11,4,308,-0.5,0.866,Nawa,Manioc,Limoneux,Seche,0.0,30.5,67.2,0,12.86
2021-07-18,2021,7,3,199,-0.5,-0.866,Poro,Anacarde,Sablonneux,Pluies,114.5,27.6,85.4,0,1.03
2024-02-28,2024,2,1,59,0.866,0.5,Haut-Sassandra,Maïs,Argileux,Seche,42.3,30.2,66.2,0,1.34
2022-07-26,2022,7,3,207,-0.5,-0.866,Haut-Sassandra,Manioc,Argileux,Pluies,227.4,25.8,88.1,1,17.74
2023-03-02,2023,3,1,61,1.0,0.0,Haut-Sassandra,Anacarde,Limoneux,Seche,66.3,29.0,62.6,0,0.4
2024-03-20,2024,3,1,80,1.0,0.0,Poro,Anacarde,Limoneux,Seche,10.1,31.2,43.1,0,0.75
2024-05-14,2024,5,2,135,0.5,-0.866,Haut-Sassandra,Maïs,Limoneux,Pluies,179.7,26.2,81.2,1,1.93
2021-06-28,2021,6,2,179,0.0,-1.0,Poro,Anacarde,Limoneux,Pluies,172.8,26.7,79.2,1,1.05
2021-07-16,2021,7,3,197,-0.5,-0.866,Poro,Anacarde,Argileux,Pluies,170.9,27.5,79.5,0,1.1
2023-01-05,2023,1,1,5,0.5,0.866,Haut-Sassandra,Cacao,Limoneux,Seche,70.4,32.0,58.5,0,1.09
2021-03-30,2021,3,1,89,1.0,0.0,Poro,Maïs,Sablonneux,Seche,1.2,32.8,50.0,0,1.32
2023-03-10,2023,3,1,69,1.0,0.0,Poro,Anacarde,Limoneux,Seche,12.0,32.0,27.8,0,0.74
2024-12-28,2024,12,4,363,-0.0,1.0,Haut-Sassandra,Manioc,Argileux,Seche,39.8,31.0,66.9,0,11.39
2023-02-27,2023,2,1,58,0.866,0.5,Nawa,Cacao,Argileux,Seche,37.0,27.9,79.9,0,1.07
2023-01-18,2023,1,1,18,0.5,0.866,Haut-Sassandra,Maïs,Limoneux,Seche,69.1,32.8,71.0,0,1.36
2024-04-21,2024,4,2,112,0.866,-0.5,Haut-Sassandra,Manioc,Argileux,Seche,32.9,29.7,80.7,1,11.53
2021-07-28,2021,7,3,209,-0.5,-0.866,Haut-Sassandra,Cacao,Sablonneux,Pluies,123.0,27.8,89.1,0,1.24
2022-05-08,2022,5,2,128,0.5,-0.866,Nawa,Manioc,Argileux,Pluies,167.8,23.7,80.8,1,17.51
2024-02-28,2024,2,1,59,0.866,0.5,Poro,Anacarde,Limoneux,Seche,0.0,32.8,33.7,0,0.77
2022-10-27,2022,10,4,300,-0.866,0.5,Poro,Manioc,Argileux,Seche,13.3,34.8,36.0,0,6.77
2023-11-03,2023,11,4,307,-0.5,0.866,Poro,Maïs,Sablonneux,Seche,26.3,27.2,50.8,0,1.16
2023-05-21,2023,5,2,141,0.5,-0.866,Poro,Anacarde,Argileux,Seche,1.1,34.5,26.2,1,0.75
2023-01-02,2023,1,1,2,0.5,0.866,Nawa,Manioc,Limoneux,Seche,63.5,31.8,60.3,0,10.39
2024-02-04,2024,2,1,35,0.866,0.5,Haut-Sassandra,Cacao,Sablonneux,Seche,49.5,28.5,73.6,0,1.13
2024-10-30,2024,10,4,304,-0.866,0.5,Haut-Sassandra,Cacao,Limoneux,Pluies,206.5,26.3,78.5,0,1.86
2022-11-29,2022,11,4,333,-0.5,0.866,Haut-Sassandra,Cacao,Limoneux,Seche,82.4,24.7,67.3,0,1.25
2024-01-28,2024,1,1,28,0.5,0.866,Nawa,Cacao,Limoneux,Seche,67.9,29.7,76.3,0,1.12
2022-08-17,2022,8,3,229,-0.866,-0.5,Haut-Sassandra,Manioc,Argileux,Seche,39.7,27.4,65.7,1,11.29
2023-06-05,2023,6,2,156,0.0,-1.0,Poro,Anacarde,Limoneux,Pluies,178.8,29.6,79.5,1,0.81
2023-05-02,2023,5,2,122,0.5,-0.866,Poro,Manioc,Argileux,Seche,18.7,27.7,27.6,1,5.98
2024-04-30,2024,4,2,121,0.866,-0.5,Nawa,Cacao,Argileux,Seche,31.7,26.8,51.8,1,1.2
2021-11-21,2021,11,4,325,-0.5,0.866,Nawa,Manioc,Limoneux,Seche,47.8,30.0,65.4,0,12.28
2023-09-06,2023,9,3,249,-1.0,-0.0,Nawa,Cacao,Sablonneux,Pluies,220.1,26.6,85.0,1,1.43
2023-08-14,2023,8,3,226,-0.866,-0.5,Haut-Sassandra,Cacao,Sablonneux,Seche,26.3,32.6,79.1,1,1.12
2023-06-13,2023,6,2,164,0.0,-1.0,Nawa,Manioc,Limoneux,Pluies,236.9,26.8,94.9,0,12.39
2024-10-22,2024,10,4,296,-0.866,0.5,Nawa,Manioc,Argileux,Pluies,179.4,26.9,83.0,0,18.31
2024-09-03,2024,9,3,247,-1.0,-0.0,Haut-Sassandra,Cacao,Argileux,Pluies,209.2,29.6,81.5,1,1.02
2021-05-24,2021,5,2,144,0.5,-0.866,Haut-Sassandra,Cacao,Argileux,Pluies,168.1,26.2,89.9,1,1.45
2022-01-19,2022,1,1,19,0.5,0.866,Nawa,Cacao,Limoneux,Seche,54.4,29.7,70.4,0,1.03
2021-08-04,2021,8,3,216,-0.866,-0.5,Poro,Anacarde,Sablonneux,Pluies,184.1,23.8,79.5,0,1.15
2024-10-16,2024,10,4,290,-0.866,0.5,Haut-Sassandra,Manioc,Limoneux,Pluies,201.5,25.8,79.1,0,17.09
2021-11-20,2021,11,4,324,-0.5,0.866,Haut-Sassandra,Cacao,Argileux,Seche,49.7,26.9,62.7,0,1.28
2023-11-05,2023,11,4,309,-0.5,0.866,Haut-Sassandra,Manioc,Sablonneux,Seche,28.0,32.3,70.3,0,10.78
2021-08-05,2021,8,3,217,-0.866,-0.5,Haut-Sassandra,Manioc,Argileux,Seche,57.2,31.9,77.9,1,10.59
2023-08-09,2023,8,3,221,-0.866,-0.5,Nawa,Cacao,Sablonneux,Seche,23.7,29.6,75.8,1,1.2
2021-07-02,2021,7,3,183,-0.5,-0.866,Haut-Sassandra,Cacao,Sablonneux,Pluies,181.6,25.4,88.2,0,1.49
2021-09-27,2021,9,3,270,-1.0,-0.0,Poro,Anacarde,Limoneux,Pluies,162.1,28.1,85.7,0,1.09
2023-08-03,2023,8,3,215,-0.866,-0.5,Poro,Maïs,Limoneux,Pluies,146.6,26.3,80.7,0,1.91
2023-05-20,2023,5,2,140,0.5,-0.866,Nawa,Cacao,Sablonneux,Pluies,201.3,28.5,88.2,1,1.65
2022-04-12,2022,4,2,102,0.866,-0.5,Poro,Manioc,Argileux,Seche,18.8,32.3,30.7,0,6.48
2021-11-01,2021,11,4,305,-0.5,0.866,Nawa,Maïs,Limoneux,Seche,53.5,33.0,70.8,1,1.21
2024-03-13,2024,3,1,73,1.0,0.0,Poro,Maïs,Sablonneux,Seche,7.1,35.0,69.2,0,1.31
2021-04-21,2021,4,2,111,0.866,-0.5,Haut-Sassandra,Maïs,Sablonneux,Seche,34.1,32.8,63.8,1,1.42
2023-10-11,2023,10,4,284,-0.866,0.5,Poro,Anacarde,Limoneux,Seche,14.8,36.4,39.2,0,0.85
2021-08-20,2021,8,3,232,-0.866,-0.5,Haut-Sassandra,Anacarde,Argileux,Seche,18.1,29.3,57.4,1,0.37
2022-08-18,2022,8,3,230,-0.866,-0.5,Nawa,Cacao,Sablonneux,Seche,72.1,29.8,64.8,1,1.16
2024-07-20,2024,7,3,202,-0.5,-0.866,Nawa,Cacao,Argileux,Pluies,231.7,30.0,88.0,0,1.03
2021-06-22,2021,6,2,173,0.0,-1.0,Nawa,Manioc,Limoneux,Pluies,172.7,25.8,85.3,0,18.5
2023-08-31,2023,8,3,243,-0.866,-0.5,Nawa,Cacao,Limoneux,Seche,61.1,27.6,78.5,1,1.24
2023-10-28,2023,10,4,301,-0.866,0.5,Haut-Sassandra,Cacao,Argileux,Pluies,156.4,25.8,79.8,0,1.63
2024-03-24,2024,3,1,84,1.0,0.0,Poro,Maïs,Sablonneux,Seche,4.8,29.4,46.6,0,1.35
2022-06-30,2022,6,2,181,0.0,-1.0,Haut-Sassandra,Maïs,Limoneux,Pluies,170.4,27.6,82.2,0,1.91
2022-07-02,2022,7,3,183,-0.5,-0.866,Haut-Sassandra,Manioc,Sablonneux,Pluies,187.2,26.3,92.8,0,16.61
2022-06-02,2022,6,2,153,0.0,-1.0,Poro,Anacarde,Sablonneux,Pluies,168.6,23.5,76.2,1,1.3
2023-07-03,2023,7,3,184,-0.5,-0.866,Haut-Sassandra,Cacao,Sablonneux,Pluies,230.4,27.9,87.3,0,1.14
2021-08-03,2021,8,3,215,-0.866,-0.5,Haut-Sassandra,Cacao,Limoneux,Seche,67.8,30.0,69.8,1,1.03
2021-05-14,2021,5,2,134,0.5,-0.866,Nawa,Manioc,Argileux,Pluies,228.7,27.1,87.2,1,16.49
2021-10-12,2021,10,4,285,-0.866,0.5,Haut-Sassandra,Cacao,Argileux,Pluies,247.0,26.5,87.4,0,1.07
2024-02-24,2024,2,1,55,0.866,0.5,Haut-Sassandra,Cacao,Argileux,Seche,12.8,30.4,73.8,0,1.1
2022-11-17,2022,11,4,321,-0.5,0.866,Haut-Sassandra,Maïs,Argileux,Seche,62.2,29.7,76.8,0,1.24
2024-03-21,2024,3,1,81,1.0,0.0,Haut-Sassandra,Manioc,Argileux,Seche,54.5,27.3,62.1,0,11.14
2021-11-27,2021,11,4,331,-0.5,0.866,Nawa,Cacao,Limoneux,Seche,58.6,25.5,73.6,0,1.03
2024-11-07,2024,11,4,312,-0.5,0.866,Haut-Sassandra,Cacao,Limoneux,Seche,31.5,29.7,65.9,0,1.08
2024-02-13,2024,2,1,44,0.866,0.5,Haut-Sassandra,Cacao,Argileux,Seche,46.4,32.2,69.2,0,1.26
2023-06-13,2023,6,2,164,0.0,-1.0,Nawa,Manioc,Sablonneux,Pluies,141.7,27.4,85.1,0,18.07
2024-07-31,2024,7,3,213,-0.5,-0.866,Haut-Sassandra,Manioc,Argileux,Pluies,184.2,27.0,91.5,0,17.22
2023-06-18,2023,6,2,169,0.0,-1.0,Nawa,Manioc,Argileux,Pluies,163.8,31.7,84.6,0,12.09
2024-01-04,2024,1,1,4,0.5,0.866,Nawa,Cacao,Limoneux,Seche,60.2,29.2,68.5,0,1.02
2024-04-04,2024,4,2,95,0.866,-0.5,Haut-Sassandra,Maïs,Sablonneux,Seche,84.1,26.8,71.2,1,1.38
2024-04-27,2024,4,2,118,0.866,-0.5,Nawa,Manioc,Sablonneux,Seche,81.3,25.3,64.9,1,12.2
2021-03-19,2021,3,1,78,1.0,0.0,Poro,Maïs,Limoneux,Seche,13.1,34.6,46.7,0,1.33
2023-08-05,2023,8,3,217,-0.866,-0.5,Poro,Anacarde,Sablonneux,Pluies,168.0,29.1,78.5,0,0.66
2022-11-19,2022,11,4,323,-0.5,0.866,Nawa,Maïs,Argileux,Seche,46.6,30.8,72.1,0,1.09
2021-01-21,2021,1,1,21,0.5,0.866,Poro,Anacarde,Argileux,Seche,10.0,33.7,37.5,0,0.74
2022-07-20,2022,7,3,201,-0.5,-0.866,Poro,Anacarde,Sablonneux,Pluies,171.5,26.6,66.7,0,1.18
2024-04-22,2024,4,2,113,0.866,-0.5,Poro,Cacao,Sablonneux,Seche,13.9,32.2,53.4,0,0.66
2024-05-30,2024,5,2,151,0.5,-0.866,Haut-Sassandra,Maïs,Limoneux,Pluies,194.8,25.8,93.2,1,2.0
2023-04-07,2023,4,2,97,0.866,-0.5,Haut-Sassandra,Cacao,Argileux,Seche,48.1,31.4,67.3,1,1.06
2024-09-13,2024,9,3,257,-1.0,-0.0,Poro,Maïs,Sablonneux,Pluies,215.0,22.7,84.4,0,1.06
2021-06-28,2021,6,2,179,0.0,-1.0,Nawa,Cacao,Argileux,Pluies,168.8,28.8,81.2,0,1.69
2024-02-10,2024,2,1,41,0.866,0.5,Haut-Sassandra,Manioc,Sablonneux,Seche,22.8,28.3,58.3,0,12.7
2023-12-19,2023,12,4,353,-0.0,1.0,Nawa,Maïs,Sablonneux,Seche,12.6,29.2,74.0,0,1.25
2024-09-12,2024,9,3,256,-1.0,-0.0,Nawa,Manioc,Argileux,Pluies,190.9,25.9,85.8,1,16.23
2023-06-24,2023,6,2,175,0.0,-1.0,Haut-Sassandra,Manioc,Argileux,Pluies,251.0,21.1,85.8,0,12.66
2022-10-31,2022,10,4,304,-0.866,0.5,Haut-Sassandra,Cacao,Argileux,Pluies,209.6,27.7,82.6,0,1.61
2021-07-10,2021,7,3,191,-0.5,-0.866,Nawa,Manioc,Limoneux,Pluies,151.3,23.8,87.6,0,18.19
2024-05-08,2024,5,2,129,0.5,-0.866,Nawa,Maïs,Limoneux,Pluies,201.0,27.6,83.7,1,1.88
2024-08-28,2024,8,3,241,-0.866,-0.5,Haut-Sassandra,Manioc,Argileux,Seche,39.4,31.5,57.7,1,12.48
2022-12-09,2022,12,4,343,-0.0,1.0,Haut-Sassandra,Cacao,Limoneux,Seche,79.7,28.8,59.0,0,1.17
2023-11-25,2023,11,4,329,-0.5,0.866,Nawa,Manioc,Limoneux,Seche,46.3,32.1,64.8,0,12.34
2022-01-14,2022,1,1,14,0.5,0.866,Haut-Sassandra,Cacao,Sablonneux,Seche,32.6,33.2,62.4,0,1.07
2022-01-22,2022,1,1,22,0.5,0.866,Haut-Sassandra,Anacarde,Limoneux,Seche,54.8,33.0,68.9,0,0.43
2021-08-25,2021,8,3,237,-0.866,-0.5,Nawa,Cacao,Argileux,Seche,27.7,27.4,61.8,1,1.09
2022-09-08,2022,9,3,251,-1.0,-0.0,Nawa,Manioc,Argileux,Pluies,145.3,22.6,93.5,1,12.23
2021-10-10,2021,10,4,283,-0.866,0.5,Poro,Anacarde,Limoneux,Seche,28.4,31.0,47.9,0,0.77
2021-01-01,2021,1,1,1,0.5,0.866,Nawa,Cacao,Argileux,Seche,52.3,31.4,69.2,0,1.04
2022-04-09,2022,4,2,99,0.866,-0.5,Haut-Sassandra,Manioc,Limoneux,Seche,43.6,27.9,73.8,1,11.12
2024-06-07,2024,6,2,159,0.0,-1.0,Poro,Maïs,Sablonneux,Pluies,126.0,24.1,70.9,1,1.87
2023-08-25,2023,8,3,237,-0.866,-0.5,Haut-Sassandra,Maïs,Argileux,Seche,25.8,28.2,77.9,1,1.22
2021-06-21,2021,6,2,172,0.0,-1.0,Haut-Sassandra,Cacao,Sablonneux,Pluies,182.3,25.7,85.3,0,1.44
2024-01-16,2024,1,1,16,0.5,0.866,Poro,Maïs,Limoneux,Seche,4.9,31.4,47.2,0,1.43
2024-02-21,2024,2,1,52,0.866,0.5,Nawa,Manioc,Argileux,Seche,24.5,29.7,70.3,0,11.75
2023-04-23,2023,4,2,113,0.866,-0.5,Haut-Sassandra,Cacao,Argileux,Seche,40.7,28.5,59.1,1,1.0
2024-08-14,2024,8,3,227,-0.866,-0.5,Haut-Sassandra,Cacao,Sablonneux,Seche,35.1,34.7,70.7,1,1.08
2022-11-21,2022,11,4,325,-0.5,0.866,Nawa,Manioc,Argileux,Seche,81.5,28.2,66.3,0,11.96
2022-07-29,2022,7,3,210,-0.5,-0.866,Nawa,Manioc,Argileux,Pluies,171.3,25.8,90.1,0,16.18
2021-06-14,2021,6,2,165,0.0,-1.0,Poro,Cacao,Sablonneux,Pluies,136.9,25.6,66.3,1,0.82
2022-01-18,2022,1,1,18,0.5,0.866,Nawa,Cacao,Argileux,Seche,91.1,28.3,72.5,0,1.15
2021-07-28,2021,7,3,209,-0.5,-0.866,Haut-Sassandra,Manioc,Limoneux,Pluies,192.6,24.5,83.4,0,15.09
2024-12-26,2024,12,4,361,-0.0,1.0,Nawa,Cacao,Argileux,Seche,83.2,32.3,69.5,0,1.08
2024-11-13,2024,11,4,318,-0.5,0.866,Nawa,Cacao,Limoneux,Seche,58.5,30.5,81.6,0,1.14
2021-08-12,2021,8,3,224,-0.866,-0.5,Nawa,Manioc,Sablonneux,Seche,0.0,33.2,60.1,1,10.16
2021-01-03,2021,1,1,3,0.5,0.866,Haut-Sassandra,Cacao,Argileux,Seche,0.7,28.8,66.1,0,1.0
2022-01-07,2022,1,1,7,0.5,0.866,Poro,Maïs,Sablonneux,Seche,28.1,31.5,37.3,0,1.38
2022-09-03,2022,9,3,246,-1.0,-0.0,Haut-Sassandra,Maïs,Limoneux,Pluies,240.6,29.1,84.3,1,1.18
2021-04-26,2021,4,2,116,0.866,-0.5,Poro,Maïs,Limoneux,Seche,7.8,32.6,37.9,1,1.21
2024-07-17,2024,7,3,199,-0.5,-0.866,Nawa,Maïs,Limoneux,Pluies,200.5,25.6,92.0,0,1.83
2022-03-23,2022,3,1,82,1.0,0.0,Nawa,Maïs,Argileux,Seche,29.4,27.8,69.8,0,1.32
2024-10-23,2024,10,4,297,-0.866,0.5,Haut-Sassandra,Anacarde,Argileux,Pluies,195.6,23.9,90.9,0,0.48
2024-06-30,2024,6,2,182,0.0,-1.0,Nawa,Cacao,Argileux,Pluies,157.5,24.9,88.7,0,1.25
2024-09-02,2024,9,3,246,-1.0,-0.0,Nawa,Cacao,Limoneux,Pluies,205.5,26.7,90.9,1,1.22
2022-02-19,2022,2,1,50,0.866,0.5,Haut-Sassandra,Manioc,Limoneux,Seche,57.8,30.0,68.5,0,10.94
2024-01-24,2024,1,1,24,0.5,0.866,Haut-Sassandra,Cacao,Limoneux,Seche,62.4,27.5,63.0,0,1.19
2023-06-11,2023,6,2,162,0.0,-1.0,Haut-Sassandra,Cacao,Argileux,Pluies,213.0,23.8,88.9,0,1.63
2023-11-14,2023,11,4,318,-0.5,0.866,Haut-Sassandra,Cacao,Argileux,Seche,33.4,26.8,80.4,0,1.12
2022-10-25,2022,10,4,298,-0.866,0.5,Nawa,Cacao,Argileux,Pluies,149.8,25.5,87.2,0,1.56
2023-12-10,2023,12,4,344,-0.0,1.0,Haut-Sassandra,Cacao,Limoneux,Seche,61.7,32.9,80.1,0,1.1
2022-12-19,2022,12,4,353,-0.0,1.0,Poro,Anacarde,Argileux,Seche,12.9,36.3,45.9,0,0.81
2024-09-20,2024,9,3,264,-1.0,-0.0,Haut-Sassandra,Cacao,Argileux,Pluies,214.8,26.4,85.9,1,1.39
2024-01-08,2024,1,1,8,0.5,0.866,Nawa,Cacao,Argileux,Seche,42.1,31.2,85.5,0,1.08
2023-11-17,2023,11,4,321,-0.5,0.866,Haut-Sassandra,Manioc,Argileux,Seche,72.1,32.0,62.8,0,11.58
2021-09-28,2021,9,3,271,-1.0,-0.0,Haut-Sassandra,Anacarde,Sablonneux,Pluies,171.6,22.1,85.7,1,0.34
2022-07-16,2022,7,3,197,-0.5,-0.866,Nawa,Manioc,Limoneux,Pluies,188.3,28.2,90.5,0,17.13
2023-03-15,2023,3,1,74,1.0,0.0,Haut-Sassandra,Anacarde,Limoneux,Seche,52.2,28.3,82.2,0,0.37
2021-09-04,2021,9,3,247,-1.0,-0.0,Nawa,Manioc,Sablonneux,Pluies,155.9,24.8,79.3,1,17.21
2022-01-22,2022,1,1,22,0.5,0.866,Haut-Sassandra,Manioc,Limoneux,Seche,38.9,29.2,63.8,0,12.37
2022-12-03,2022,12,4,337,-0.0,1.0,Nawa,Cacao,Sablonneux,Seche,5.7,31.3,66.5,0,1.11
2022-07-13,2022,7,3,194,-0.5,-0.866,Poro,Anacarde,Argileux,Pluies,197.0,28.8,73.9,0,1.12
2023-08-31,2023,8,3,243,-0.866,-0.5,Nawa,Manioc,Argileux,Seche,44.8,29.0,78.8,1,11.16
2024-10-16,2024,10,4,290,-0.866,0.5,Nawa,Anacarde,Argileux,Pluies,138.3,24.8,95.7,0,0.63
2023-09-11,2023,9,3,254,-1.0,-0.0,Poro,Anacarde,Limoneux,Pluies,184.8,28.6,69.5,0,1.23
2021-12-18,2021,12,4,352,-0.0,1.0,Nawa,Manioc,Limoneux,Seche,61.7,35.2,68.0,0,11.24
2024-07-03,2024,7,3,185,-0.5,-0.866,Haut-Sassandra,Manioc,Argileux,Pluies,236.5,28.0,90.0,0,10.98
2024-05-30,2024,5,2,151,0.5,-0.866,Poro,Maïs,Argileux,Seche,0.0,36.8,41.2,1,1.22
2023-01-23,2023,1,1,23,0.5,0.866,Haut-Sassandra,Cacao,Sablonneux,Seche,78.2,31.7,80.6,0,1.11
2023-02-20,2023,2,1,51,0.866,0.5,Nawa,Manioc,Argileux,Seche,67.3,34.0,72.9,0,12.33
2023-10-22,2023,10,4,295,-0.866,0.5,Haut-Sassandra,Manioc,Sablonneux,Pluies,201.2,27.3,81.5,0,16.93
2022-06-30,2022,6,2,181,0.0,-1.0,Nawa,Maïs,Argileux,Pluies,198.9,26.5,84.8,0,1.89
2021-03-20,2021,3,1,79,1.0,0.0,Haut-Sassandra,Anacarde,Argileux,Seche,59.4,29.5,67.4,0,0.41
2024-06-13,2024,6,2,165,0.0,-1.0,Haut-Sassandra,Cacao,Argileux,Pluies,150.2,26.7,84.0,0,1.73
2021-11-30,2021,11,4,334,-0.5,0.866,Poro,Anacarde,Limoneux,Seche,11.3,30.2,35.8,0,0.78
2023-06-08,2023,6,2,159,0.0,-1.0,Poro,Anacarde,Argileux,Pluies,178.1,25.1,75.0,1,1.08
2024-10-04,2024,10,4,278,-0.866,0.5,Haut-Sassandra,Manioc,Argileux,Pluies,229.7,26.4,86.0,0,19.32
2024-01-27,2024,1,1,27,0.5,0.866,Haut-Sassandra,Manioc,Argileux,Seche,46.7,27.8,66.7,0,12.11
2024-01-11,2024,1,1,11,0.5,0.866,Nawa,Manioc,Argileux,Seche,28.1,29.6,68.1,0,12.36
2022-05-17,2022,5,2,137,0.5,-0.866,Nawa,Anacarde,Limoneux,Pluies,162.0,25.0,91.2,1,0.54
2023-02-04,2023,2,1,35,0.866,0.5,Poro,Anacarde,Sablonneux,Seche,7.5,32.0,54.5,0,0.76
2023-07-10,2023,7,3,191,-0.5,-0.866,Haut-Sassandra,Manioc,Sablonneux,Pluies,166.7,27.0,87.0,0,19.59
2022-07-04,2022,7,3,185,-0.5,-0.866,Nawa,Manioc,Limoneux,Pluies,198.9,27.1,87.3,0,16.56
2021-01-14,2021,1,1,14,0.5,0.866,Haut-Sassandra,Cacao,Argileux,Seche,58.2,29.3,76.0,0,1.02
2022-01-27,2022,1,1,27,0.5,0.866,Haut-Sassandra,Cacao,Argileux,Seche,56.0,31.1,74.3,0,1.01
2024-10-02,2024,10,4,276,-0.866,0.5,Nawa,Manioc,Limoneux,Pluies,198.2,26.3,77.8,0,18.22
2021-11-06,2021,11,4,310,-0.5,0.866,Haut-Sassandra,Cacao,Argileux,Seche,28.3,28.9,75.3,0,1.07
2022-01-21,2022,1,1,21,0.5,0.866,Poro,Manioc,Sablonneux,Seche,20.6,34.0,33.5,0,5.84
2024-05-17,2024,5,2,138,0.5,-0.866,Nawa,Cacao,Sablonneux,Pluies,187.1,27.1,81.1,1,1.74
2024-10-12,2024,10,4,286,-0.866,0.5,Poro,Anacarde,Limoneux,Seche,25.9,31.7,42.8,0,0.71
2023-09-01,2023,9,3,244,-1.0,-0.0,Poro,Maïs,Sablonneux,Pluies,156.3,27.8,81.5,0,1.69
2024-01-23,2024,1,1,23,0.5,0.866,Haut-Sassandra,Manioc,Sablonneux,Seche,58.3,28.4,70.1,0,11.73
2024-01-22,2024,1,1,22,0.5,0.866,Nawa,Cacao,Limoneux,Seche,59.0,29.1,61.7,0,0.96
2021-12-06,2021,12,4,340,-0.0,1.0,Poro,Anacarde,Sablonneux,Seche,8.8,34.0,44.1,0,0.86
2022-08-20,2022,8,3,232,-0.866,-0.5,Poro,Anacarde,Sablonneux,Pluies,187.4,26.9,83.3,0,1.26
2023-01-27,2023,1,1,27,0.5,0.866,Haut-Sassandra,Cacao,Argileux,Seche,59.4,30.7,71.4,0,1.08
2023-11-12,2023,11,4,316,-0.5,0.866,Nawa,Manioc,Limoneux,Seche,22.0,30.4,71.5,0,10.94
2021-10-18,2021,10,4,291,-0.866,0.5,Haut-Sassandra,Cacao,Sablonneux,Pluies,195.1,26.6,78.8,0,1.68
2021-11-02,2021,11,4,306,-0.5,0.866,Haut-Sassandra,Maïs,Argileux,Seche,55.2,29.4,68.3,0,1.53
2022-09-26,2022,9,3,269,-1.0,-0.0,Haut-Sassandra,Cacao,Argileux,Pluies,176.1,26.1,82.8,1,1.95
2024-02-26,2024,2,1,57,0.866,0.5,Haut-Sassandra,Maïs,Sablonneux,Seche,62.6,27.9,67.0,0,1.11
2022-09-17,2022,9,3,260,-1.0,-0.0,Poro,Maïs,Sablonneux,Pluies,181.6,29.5,74.6,0,1.36
2023-07-28,2023,7,3,209,-0.5,-0.866,Haut-Sassandra,Anacarde,Limoneux,Pluies,199.8,24.8,86.0,0,0.53
2024-07-20,2024,7,3,202,-0.5,-0.866,Nawa,Manioc,Sablonneux,Pluies,154.4,30.6,83.9,0,11.63
2023-04-28,2023,4,2,118,0.866,-0.5,Nawa,Cacao,Argileux,Seche,53.0,30.1,63.0,1,1.03
2022-03-18,2022,3,1,77,1.0,0.0,Nawa,Manioc,Limoneux,Seche,54.0,31.4,70.6,0,11.04
2022-05-18,2022,5,2,138,0.5,-0.866,Haut-Sassandra,Cacao,Argileux,Pluies,197.9,27.5,84.4,1,1.65
2021-05-10,2021,5,2,130,0.5,-0.866,Nawa,Cacao,Limoneux,Pluies,221.7,26.3,86.5,0,1.56
2024-03-01,2024,3,1,61,1.0,0.0,Poro,Anacarde,Limoneux,Seche,15.5,40.2,23.8,0,0.75
2022-08-20,2022,8,3,232,-0.866,-0.5,Haut-Sassandra,Maïs,Argileux,Seche,59.3,31.7,62.6,1,1.24
2023-05-12,2023,5,2,132,0.5,-0.866,Poro,Maïs,Sablonneux,Seche,8.5,33.5,36.9,1,1.25
2024-11-14,2024,11,4,319,-0.5,0.866,Nawa,Cacao,Argileux,Seche,48.2,31.7,75.4,0,1.16
2022-08-16,2022,8,3,228,-0.866,-0.5,Nawa,Manioc,Limoneux,Seche,75.1,29.6,69.4,1,11.71
2023-09-26,2023,9,3,269,-1.0,-0.0,Haut-Sassandra,Manioc,Argileux,Pluies,202.5,24.1,75.1,1,17.34
2021-11-21,2021,11,4,325,-0.5,0.866,Haut-Sassandra,Cacao,Argileux,Seche,44.2,29.2,67.8,0,1.03
2023-12-29,2023,12,4,363,-0.0,1.0,Nawa,Cacao,Limoneux,Seche,50.2,30.1,70.4,0,0.99
2022-03-24,2022,3,1,83,1.0,0.0,Haut-Sassandra,Manioc,Argileux,Seche,38.1,33.9,72.5,0,10.48
2023-03-30,2023,3,1,89,1.0,0.0,Haut-Sassandra,Manioc,Argileux,Seche,21.8,28.6,68.9,0,11.9
2024-04-03,2024,4,2,94,0.866,-0.5,Nawa,Cacao,Argileux,Seche,24.6,29.7,70.3,1,0.98
2022-12-10,2022,12,4,344,-0.0,1.0,Haut-Sassandra,Manioc,Argileux,Seche,60.3,27.4,62.1,0,11.38
2024-12-20,2024,12,4,355,-0.0,1.0,Haut-Sassandra,Cacao,Argileux,Seche,60.7,30.0,77.9,0,1.12
2021-09-22,2021,9,3,265,-1.0,-0.0,Poro,Anacarde,Sablonneux,Pluies,176.9,30.8,78.8,0,0.75
2022-09-04,2022,9,3,247,-1.0,-0.0,Nawa,Cacao,Argileux,Pluies,207.1,27.2,85.3,1,1.57
2024-09-27,2024,9,3,271,-1.0,-0.0,Haut-Sassandra,Cacao,Limoneux,Pluies,152.4,27.2,83.1,1,1.91
2023-04-12,2023,4,2,102,0.866,-0.5,Haut-Sassandra,Maïs,Argileux,Seche,77.6,29.2,74.7,1,1.29
2024-07-25,2024,7,3,207,-0.5,-0.866,Haut-Sassandra,Cacao,Limoneux,Pluies,202.2,27.2,91.6,0,1.48
2022-11-05,2022,11,4,309,-0.5,0.866,Poro,Maïs,Sablonneux,Seche,15.4,38.8,44.3,0,1.33
2021-06-06,2021,6,2,157,0.0,-1.0,Haut-Sassandra,Cacao,Sablonneux,Pluies,217.6,26.2,81.7,0,1.49
2024-12-16,2024,12,4,351,-0.0,1.0,Nawa,Maïs,Argileux,Seche,17.4,28.6,56.6,0,1.43
2021-09-08,2021,9,3,251,-1.0,-0.0,Nawa,Cacao,Argileux,Pluies,118.7,27.1,89.4,1,1.72
2023-05-28,2023,5,2,148,0.5,-0.866,Haut-Sassandra,Cacao,Argileux,Pluies,173.7,23.0,86.6,1,1.51
2022-06-14,2022,6,2,165,0.0,-1.0,Haut-Sassandra,Maïs,Argileux,Pluies,201.8,29.5,82.9,1,1.42
2021-11-23,2021,11,4,327,-0.5,0.866,Nawa,Cacao,Argileux,Seche,53.3,29.3,72.4,0,1.15
2023-08-19,2023,8,3,231,-0.866,-0.5,Haut-Sassandra,Cacao,Limoneux,Seche,37.5,32.1,62.2,1,1.08
2023-06-14,2023,6,2,165,0.0,-1.0,Nawa,Manioc,Limoneux,Pluies,146.6,29.1,81.8,1,12.64
2021-04-07,2021,4,2,97,0.866,-0.5,Poro,Anacarde,Argileux,Seche,21.0,29.3,39.4,0,0.82
2022-05-28,2022,5,2,148,0.5,-0.866,Haut-Sassandra,Cacao,Limoneux,Pluies,185.2,25.5,84.4,1,1.8
2021-08-04,2021,8,3,216,-0.866,-0.5,Nawa,Manioc,Argileux,Seche,33.7,30.6,68.5,1,11.26
2024-03-01,2024,3,1,61,1.0,0.0,Haut-Sassandra,Manioc,Limoneux,Seche,47.3,29.0,79.1,0,10.73
2024-07-07,2024,7,3,189,-0.5,-0.866,Nawa,Maïs,Limoneux,Pluies,216.4,28.0,90.6,0,1.78
2021-05-05,2021,5,2,125,0.5,-0.866,Poro,Anacarde,Limoneux,Seche,9.6,29.3,44.6,1,0.76
2024-01-11,2024,1,1,11,0.5,0.866,Nawa,Manioc,Argileux,Seche,19.9,31.4,61.1,0,11.92
2024-07-30,2024,7,3,212,-0.5,-0.866,Haut-Sassandra,Manioc,Limoneux,Pluies,211.7,27.0,83.8,0,18.93
2021-02-28,2021,2,1,59,0.866,0.5,Nawa,Cacao,Sablonneux,Seche,66.9,30.3,78.6,0,1.08
2021-06-10,2021,6,2,161,0.0,-1.0,Haut-Sassandra,Cacao,Sablonneux,Pluies,206.3,27.1,87.6,0,1.38
2021-10-11,2021,10,4,284,-0.866,0.5,Poro,Anacarde,Sablonneux,Seche,15.3,31.1,44.4,0,0.8
2021-04-16,2021,4,2,106,0.866,-0.5,Haut-Sassandra,Cacao,Sablonneux,Seche,51.6,25.5,74.8,1,1.09
2024-02-03,2024,2,1,34,0.866,0.5,Poro,Manioc,Limoneux,Seche,2.4,34.7,40.1,0,5.3
2021-08-16,2021,8,3,228,-0.866,-0.5,Haut-Sassandra,Manioc,Limoneux,Seche,15.7,27.4,61.6,1,10.92
2021-11-14,2021,11,4,318,-0.5,0.866,Nawa,Manioc,Argileux,Seche,40.0,29.4,54.8,0,11.97
2023-03-13,2023,3,1,72,1.0,0.0,Nawa,Cacao,Sablonneux,Seche,63.1,27.9,61.6,0,1.07
2023-05-24,2023,5,2,144,0.5,-0.866,Haut-Sassandra,Manioc,Limoneux,Pluies,243.7,25.7,83.8,1,11.85
2022-04-17,2022,4,2,107,0.866,-0.5,Nawa,Cacao,Argileux,Seche,65.1,32.4,77.0,1,1.33
2023-12-16,2023,12,4,350,-0.0,1.0,Haut-Sassandra,Cacao,Sablonneux,Seche,35.9,28.9,61.6,0,1.15
2022-09-17,2022,9,3,260,-1.0,-0.0,Nawa,Cacao,Argileux,Pluies,166.8,29.2,77.2,0,1.08
2021-01-13,2021,1,1,13,0.5,0.866,Haut-Sassandra,Manioc,Limoneux,Seche,54.8,27.1,75.9,0,12.75
2023-11-08,2023,11,4,312,-0.5,0.866,Nawa,Maïs,Sablonneux,Seche,20.9,33.0,64.1,0,1.26
2022-11-25,2022,11,4,329,-0.5,0.866,Haut-Sassandra,Maïs,Limoneux,Seche,37.1,28.8,74.9,0,1.37
2023-08-31,2023,8,3,243,-0.866,-0.5,Nawa,Cacao,Limoneux,Seche,71.7,28.9,64.6,1,1.2
2021-04-23,2021,4,2,113,0.866,-0.5,Nawa,Cacao,Limoneux,Seche,51.5,29.8,76.1,1,1.13
2021-08-17,2021,8,3,229,-0.866,-0.5,Poro,Maïs,Sablonneux,Pluies,164.5,28.7,71.3,0,1.75
2021-06-20,2021,6,2,171,0.0,-1.0,Poro,Anacarde,Limoneux,Pluies,164.6,24.5,81.0,1,1.1
2021-10-22,2021,10,4,295,-0.866,0.5,Nawa,Manioc,Argileux,Pluies,259.1,25.8,92.3,0,13.01
2021-07-08,2021,7,3,189,-0.5,-0.866,Haut-Sassandra,Cacao,Argileux,Pluies,202.1,24.9,79.4,0,1.62
2022-03-02,2022,3,1,61,1.0,0.0,Nawa,Cacao,Limoneux,Seche,57.8,33.2,60.2,0,1.08
2023-09-04,2023,9,3,247,-1.0,-0.0,Nawa,Cacao,Argileux,Pluies,191.0,29.6,86.5,1,1.08
2024-01-08,2024,1,1,8,0.5,0.866,Nawa,Manioc,Limoneux,Seche,8.7,32.0,61.5,0,12.31
2022-10-20,2022,10,4,293,-0.866,0.5,Nawa,Cacao,Argileux,Pluies,162.1,23.3,88.4,0,1.6
2023-07-08,2023,7,3,189,-0.5,-0.866,Nawa,Maïs,Limoneux,Pluies,210.4,26.5,89.9,0,1.63
2024-04-20,2024,4,2,111,0.866,-0.5,Nawa,Manioc,Argileux,Seche,67.5,32.0,69.7,1,9.98
2022-05-14,2022,5,2,134,0.5,-0.866,Poro,Maïs,Limoneux,Seche,0.0,30.0,22.8,1,1.45
2023-02-01,2023,2,1,32,0.866,0.5,Poro,Manioc,Sablonneux,Seche,17.8,28.0,35.3,0,6.24
2023-05-16,2023,5,2,136,0.5,-0.866,Nawa,Cacao,Argileux,Pluies,187.5,27.6,87.1,1,1.5
2023-04-06,2023,4,2,96,0.866,-0.5,Nawa,Cacao,Argileux,Seche,28.4,32.3,76.4,1,1.09
2021-03-12,2021,3,1,71,1.0,0.0,Nawa,Cacao,Limoneux,Seche,46.4,28.5,66.0,0,1.12
2021-09-05,2021,9,3,248,-1.0,-0.0,Haut-Sassandra,Cacao,Argileux,Pluies,193.0,28.3,93.4,1,1.59
2021-05-26,2021,5,2,146,0.5,-0.866,Haut-Sassandra,Manioc,Argileux,Pluies,131.6,28.2,83.2,1,17.27
2024-08-12,2024,8,3,225,-0.866,-0.5,Nawa,Cacao,Argileux,Seche,25.6,33.1,58.8,1,1.14
2022-08-05,2022,8,3,217,-0.866,-0.5,Nawa,Cacao,Limoneux,Seche,20.4,31.4,64.7,1,1.19
2022-04-15,2022,4,2,105,0.866,-0.5,Nawa,Cacao,Limoneux,Seche,25.6,27.6,77.3,1,1.19
2021-07-12,2021,7,3,193,-0.5,-0.866,Poro,Manioc,Limoneux,Pluies,187.4,25.7,77.2,0,8.58
2023-12-28,2023,12,4,362,-0.0,1.0,Haut-Sassandra,Manioc,Limoneux,Seche,34.3,31.8,75.5,0,12.36
2022-05-09,2022,5,2,129,0.5,-0.866,Haut-Sassandra,Cacao,Sablonneux,Pluies,228.4,26.3,86.6,1,1.69
2021-02-21,2021,2,1,52,0.866,0.5,Nawa,Manioc,Limoneux,Seche,37.7,30.9,60.3,0,13.79
2023-06-01,2023,6,2,152,0.0,-1.0,Haut-Sassandra,Manioc,Limoneux,Pluies,213.5,30.5,87.2,0,12.35
2021-12-29,2021,12,4,363,-0.0,1.0,Nawa,Cacao,Limoneux,Seche,79.1,31.8,53.1,0,1.14
2023-07-06,2023,7,3,187,-0.5,-0.866,Poro,Anacarde,Limoneux,Pluies,146.1,27.5,73.9,0,1.14
2022-04-19,2022,4,2,109,0.866,-0.5,Haut-Sassandra,Maïs,Argileux,Seche,60.0,31.8,64.1,1,1.22
2022-06-05,2022,6,2,156,0.0,-1.0,Nawa,Cacao,Limoneux,Pluies,143.4,26.2,82.3,0,1.51
2024-12-25,2024,12,4,360,-0.0,1.0,Nawa,Manioc,Argileux,Seche,46.7,26.0,75.0,0,11.14
2024-08-14,2024,8,3,227,-0.866,-0.5,Nawa,Manioc,Argileux,Seche,71.2,31.7,55.1,1,12.68
2024-12-29,2024,12,4,364,-0.0,1.0,Haut-Sassandra,Cacao,Limoneux,Seche,36.8,35.3,55.9,0,1.13
2022-11-22,2022,11,4,326,-0.5,0.866,Nawa,Maïs,Argileux,Seche,64.4,27.8,67.3,0,1.45
2024-05-06,2024,5,2,127,0.5,-0.866,Poro,Anacarde,Limoneux,Seche,12.0,35.5,35.8,1,0.68
2024-02-26,2024,2,1,57,0.866,0.5,Haut-Sassandra,Manioc,Argileux,Seche,46.8,30.6,64.5,0,12.41
2022-06-16,2022,6,2,167,0.0,-1.0,Poro,Maïs,Sablonneux,Pluies,233.0,29.2,81.4,1,1.24
2024-12-05,2024,12,4,340,-0.0,1.0,Haut-Sassandra,Cacao,Argileux,Seche,16.2,30.1,66.4,0,1.1
2023-04-20,2023,4,2,110,0.866,-0.5,Poro,Maïs,Sablonneux,Seche,12.6,32.0,31.4,0,1.3
2023-12-25,2023,12,4,359,-0.0,1.0,Haut-Sassandra,Manioc,Limoneux,Seche,82.3,30.0,68.3,0,10.71
2021-08-29,2021,8,3,241,-0.866,-0.5,Haut-Sassandra,Manioc,Limoneux,Seche,21.7,31.2,64.7,1,13.25
2024-10-24,2024,10,4,298,-0.866,0.5,Poro,Maïs,Argileux,Seche,8.6,31.3,27.3,0,1.36
2022-06-20,2022,6,2,171,0.0,-1.0,Haut-Sassandra,Cacao,Argileux,Pluies,151.9,24.6,86.7,0,1.51
2024-11-08,2024,11,4,313,-0.5,0.866,Poro,Cacao,Sablonneux,Seche,0.0,29.1,33.8,0,0.66
2024-12-25,2024,12,4,360,-0.0,1.0,Haut-Sassandra,Cacao,Sablonneux,Seche,62.0,31.9,58.9,0,1.0
2021-03-24,2021,3,1,83,1.0,0.0,Haut-Sassandra,Cacao,Argileux,Seche,13.1,31.2,69.6,0,1.22
2023-09-09,2023,9,3,252,-1.0,-0.0,Nawa,Manioc,Limoneux,Pluies,165.1,25.3,89.0,1,18.01
2023-08-09,2023,8,3,221,-0.866,-0.5,Poro,Anacarde,Sablonneux,Pluies,236.5,26.7,66.6,0,0.75
2022-09-03,2022,9,3,246,-1.0,-0.0,Haut-Sassandra,Cacao,Argileux,Pluies,205.3,24.8,88.4,1,1.46
2022-07-28,2022,7,3,209,-0.5,-0.866,Nawa,Manioc,Limoneux,Pluies,220.2,26.4,90.2,0,18.84
2021-10-13,2021,10,4,286,-0.866,0.5,Nawa,Manioc,Argileux,Pluies,130.7,28.3,93.4,0,18.59
2023-09-16,2023,9,3,259,-1.0,-0.0,Nawa,Cacao,Argileux,Pluies,125.5,28.7,93.1,1,1.67
2022-04-04,2022,4,2,94,0.866,-0.5,Haut-Sassandra,Cacao,Sablonneux,Seche,36.1,31.3,75.3,1,1.06
2024-05-20,2024,5,2,141,0.5,-0.866,Haut-Sassandra,Cacao,Argileux,Pluies,159.2,26.5,86.6,1,1.59
2021-05-06,2021,5,2,126,0.5,-0.866,Nawa,Cacao,Argileux,Pluies,218.2,27.2,93.3,1,1.38
2024-12-07,2024,12,4,342,-0.0,1.0,Nawa,Manioc,Limoneux,Seche,49.5,30.5,61.2,0,11.96
2022-03-01,2022,3,1,60,1.0,0.0,Haut-Sassandra,Cacao,Argileux,Seche,58.3,32.9,61.3,0,1.16
2022-07-08,2022,7,3,189,-0.5,-0.866,Nawa,Manioc,Argileux,Pluies,174.8,27.3,93.7,0,17.69
2022-09-02,2022,9,3,245,-1.0,-0.0,Haut-Sassandra,Cacao,Limoneux,Pluies,135.3,29.9,88.1,0,1.19
2024-03-27,2024,3,1,87,1.0,0.0,Poro,Manioc,Sablonneux,Seche,21.4,33.3,48.5,0,6.18
2021-04-22,2021,4,2,112,0.866,-0.5,Haut-Sassandra,Maïs,Argileux,Seche,58.2,34.4,59.1,1,1.28
2022-02-06,2022,2,1,37,0.866,0.5,Poro,Anacarde,Sablonneux,Seche,4.0,33.9,48.0,0,0.73
2021-05-02,2021,5,2,122,0.5,-0.866,Poro,Manioc,Sablonneux,Seche,19.0,31.0,50.2,1,5.86
2021-09-30,2021,9,3,273,-1.0,-0.0,Haut-Sassandra,Manioc,Sablonneux,Pluies,140.0,24.5,84.1,1,14.69
2024-08-10,2024,8,3,223,-0.866,-0.5,Haut-Sassandra,Manioc,Argileux,Seche,50.3,34.1,60.7,1,10.47
2022-02-02,2022,2,1,33,0.866,0.5,Poro,Anacarde,Argileux,Seche,26.3,32.1,34.5,0,0.71
2022-04-16,2022,4,2,106,0.866,-0.5,Haut-Sassandra,Maïs,Limoneux,Seche,52.1,29.9,68.5,1,1.22
2023-09-12,2023,9,3,255,-1.0,-0.0,Nawa,Anacarde,Limoneux,Pluies,193.8,24.4,77.6,1,0.6
2024-05-15,2024,5,2,136,0.5,-0.866,Poro,Cacao,Argileux,Seche,12.1,32.7,41.8,1,0.6
2024-02-08,2024,2,1,39,0.866,0.5,Nawa,Maïs,Limoneux,Seche,48.4,31.2,69.2,0,1.12
2024-07-25,2024,7,3,207,-0.5,-0.866,Poro,Anacarde,Limoneux,Pluies,217.0,31.2,78.8,0,0.74
2022-07-23,2022,7,3,204,-0.5,-0.866,Poro,Anacarde,Sablonneux,Pluies,92.5,28.1,76.3,0,0.76
2024-02-12,2024,2,1,43,0.866,0.5,Nawa,Cacao,Argileux,Seche,57.8,33.6,70.0,0,1.17
2023-06-16,2023,6,2,167,0.0,-1.0,Haut-Sassandra,Manioc,Limoneux,Pluies,189.6,27.1,86.1,0,15.34
2023-03-31,2023,3,1,90,1.0,0.0,Nawa,Cacao,Sablonneux,Seche,70.8,29.3,78.4,0,1.26
2023-05-03,2023,5,2,123,0.5,-0.866,Haut-Sassandra,Cacao,Argileux,Pluies,183.8,24.2,82.3,1,1.34
2022-12-11,2022,12,4,345,-0.0,1.0,Poro,Maïs,Limoneux,Seche,0.0,29.2,41.4,0,1.29
2021-11-17,2021,11,4,321,-0.5,0.866,Nawa,Cacao,Sablonneux,Seche,68.8,33.3,62.3,0,1.23
2021-06-28,2021,6,2,179,0.0,-1.0,Haut-Sassandra,Cacao,Limoneux,Pluies,197.7,28.8,85.1,1,1.77
2023-06-16,2023,6,2,167,0.0,-1.0,Nawa,Cacao,Sablonneux,Pluies,222.0,27.1,85.4,0,1.55
2021-08-07,2021,8,3,219,-0.866,-0.5,Haut-Sassandra,Cacao,Sablonneux,Seche,50.2,30.0,70.3,1,1.12
2023-02-28,2023,2,1,59,0.866,0.5,Poro,Manioc,Argileux,Seche,30.1,33.0,49.9,0,5.46
2022-05-07,2022,5,2,127,0.5,-0.866,Nawa,Cacao,Limoneux,Pluies,223.8,27.4,86.4,1,1.56
2021-03-02,2021,3,1,61,1.0,0.0,Nawa,Cacao,Argileux,Seche,0.0,30.1,69.6,0,1.32
2023-12-14,2023,12,4,348,-0.0,1.0,Nawa,Anacarde,Limoneux,Seche,8.3,25.9,67.0,0,0.41
2022-06-22,2022,6,2,173,0.0,-1.0,Nawa,Cacao,Argileux,Pluies,208.4,27.7,84.2,0,1.71
2023-04-28,2023,4,2,118,0.866,-0.5,Poro,Anacarde,Sablonneux,Seche,4.5,31.4,43.0,0,0.83
2023-09-15,2023,9,3,258,-1.0,-0.0,Nawa,Maïs,Argileux,Pluies,231.6,25.6,92.0,1,1.43
2021-03-06,2021,3,1,65,1.0,0.0,Poro,Cacao,Limoneux,Seche,23.5,35.3,31.9,0,0.62
2022-08-09,2022,8,3,221,-0.866,-0.5,Haut-Sassandra,Cacao,Limoneux,Seche,54.4,30.9,64.1,1,0.95
2021-06-20,2021,6,2,171,0.0,-1.0,Nawa,Cacao,Argileux,Pluies,191.0,26.7,84.9,0,1.59
2024-07-20,2024,7,3,202,-0.5,-0.866,Nawa,Cacao,Limoneux,Pluies,179.5,25.5,88.7,0,1.61
2022-06-19,2022,6,2,170,0.0,-1.0,Haut-Sassandra,Cacao,Limoneux,Pluies,189.2,28.4,92.1,0,1.86
2024-11-15,2024,11,4,320,-0.5,0.866,Nawa,Cacao,Limoneux,Seche,29.6,31.0,74.0,0,1.08
2022-11-24,2022,11,4,328,-0.5,0.866,Haut-Sassandra,Maïs,Limoneux,Seche,18.6,33.2,70.7,0,1.34
2024-09-12,2024,9,3,256,-1.0,-0.0,Nawa,Cacao,Argileux,Pluies,199.8,26.8,88.3,1,1.67
2021-04-18,2021,4,2,108,0.866,-0.5,Nawa,Cacao,Limoneux,Seche,88.3,28.8,74.6,1,1.05
2024-03-31,2024,3,1,91,1.0,0.0,Haut-Sassandra,Cacao,Argileux,Seche,37.8,29.5,74.4,0,1.02
2023-03-25,2023,3,1,84,1.0,0.0,Nawa,Cacao,Argileux,Seche,42.0,23.6,71.4,0,1.17
2023-10-02,2023,10,4,275,-0.866,0.5,Nawa,Cacao,Argileux,Pluies,181.9,25.4,84.3,0,1.44
2022-03-28,2022,3,1,87,1.0,0.0,Nawa,Cacao,Argileux,Seche,73.9,31.7,66.2,0,1.09
2024-05-14,2024,5,2,135,0.5,-0.866,Poro,Anacarde,Sablonneux,Seche,9.8,36.2,35.3,1,0.89
2022-08-13,2022,8,3,225,-0.866,-0.5,Nawa,Cacao,Argileux,Seche,51.6,30.1,72.8,1,1.18
2023-11-06,2023,11,4,310,-0.5,0.866,Haut-Sassandra,Cacao,Limoneux,Seche,37.6,31.0,75.9,0,1.15
2021-11-23,2021,11,4,327,-0.5,0.866,Haut-Sassandra,Manioc,Limoneux,Seche,42.2,32.4,67.5,0,11.53
2022-08-31,2022,8,3,243,-0.866,-0.5,Haut-Sassandra,Cacao,Limoneux,Seche,68.9,30.1,66.9,1,1.1
2022-10-21,2022,10,4,294,-0.866,0.5,Poro,Anacarde,Argileux,Seche,5.2,30.2,36.6,0,0.65
2021-01-02,2021,1,1,2,0.5,0.866,Haut-Sassandra,Maïs,Argileux,Seche,32.2,35.8,71.2,0,1.3
2023-10-31,2023,10,4,304,-0.866,0.5,Haut-Sassandra,Cacao,Argileux,Pluies,197.8,25.6,97.0,0,1.81
2022-03-10,2022,3,1,69,1.0,0.0,Haut-Sassandra,Manioc,Limoneux,Seche,58.8,28.8,70.8,0,11.58
2021-05-05,2021,5,2,125,0.5,-0.866,Nawa,Manioc,Argileux,Pluies,233.9,25.9,81.8,1,11.57
2024-01-10,2024,1,1,10,0.5,0.866,Nawa,Manioc,Sablonneux,Seche,44.4,27.8,54.8,0,13.79
2022-04-30,2022,4,2,120,0.866,-0.5,Poro,Anacarde,Sablonneux,Seche,12.9,35.9,50.2,0,0.72
2022-10-14,2022,10,4,287,-0.866,0.5,Haut-Sassandra,Manioc,Argileux,Pluies,156.7,24.1,86.0,0,18.34
2024-03-19,2024,3,1,79,1.0,0.0,Nawa,Cacao,Argileux,Seche,31.4,26.2,69.7,0,1.1
2023-03-11,2023,3,1,70,1.0,0.0,Nawa,Maïs,Argileux,Seche,39.5,28.4,74.0,0,1.31
2023-05-23,2023,5,2,143,0.5,-0.866,Haut-Sassandra,Cacao,Limoneux,Pluies,158.3,26.7,88.0,1,1.69
2024-09-25,2024,9,3,269,-1.0,-0.0,Nawa,Cacao,Argileux,Pluies,251.0,24.8,87.1,1,1.06
2021-05-09,2021,5,2,129,0.5,-0.866,Haut-Sassandra,Cacao,Argileux,Pluies,232.5,24.5,95.4,1,1.18
2022-03-14,2022,3,1,73,1.0,0.0,Poro,Anacarde,Sablonneux,Seche,1.6,35.2,37.9,0,0.73
2023-01-21,2023,1,1,21,0.5,0.866,Poro,Anacarde,Sablonneux,Seche,2.4,33.6,57.0,0,0.65
2022-05-16,2022,5,2,136,0.5,-0.866,Haut-Sassandra,Manioc,Sablonneux,Pluies,184.9,21.8,84.1,1,12.36
2023-12-18,2023,12,4,352,-0.0,1.0,Nawa,Manioc,Sablonneux,Seche,20.5,31.3,72.3,0,11.27
2024-05-06,2024,5,2,127,0.5,-0.866,Haut-Sassandra,Manioc,Sablonneux,Pluies,193.7,26.9,82.1,1,16.98
2021-07-30,2021,7,3,211,-0.5,-0.866,Haut-Sassandra,Cacao,Limoneux,Pluies,166.1,26.5,87.9,0,1.58
2023-06-21,2023,6,2,172,0.0,-1.0,Nawa,Cacao,Argileux,Pluies,223.4,26.8,83.2,0,1.72
2021-02-14,2021,2,1,45,0.866,0.5,Haut-Sassandra,Maïs,Argileux,Seche,22.3,29.1,59.8,0,1.45
2024-01-26,2024,1,1,26,0.5,0.866,Haut-Sassandra,Manioc,Argileux,Seche,48.8,30.2,78.7,0,12.73
2024-07-26,2024,7,3,208,-0.5,-0.866,Nawa,Maïs,Argileux,Pluies,136.4,25.8,85.4,0,1.95
2022-06-19,2022,6,2,170,0.0,-1.0,Nawa,Maïs,Argileux,Pluies,92.3,27.4,81.9,0,1.25
2024-12-04,2024,12,4,339,-0.0,1.0,Haut-Sassandra,Manioc,Argileux,Seche,37.0,29.4,57.8,0,12.66
2022-04-06,2022,4,2,96,0.866,-0.5,Haut-Sassandra,Manioc,Sablonneux,Seche,26.3,27.5,78.6,1,11.75
2022-01-26,2022,1,1,26,0.5,0.866,Nawa,Cacao,Limoneux,Seche,63.1,36.1,67.9,0,1.08
2023-12-04,2023,12,4,338,-0.0,1.0,Nawa,Cacao,Argileux,Seche,46.4,32.7,69.2,0,1.14
2021-01-27,2021,1,1,27,0.5,0.866,Haut-Sassandra,Manioc,Argileux,Seche,73.1,30.9,72.6,0,11.56
2023-03-05,2023,3,1,64,1.0,0.0,Poro,Anacarde,Limoneux,Seche,24.0,38.7,35.9,0,0.7
2024-01-26,2024,1,1,26,0.5,0.866,Haut-Sassandra,Cacao,Argileux,Seche,43.5,35.0,78.2,0,1.07
2023-09-02,2023,9,3,245,-1.0,-0.0,Nawa,Cacao,Limoneux,Pluies,167.9,25.4,88.4,1,1.58
2022-07-02,2022,7,3,183,-0.5,-0.866,Nawa,Maïs,Limoneux,Pluies,210.5,29.3,84.7,0,1.35
2022-09-13,2022,9,3,256,-1.0,-0.0,Nawa,Cacao,Argileux,Pluies,224.0,24.9,90.7,1,1.6
2022-07-21,2022,7,3,202,-0.5,-0.866,Haut-Sassandra,Cacao,Argileux,Pluies,212.6,24.6,88.1,0,1.47
2022-12-05,2022,12,4,339,-0.0,1.0,Poro,Anacarde,Limoneux,Seche,19.5,32.0,50.2,0,0.78
2024-05-27,2024,5,2,148,0.5,-0.866,Haut-Sassandra,Manioc,Argileux,Pluies,167.5,27.6,82.0,1,16.45
2021-07-04,2021,7,3,185,-0.5,-0.866,Nawa,Maïs,Argileux,Pluies,149.6,27.3,91.3,0,1.84
2023-12-29,2023,12,4,363,-0.0,1.0,Nawa,Cacao,Limoneux,Seche,69.7,30.3,68.4,0,1.18
2024-02-28,2024,2,1,59,0.866,0.5,Haut-Sassandra,Maïs,Limoneux,Seche,43.4,29.8,65.2,0,1.25
2023-04-28,2023,4,2,118,0.866,-0.5,Haut-Sassandra,Cacao,Limoneux,Seche,43.7,31.8,75.4,1,1.06
2022-08-22,2022,8,3,234,-0.866,-0.5,Nawa,Anacarde,Limoneux,Seche,62.2,26.3,63.1,1,0.36
2023-03-17,2023,3,1,76,1.0,0.0,Nawa,Manioc,Limoneux,Seche,79.0,26.5,67.8,0,10.92
2024-09-19,2024,9,3,263,-1.0,-0.0,Haut-Sassandra,Manioc,Limoneux,Pluies,148.1,26.2,88.0,1,15.86
2024-03-23,2024,3,1,83,1.0,0.0,Nawa,Cacao,Argileux,Seche,51.1,31.3,49.9,0,1.17
2021-03-20,2021,3,1,79,1.0,0.0,Haut-Sassandra,Cacao,Limoneux,Seche,42.8,33.2,63.9,0,1.17
2022-08-02,2022,8,3,214,-0.866,-0.5,Haut-Sassandra,Cacao,Sablonneux,Seche,34.4,29.1,61.5,1,1.1
2022-02-17,2022,2,1,48,0.866,0.5,Nawa,Cacao,Sablonneux,Seche,4.4,33.2,75.2,0,1.12
2022-06-30,2022,6,2,181,0.0,-1.0,Poro,Maïs,Sablonneux,Pluies,139.2,27.8,69.7,1,2.09
2021-06-18,2021,6,2,169,0.0,-1.0,Poro,Anacarde,Sablonneux,Pluies,156.6,29.5,81.6,1,0.75
2022-11-12,2022,11,4,316,-0.5,0.866,Poro,Anacarde,Argileux,Seche,18.3,30.4,30.4,0,0.77
2022-08-06,2022,8,3,218,-0.866,-0.5,Poro,Anacarde,Limoneux,Pluies,104.4,27.3,75.2,0,0.8
2022-05-30,2022,5,2,150,0.5,-0.866,Haut-Sassandra,Cacao,Limoneux,Pluies,212.7,29.2,86.0,1,1.1
2024-08-30,2024,8,3,243,-0.866,-0.5,Nawa,Cacao,Limoneux,Seche,29.2,30.1,70.4,1,1.16
2021-02-01,2021,2,1,32,0.866,0.5,Nawa,Cacao,Limoneux,Seche,0.0,28.1,68.9,0,1.0
2021-10-14,2021,10,4,287,-0.866,0.5,Nawa,Manioc,Argileux,Pluies,137.2,26.6,89.1,0,17.49
2022-08-17,2022,8,3,229,-0.866,-0.5,Poro,Manioc,Sablonneux,Pluies,159.5,26.0,75.4,0,8.58
2023-12-03,2023,12,4,337,-0.0,1.0,Nawa,Manioc,Argileux,Seche,48.1,27.1,71.7,0,11.99
2022-09-09,2022,9,3,252,-1.0,-0.0,Haut-Sassandra,Manioc,Argileux,Pluies,225.4,27.3,90.8,1,15.52
2023-10-22,2023,10,4,295,-0.866,0.5,Poro,Maïs,Sablonneux,Seche,12.8,29.4,33.8,0,1.25
2021-09-27,2021,9,3,270,-1.0,-0.0,Poro,Maïs,Limoneux,Pluies,171.1,30.2,74.1,0,1.13
2024-04-18,2024,4,2,109,0.866,-0.5,Haut-Sassandra,Cacao,Argileux,Seche,4.2,32.6,64.2,1,1.2
2022-06-02,2022,6,2,153,0.0,-1.0,Poro,Anacarde,Sablonneux,Pluies,198.4,29.0,81.4,1,1.11
2024-02-01,2024,2,1,32,0.866,0.5,Nawa,Cacao,Limoneux,Seche,15.0,29.7,65.5,0,1.26
2023-10-31,2023,10,4,304,-0.866,0.5,Nawa,Manioc,Argileux,Pluies,166.0,27.9,84.7,0,16.76
2022-08-06,2022,8,3,218,-0.866,-0.5,Haut-Sassandra,Manioc,Argileux,Seche,85.7,25.2,61.0,1,11.96
2024-01-19,2024,1,1,19,0.5,0.866,Haut-Sassandra,Cacao,Sablonneux,Seche,59.8,30.3,67.9,1,1.19
2021-08-14,2021,8,3,226,-0.866,-0.5,Haut-Sassandra,Manioc,Sablonneux,Seche,50.2,30.0,71.9,1,12.85
2022-11-01,2022,11,4,305,-0.5,0.866,Haut-Sassandra,Anacarde,Argileux,Seche,29.6,28.3,74.5,0,0.36
2023-07-06,2023,7,3,187,-0.5,-0.866,Nawa,Cacao,Limoneux,Pluies,197.7,26.0,78.5,0,1.38
2021-05-06,2021,5,2,126,0.5,-0.866,Nawa,Manioc,Sablonneux,Pluies,204.8,26.4,80.7,1,16.31
2023-08-14,2023,8,3,226,-0.866,-0.5,Nawa,Manioc,Argileux,Seche,0.0,33.8,67.4,1,11.06
2024-05-17,2024,5,2,138,0.5,-0.866,Nawa,Cacao,Limoneux,Pluies,161.1,24.9,86.5,1,1.67
2024-01-26,2024,1,1,26,0.5,0.866,Nawa,Maïs,Argileux,Seche,47.9,26.1,75.5,0,1.38
2021-03-15,2021,3,1,74,1.0,0.0,Poro,Anacarde,Sablonneux,Seche,0.0,34.6,46.4,0,0.63
2024-04-29,2024,4,2,120,0.866,-0.5,Nawa,Manioc,Sablonneux,Seche,81.8,29.4,81.9,1,11.94
2021-02-25,2021,2,1,56,0.866,0.5,Poro,Cacao,Argileux,Seche,0.0,31.4,45.2,0,0.6
2022-12-21,2022,12,4,355,-0.0,1.0,Nawa,Cacao,Argileux,Seche,67.2,28.5,56.7,0,1.19
2022-07-07,2022,7,3,188,-0.5,-0.866,Haut-Sassandra,Manioc,Argileux,Pluies,150.8,28.9,79.9,0,15.93
2021-02-01,2021,2,1,32,0.866,0.5,Haut-Sassandra,Cacao,Limoneux,Seche,2.2,28.9,70.7,0,1.15
2022-07-28,2022,7,3,209,-0.5,-0.866,Haut-Sassandra,Manioc,Limoneux,Pluies,179.7,24.1,90.4,0,18.76
2022-10-29,2022,10,4,302,-0.866,0.5,Haut-Sassandra,Cacao,Argileux,Pluies,206.3,26.6,88.5,0,1.51
2021-10-11,2021,10,4,284,-0.866,0.5,Haut-Sassandra,Manioc,Argileux,Pluies,174.6,25.1,92.4,0,15.92
2021-07-06,2021,7,3,187,-0.5,-0.866,Poro,Cacao,Argileux,Pluies,169.2,31.3,65.7,0,0.61
2022-05-13,2022,5,2,133,0.5,-0.866,Haut-Sassandra,Manioc,Limoneux,Pluies,156.3,30.0,91.1,1,11.3
2021-05-10,2021,5,2,130,0.5,-0.866,Poro,Maïs,Sablonneux,Seche,19.4,33.3,36.5,1,1.21
2022-10-01,2022,10,4,274,-0.866,0.5,Haut-Sassandra,Manioc,Argileux,Pluies,192.3,27.6,88.3,0,15.29
2024-08-08,2024,8,3,221,-0.866,-0.5,Nawa,Cacao,Limoneux,Seche,102.9,27.8,64.5,1,1.11
2021-04-24,2021,4,2,114,0.866,-0.5,Nawa,Cacao,Limoneux,Seche,52.8,30.1,68.4,1,1.16
2024-05-07,2024,5,2,128,0.5,-0.866,Haut-Sassandra,Manioc,Argileux,Pluies,193.4,27.3,88.3,1,17.17
2021-01-13,2021,1,1,13,0.5,0.866,Nawa,Cacao,Argileux,Seche,36.8,30.6,67.9,0,1.06
2024-07-18,2024,7,3,200,-0.5,-0.866,Haut-Sassandra,Cacao,Limoneux,Pluies,207.1,26.4,87.6,0,1.65
2024-05-23,2024,5,2,144,0.5,-0.866,Poro,Anacarde,Sablonneux,Seche,20.1,32.9,47.6,1,0.78
2022-03-20,2022,3,1,79,1.0,0.0,Haut-Sassandra,Manioc,Argileux,Seche,58.9,31.4,76.0,0,12.12
2022-03-23,2022,3,1,82,1.0,0.0,Poro,Anacarde,Sablonneux,Seche,18.2,33.1,34.8,0,0.77
2023-09-13,2023,9,3,256,-1.0,-0.0,Nawa,Manioc,Argileux,Pluies,191.2,26.6,87.8,1,17.17
2023-09-20,2023,9,3,263,-1.0,-0.0,Haut-Sassandra,Maïs,Argileux,Pluies,214.6,24.9,84.3,1,2.02
2022-12-16,2022,12,4,350,-0.0,1.0,Haut-Sassandra,Manioc,Argileux,Seche,23.5,32.0,65.0,0,11.95
2021-03-15,2021,3,1,74,1.0,0.0,Nawa,Cacao,Argileux,Seche,68.6,30.7,77.0,0,1.08
2022-06-21,2022,6,2,172,0.0,-1.0,Poro,Manioc,Sablonneux,Pluies,186.6,29.8,75.9,1,6.35
2021-04-11,2021,4,2,101,0.866,-0.5,Haut-Sassandra,Cacao,Argileux,Seche,72.7,30.2,67.8,1,1.06
2021-06-25,2021,6,2,176,0.0,-1.0,Haut-Sassandra,Cacao,Limoneux,Pluies,211.1,26.0,86.6,0,1.59
2022-03-03,2022,3,1,62,1.0,0.0,Poro,Manioc,Sablonneux,Seche,15.3,33.3,38.1,0,5.34
2024-02-15,2024,2,1,46,0.866,0.5,Nawa,Manioc,Limoneux,Seche,42.8,28.5,71.6,0,12.94
2024-04-04,2024,4,2,95,0.866,-0.5,Nawa,Manioc,Sablonneux,Seche,46.0,28.6,75.6,1,12.88
2021-02-10,2021,2,1,41,0.866,0.5,Poro,Maïs,Limoneux,Seche,4.6,30.9,40.7,0,1.32
2022-03-05,2022,3,1,64,1.0,0.0,Haut-Sassandra,Manioc,Sablonneux,Seche,49.8,26.0,76.2,0,12.04
2021-12-10,2021,12,4,344,-0.0,1.0,Haut-Sassandra,Cacao,Sablonneux,Seche,9.6,31.2,66.4,0,1.24
2024-12-18,2024,12,4,353,-0.0,1.0,Nawa,Manioc,Limoneux,Seche,40.4,30.2,73.0,0,12.03
2022-01-01,2022,1,1,1,0.5,0.866,Nawa,Cacao,Argileux,Seche,33.0,32.1,68.2,0,1.27
2024-02-18,2024,2,1,49,0.866,0.5,Haut-Sassandra,Manioc,Sablonneux,Seche,78.4,31.1,76.6,0,12.31
2022-09-01,2022,9,3,244,-1.0,-0.0,Nawa,Cacao,Argileux,Pluies,194.2,27.5,85.1,1,1.51
2022-10-19,2022,10,4,292,-0.866,0.5,Haut-Sassandra,Cacao,Argileux,Pluies,185.4,26.7,83.8,0,1.67
2022-12-29,2022,12,4,363,-0.0,1.0,Haut-Sassandra,Cacao,Argileux,Seche,66.6,28.6,66.0,0,1.15
2021-08-17,2021,8,3,229,-0.866,-0.5,Haut-Sassandra,Maïs,Argileux,Seche,58.8,28.6,68.1,1,1.45
2023-04-05,2023,4,2,95,0.866,-0.5,Poro,Anacarde,Sablonneux,Seche,9.2,33.2,38.9,0,0.71
2024-02-28,2024,2,1,59,0.866,0.5,Haut-Sassandra,Cacao,Limoneux,Seche,31.6,26.5,64.2,0,1.11
2024-10-07,2024,10,4,281,-0.866,0.5,Poro,Maïs,Limoneux,Seche,10.8,31.5,43.4,0,1.28
2023-06-08,2023,6,2,159,0.0,-1.0,Nawa,Manioc,Limoneux,Pluies,218.3,24.5,86.0,0,16.44
2024-09-03,2024,9,3,247,-1.0,-0.0,Haut-Sassandra,Manioc,Sablonneux,Pluies,191.8,22.5,84.3,1,9.84
2023-09-11,2023,9,3,254,-1.0,-0.0,Nawa,Manioc,Limoneux,Pluies,211.3,25.0,80.7,1,18.25
2023-04-16,2023,4,2,106,0.866,-0.5,Poro,Anacarde,Limoneux,Seche,24.1,34.0,39.7,0,0.87
2024-09-22,2024,9,3,266,-1.0,-0.0,Poro,Maïs,Argileux,Pluies,163.3,30.0,75.3,0,1.25
2024-07-20,2024,7,3,202,-0.5,-0.866,Poro,Anacarde,Sablonneux,Pluies,152.5,32.2,77.5,0,0.76
2021-04-27,2021,4,2,117,0.866,-0.5,Poro,Anacarde,Sablonneux,Seche,0.0,33.0,48.3,0,0.7
2023-03-29,2023,3,1,88,1.0,0.0,Nawa,Cacao,Argileux,Seche,43.4,28.0,78.3,1,1.17
2022-01-03,2022,1,1,3,0.5,0.866,Haut-Sassandra,Maïs,Sablonneux,Seche,62.7,26.1,67.0,0,1.15
2024-01-23,2024,1,1,23,0.5,0.866,Poro,Maïs,Limoneux,Seche,9.5,34.8,45.3,0,1.45
2021-06-17,2021,6,2,168,0.0,-1.0,Haut-Sassandra,Manioc,Argileux,Pluies,164.5,26.7,77.8,0,18.54
2023-08-12,2023,8,3,224,-0.866,-0.5,Haut-Sassandra,Manioc,Argileux,Seche,44.3,35.8,64.9,1,10.42
2024-09-26,2024,9,3,270,-1.0,-0.0,Haut-Sassandra,Cacao,Argileux,Pluies,199.5,24.6,88.6,1,1.65
2022-10-23,2022,10,4,296,-0.866,0.5,Nawa,Maïs,Argileux,Pluies,136.2,25.1,79.8,0,1.71
2022-11-26,2022,11,4,330,-0.5,0.866,Nawa,Cacao,Argileux,Seche,55.4,31.6,77.9,0,1.16
2023-07-14,2023,7,3,195,-0.5,-0.866,Poro,Maïs,Argileux,Pluies,138.1,29.7,70.1,0,1.12
2021-06-01,2021,6,2,152,0.0,-1.0,Haut-Sassandra,Cacao,Sablonneux,Pluies,194.8,25.8,85.9,0,1.72
2022-08-09,2022,8,3,221,-0.866,-0.5,Poro,Anacarde,Limoneux,Pluies,210.4,25.7,82.5,0,1.02
2023-07-02,2023,7,3,183,-0.5,-0.866,Nawa,Cacao,Sablonneux,Pluies,214.2,28.2,77.6,0,1.4
2021-10-01,2021,10,4,274,-0.866,0.5,Nawa,Maïs,Sablonneux,Pluies,147.1,24.8,86.4,0,1.62
2022-05-11,2022,5,2,131,0.5,-0.866,Nawa,Cacao,Sablonneux,Pluies,180.8,26.4,87.1,1,1.43
2021-04-11,2021,4,2,101,0.866,-0.5,Haut-Sassandra,Anacarde,Argileux,Seche,42.7,31.3,70.3,1,0.37
2022-07-11,2022,7,3,192,-0.5,-0.866,Nawa,Cacao,Limoneux,Pluies,215.4,26.1,90.7,0,1.6
2024-01-11,2024,1,1,11,0.5,0.866,Nawa,Manioc,Limoneux,Seche,20.7,30.1,72.2,0,11.8
2021-03-14,2021,3,1,73,1.0,0.0,Haut-Sassandra,Manioc,Limoneux,Seche,43.8,27.8,70.2,0,10.9
2023-11-04,2023,11,4,308,-0.5,0.866,Haut-Sassandra,Maïs,Argileux,Seche,18.8,30.0,65.8,0,1.28
2024-12-27,2024,12,4,362,-0.0,1.0,Nawa,Cacao,Argileux,Seche,75.7,30.4,67.6,0,1.22
2021-06-06,2021,6,2,157,0.0,-1.0,Poro,Anacarde,Argileux,Pluies,157.3,30.6,80.0,1,0.6
2023-01-05,2023,1,1,5,0.5,0.866,Haut-Sassandra,Manioc,Limoneux,Seche,43.6,29.6,65.7,0,12.74
2021-05-12,2021,5,2,132,0.5,-0.866,Nawa,Manioc,Argileux,Pluies,236.3,28.9,95.7,1,12.52
2024-09-23,2024,9,3,267,-1.0,-0.0,Nawa,Cacao,Argileux,Pluies,171.0,22.9,92.1,1,1.11
2023-10-16,2023,10,4,289,-0.866,0.5,Haut-Sassandra,Maïs,Argileux,Pluies,196.3,27.6,85.8,0,1.74
2024-11-28,2024,11,4,333,-0.5,0.866,Nawa,Cacao,Limoneux,Seche,62.6,26.0,71.9,0,1.19
2024-10-31,2024,10,4,305,-0.866,0.5,Nawa,Cacao,Argileux,Pluies,185.3,24.4,84.5,0,1.69
2022-07-13,2022,7,3,194,-0.5,-0.866,Haut-Sassandra,Manioc,Argileux,Pluies,195.8,27.3,86.6,0,15.59
2021-04-17,2021,4,2,107,0.866,-0.5,Poro,Anacarde,Sablonneux,Seche,0.0,31.1,42.5,0,0.74
2021-09-22,2021,9,3,265,-1.0,-0.0,Nawa,Cacao,Limoneux,Pluies,220.8,24.9,84.8,1,1.42
2024-05-13,2024,5,2,134,0.5,-0.866,Nawa,Cacao,Limoneux,Pluies,215.1,27.5,88.3,1,1.64
2024-01-08,2024,1,1,8,0.5,0.866,Poro,Anacarde,Sablonneux,Seche,25.3,34.1,53.8,0,0.84
2021-06-04,2021,6,2,155,0.0,-1.0,Haut-Sassandra,Cacao,Argileux,Pluies,253.6,26.2,89.9,0,1.07
2023-09-15,2023,9,3,258,-1.0,-0.0,Nawa,Cacao,Limoneux,Pluies,174.8,25.4,84.8,1,1.72
2023-09-24,2023,9,3,267,-1.0,-0.0,Nawa,Manioc,Limoneux,Pluies,236.5,27.0,85.5,1,13.23
2021-09-04,2021,9,3,247,-1.0,-0.0,Haut-Sassandra,Manioc,Argileux,Pluies,167.6,26.9,87.9,1,18.47
2022-06-15,2022,6,2,166,0.0,-1.0,Nawa,Manioc,Limoneux,Pluies,211.4,26.5,85.8,0,18.17
2023-05-08,2023,5,2,128,0.5,-0.866,Haut-Sassandra,Maïs,Argileux,Pluies,145.4,24.1,89.3,1,1.9
2022-06-22,2022,6,2,173,0.0,-1.0,Haut-Sassandra,Manioc,Limoneux,Pluies,176.8,26.2,81.2,0,15.12
2022-12-30,2022,12,4,364,-0.0,1.0,Nawa,Manioc,Sablonneux,Seche,82.1,31.4,75.3,0,11.77
2024-03-23,2024,3,1,83,1.0,0.0,Haut-Sassandra,Manioc,Limoneux,Seche,60.2,29.2,70.6,0,11.58
2021-06-03,2021,6,2,154,0.0,-1.0,Poro,Maïs,Sablonneux,Pluies,148.0,27.5,74.4,1,1.86
2021-04-02,2021,4,2,92,0.866,-0.5,Haut-Sassandra,Cacao,Argileux,Seche,57.6,33.8,67.2,1,1.17
2024-12-27,2024,12,4,362,-0.0,1.0,Nawa,Cacao,Argileux,Seche,23.8,32.5,63.8,0,1.11
2021-12-04,2021,12,4,338,-0.0,1.0,Nawa,Cacao,Sablonneux,Seche,42.4,32.2,65.0,0,1.01
2024-02-29,2024,2,1,60,0.866,0.5,Haut-Sassandra,Cacao,Argileux,Seche,30.1,32.1,75.7,0,1.1
2022-03-26,2022,3,1,85,1.0,0.0,Haut-Sassandra,Cacao,Limoneux,Seche,42.1,27.0,68.0,1,1.16
2023-03-21,2023,3,1,80,1.0,0.0,Haut-Sassandra,Cacao,Limoneux,Seche,43.7,28.8,68.1,0,1.03
2023-02-26,2023,2,1,57,0.866,0.5,Poro,Maïs,Sablonneux,Seche,21.1,29.0,53.1,0,1.43
2021-09-30,2021,9,3,273,-1.0,-0.0,Poro,Maïs,Sablonneux,Pluies,123.4,28.9,83.8,0,1.9
2022-08-11,2022,8,3,223,-0.866,-0.5,Poro,Maïs,Sablonneux,Pluies,257.8,26.8,82.2,0,1.15
2021-06-26,2021,6,2,177,0.0,-1.0,Nawa,Manioc,Limoneux,Pluies,176.0,25.8,82.6,0,17.38
2023-04-11,2023,4,2,101,0.866,-0.5,Haut-Sassandra,Manioc,Limoneux,Seche,16.6,38.0,61.2,0,10.87
2022-10-05,2022,10,4,278,-0.866,0.5,Poro,Maïs,Argileux,Seche,17.2,37.7,50.0,0,1.15
2023-12-09,2023,12,4,343,-0.0,1.0,Haut-Sassandra,Maïs,Limoneux,Seche,41.2,32.8,72.6,0,1.27
2022-07-21,2022,7,3,202,-0.5,-0.866,Haut-Sassandra,Cacao,Limoneux,Pluies,204.3,26.3,89.1,0,1.57
2022-10-28,2022,10,4,301,-0.866,0.5,Nawa,Maïs,Sablonneux,Pluies,210.9,27.2,84.9,0,2.09
2024-10-10,2024,10,4,284,-0.866,0.5,Nawa,Cacao,Limoneux,Pluies,126.4,24.6,87.0,0,1.42
2024-08-24,2024,8,3,237,-0.866,-0.5,Poro,Anacarde,Sablonneux,Pluies,207.5,29.0,70.9,0,1.09
2023-05-18,2023,5,2,138,0.5,-0.866,Poro,Maïs,Argileux,Seche,8.7,33.8,49.1,1,1.02
2023-12-06,2023,12,4,340,-0.0,1.0,Nawa,Cacao,Limoneux,Seche,53.2,29.4,77.1,0,1.25
2021-10-29,2021,10,4,302,-0.866,0.5,Haut-Sassandra,Manioc,Sablonneux,Pluies,251.5,26.3,87.4,0,11.85
2023-05-18,2023,5,2,138,0.5,-0.866,Nawa,Cacao,Limoneux,Pluies,194.8,27.0,90.6,1,1.62
2023-07-01,2023,7,3,182,-0.5,-0.866,Nawa,Maïs,Sablonneux,Pluies,175.3,28.8,81.2,0,1.91
2022-02-12,2022,2,1,43,0.866,0.5,Poro,Anacarde,Sablonneux,Seche,19.3,32.1,35.7,0,0.69
2024-04-27,2024,4,2,118,0.866,-0.5,Haut-Sassandra,Cacao,Limoneux,Seche,29.1,31.1,67.9,1,1.18
2023-04-02,2023,4,2,92,0.866,-0.5,Nawa,Cacao,Argileux,Seche,45.1,31.4,68.3,1,1.18
2024-02-27,2024,2,1,58,0.866,0.5,Poro,Manioc,Sablonneux,Seche,22.6,32.4,49.1,0,6.3
2022-07-15,2022,7,3,196,-0.5,-0.866,Poro,Anacarde,Argileux,Pluies,114.1,25.0,72.5,0,1.18
2024-07-13,2024,7,3,195,-0.5,-0.866,Nawa,Maïs,Limoneux,Pluies,234.9,25.7,87.7,0,1.24
2024-02-16,2024,2,1,47,0.866,0.5,Poro,Cacao,Argileux,Seche,10.3,34.2,41.9,0,0.58
2022-04-09,2022,4,2,99,0.866,-0.5,Nawa,Cacao,Argileux,Seche,40.5,31.5,73.9,1,1.03
2021-05-24,2021,5,2,144,0.5,-0.866,Nawa,Cacao,Argileux,Pluies,223.2,27.1,88.7,1,1.56
2022-03-18,2022,3,1,77,1.0,0.0,Nawa,Cacao,Limoneux,Seche,43.9,28.8,68.0,0,1.08
2024-05-08,2024,5,2,129,0.5,-0.866,Poro,Anacarde,Limoneux,Seche,14.0,33.1,44.4,1,0.89
2024-03-26,2024,3,1,86,1.0,0.0,Nawa,Cacao,Sablonneux,Seche,54.6,31.2,64.6,0,1.07
2022-05-02,2022,5,2,122,0.5,-0.866,Poro,Manioc,Sablonneux,Seche,28.4,35.8,44.0,1,4.77
2023-05-10,2023,5,2,130,0.5,-0.866,Nawa,Maïs,Sablonneux,Pluies,150.6,27.6,91.3,1,2.13
2024-03-03,2024,3,1,63,1.0,0.0,Haut-Sassandra,Manioc,Argileux,Seche,69.7,28.3,69.1,0,10.68
2021-05-28,2021,5,2,148,0.5,-0.866,Nawa,Maïs,Sablonneux,Pluies,210.3,26.0,87.3,1,1.98
2024-09-21,2024,9,3,265,-1.0,-0.0,Poro,Anacarde,Limoneux,Pluies,202.6,26.3,72.7,0,1.04
2023-12-31,2023,12,4,365,-0.0,1.0,Haut-Sassandra,Maïs,Argileux,Seche,47.1,33.9,68.8,0,1.49
2024-06-10,2024,6,2,162,0.0,-1.0,Nawa,Cacao,Sablonneux,Pluies,193.5,24.5,77.3,0,1.58
2024-09-19,2024,9,3,263,-1.0,-0.0,Poro,Anacarde,Sablonneux,Pluies,136.9,26.0,82.3,0,1.25
2023-03-22,2023,3,1,81,1.0,0.0,Haut-Sassandra,Cacao,Argileux,Seche,49.6,30.6,65.4,0,1.09
2022-10-28,2022,10,4,301,-0.866,0.5,Poro,Maïs,Argileux,Seche,3.1,36.6,41.3,0,1.18
2021-03-31,2021,3,1,90,1.0,0.0,Haut-Sassandra,Cacao,Limoneux,Seche,25.1,27.6,68.3,0,1.1
2024-09-19,2024,9,3,263,-1.0,-0.0,Haut-Sassandra,Maïs,Argileux,Pluies,199.4,25.9,84.7,1,1.63
2021-07-18,2021,7,3,199,-0.5,-0.866,Nawa,Cacao,Argileux,Pluies,133.3,27.0,85.3,0,1.83
2024-03-30,2024,3,1,90,1.0,0.0,Poro,Maïs,Limoneux,Seche,14.2,30.3,31.1,0,1.43
2022-06-22,2022,6,2,173,0.0,-1.0,Nawa,Cacao,Sablonneux,Pluies,242.5,26.8,86.3,0,1.12
2024-02-19,2024,2,1,50,0.866,0.5,Haut-Sassandra,Cacao,Limoneux,Seche,34.6,28.9,73.8,0,1.08
2021-10-28,2021,10,4,301,-0.866,0.5,Haut-Sassandra,Cacao,Argileux,Pluies,179.4,26.3,84.6,0,1.55
2022-12-25,2022,12,4,359,-0.0,1.0,Haut-Sassandra,Manioc,Argileux,Seche,84.1,28.5,73.2,0,10.44
2023-08-21,2023,8,3,233,-0.866,-0.5,Nawa,Cacao,Argileux,Seche,56.3,28.4,57.1,1,1.18
2024-12-30,2024,12,4,365,-0.0,1.0,Haut-Sassandra,Manioc,Limoneux,Seche,33.4,28.5,73.1,0,11.47
2021-03-09,2021,3,1,68,1.0,0.0,Nawa,Anacarde,Sablonneux,Seche,59.1,29.2,77.8,1,0.39
2022-04-04,2022,4,2,94,0.866,-0.5,Nawa,Manioc,Limoneux,Seche,63.6,30.0,61.6,1,10.94
2022-02-02,2022,2,1,33,0.866,0.5,Haut-Sassandra,Anacarde,Argileux,Seche,0.0,28.0,68.6,0,0.37
2022-09-12,2022,9,3,255,-1.0,-0.0,Nawa,Cacao,Argileux,Pluies,200.8,25.8,78.5,1,1.55
2024-08-02,2024,8,3,215,-0.866,-0.5,Haut-Sassandra,Cacao,Argileux,Seche,37.9,31.9,63.6,1,1.13
2024-03-09,2024,3,1,69,1.0,0.0,Poro,Anacarde,Limoneux,Seche,6.7,36.0,38.9,0,0.76
2022-12-31,2022,12,4,365,-0.0,1.0,Haut-Sassandra,Cacao,Sablonneux,Seche,5.9,28.7,68.7,0,1.19
2022-07-10,2022,7,3,191,-0.5,-0.866,Haut-Sassandra,Manioc,Limoneux,Pluies,136.2,24.1,83.5,0,16.31
2023-02-20,2023,2,1,51,0.866,0.5,Nawa,Cacao,Argileux,Seche,63.5,28.2,66.8,0,1.15
2023-06-13,2023,6,2,164,0.0,-1.0,Nawa,Cacao,Limoneux,Pluies,212.2,26.4,89.3,0,1.59
2022-09-02,2022,9,3,245,-1.0,-0.0,Nawa,Cacao,Argileux,Pluies,196.8,25.3,81.4,1,1.62
2023-01-18,2023,1,1,18,0.5,0.866,Poro,Anacarde,Sablonneux,Seche,12.9,28.9,43.6,0,0.84
2021-10-09,2021,10,4,282,-0.866,0.5,Poro,Anacarde,Sablonneux,Seche,0.0,36.1,35.0,0,0.69
2022-10-23,2022,10,4,296,-0.866,0.5,Haut-Sassandra,Cacao,Argileux,Pluies,162.1,27.6,80.6,0,1.63
2023-07-13,2023,7,3,194,-0.5,-0.866,Haut-Sassandra,Cacao,Argileux,Pluies,232.6,26.9,86.2,0,1.03
2023-09-23,2023,9,3,266,-1.0,-0.0,Haut-Sassandra,Cacao,Sablonneux,Pluies,115.1,27.0,80.7,1,1.57
2023-01-16,2023,1,1,16,0.5,0.866,Haut-Sassandra,Manioc,Argileux,Seche,21.7,31.0,58.5,0,10.9
2021-03-28,2021,3,1,87,1.0,0.0,Poro,Anacarde,Argileux,Seche,15.6,35.3,35.6,0,0.86
2024-01-08,2024,1,1,8,0.5,0.866,Nawa,Cacao,Argileux,Seche,49.0,28.4,60.2,0,1.1
2024-05-13,2024,5,2,134,0.5,-0.866,Poro,Anacarde,Limoneux,Seche,4.9,35.1,44.7,1,0.78
2023-03-02,2023,3,1,61,1.0,0.0,Haut-Sassandra,Maïs,Argileux,Seche,42.5,23.9,63.2,0,1.22
2024-09-22,2024,9,3,266,-1.0,-0.0,Haut-Sassandra,Cacao,Argileux,Pluies,150.6,22.9,79.5,1,1.08
2024-07-01,2024,7,3,183,-0.5,-0.866,Haut-Sassandra,Cacao,Argileux,Pluies,184.5,27.0,81.9,0,1.45
2021-10-31,2021,10,4,304,-0.866,0.5,Haut-Sassandra,Manioc,Argileux,Pluies,216.0,24.5,86.0,0,17.61
2024-11-04,2024,11,4,309,-0.5,0.866,Haut-Sassandra,Cacao,Argileux,Seche,36.2,32.5,62.1,0,1.21
2021-05-10,2021,5,2,130,0.5,-0.866,Nawa,Cacao,Argileux,Pluies,213.6,25.9,90.0,1,1.6
2022-08-19,2022,8,3,231,-0.866,-0.5,Nawa,Cacao,Argileux,Seche,80.6,28.4,76.3,1,1.35
2024-07-23,2024,7,3,205,-0.5,-0.866,Haut-Sassandra,Cacao,Limoneux,Pluies,165.3,26.6,77.9,0,1.59
2022-07-12,2022,7,3,193,-0.5,-0.866,Nawa,Maïs,Argileux,Pluies,240.5,24.9,95.4,0,1.19
2023-06-18,2023,6,2,169,0.0,-1.0,Poro,Manioc,Limoneux,Pluies,202.3,32.1,77.3,0,7.0
2024-04-21,2024,4,2,112,0.866,-0.5,Haut-Sassandra,Manioc,Argileux,Seche,56.6,25.1,74.3,1,12.31
2024-07-15,2024,7,3,197,-0.5,-0.866,Poro,Anacarde,Limoneux,Pluies,181.5,28.5,72.8,0,1.13
2024-09-07,2024,9,3,251,-1.0,-0.0,Poro,Maïs,Sablonneux,Pluies,192.7,27.7,77.2,0,1.85
2021-03-19,2021,3,1,78,1.0,0.0,Nawa,Cacao,Argileux,Seche,32.5,25.8,68.2,0,1.05
2023-02-23,2023,2,1,54,0.866,0.5,Nawa,Cacao,Argileux,Seche,45.5,31.2,65.1,0,1.21
2024-09-24,2024,9,3,268,-1.0,-0.0,Haut-Sassandra,Cacao,Argileux,Pluies,178.6,29.9,83.9,1,1.28
2022-11-05,2022,11,4,309,-0.5,0.866,Haut-Sassandra,Cacao,Sablonneux,Seche,28.8,29.8,63.2,0,1.05
2021-08-26,2021,8,3,238,-0.866,-0.5,Nawa,Cacao,Limoneux,Seche,48.0,28.0,75.9,1,1.09
2024-03-03,2024,3,1,63,1.0,0.0,Poro,Manioc,Limoneux,Seche,4.1,38.8,31.7,0,6.52
2024-04-30,2024,4,2,121,0.866,-0.5,Haut-Sassandra,Manioc,Limoneux,Seche,44.2,31.8,74.4,1,12.58
2024-10-11,2024,10,4,285,-0.866,0.5,Poro,Anacarde,Argileux,Seche,11.5,28.2,41.7,0,0.68
2021-10-05,2021,10,4,278,-0.866,0.5,Nawa,Manioc,Limoneux,Pluies,117.8,28.9,95.4,0,15.94
2023-11-08,2023,11,4,312,-0.5,0.866,Poro,Anacarde,Limoneux,Seche,1.6,30.1,24.8,0,0.8
2022-06-08,2022,6,2,159,0.0,-1.0,Poro,Maïs,Sablonneux,Pluies,154.6,30.6,74.2,1,1.23
2021-06-29,2021,6,2,180,0.0,-1.0,Haut-Sassandra,Cacao,Sablonneux,Pluies,227.2,24.0,78.9,0,1.54
2021-05-03,2021,5,2,123,0.5,-0.866,Nawa,Cacao,Sablonneux,Pluies,245.9,27.3,84.4,1,1.12
2024-06-23,2024,6,2,175,0.0,-1.0,Nawa,Manioc,Limoneux,Pluies,145.5,28.6,82.4,0,17.08
2024-10-28,2024,10,4,302,-0.866,0.5,Poro,Maïs,Sablonneux,Seche,3.8,34.5,22.1,0,1.16
2023-12-11,2023,12,4,345,-0.0,1.0,Poro,Anacarde,Limoneux,Seche,17.5,33.4,52.2,0,0.72
2023-12-31,2023,12,4,365,-0.0,1.0,Poro,Maïs,Limoneux,Seche,8.6,31.8,50.5,0,1.22
2022-04-25,2022,4,2,115,0.866,-0.5,Haut-Sassandra,Manioc,Limoneux,Seche,33.4,30.2,79.7,1,12.92
2023-11-09,2023,11,4,313,-0.5,0.866,Poro,Anacarde,Argileux,Seche,10.3,31.3,37.9,0,0.66
2021-03-25,2021,3,1,84,1.0,0.0,Poro,Manioc,Sablonneux,Seche,8.5,29.7,50.1,0,5.94
2024-03-24,2024,3,1,84,1.0,0.0,Poro,Anacarde,Sablonneux,Seche,26.9,32.9,25.6,0,0.78
2022-07-19,2022,7,3,200,-0.5,-0.866,Haut-Sassandra,Cacao,Argileux,Pluies,235.2,27.0,83.2,0,1.13
2022-09-11,2022,9,3,254,-1.0,-0.0,Nawa,Manioc,Argileux,Pluies,177.2,26.9,81.1,1,19.55
2021-12-23,2021,12,4,357,-0.0,1.0,Haut-Sassandra,Cacao,Argileux,Seche,29.7,30.9,65.1,0,0.97
2023-03-27,2023,3,1,86,1.0,0.0,Nawa,Manioc,Sablonneux,Seche,42.9,30.2,63.2,0,12.42
2022-10-09,2022,10,4,282,-0.866,0.5,Nawa,Cacao,Limoneux,Pluies,219.1,27.6,84.9,0,1.72
2022-03-19,2022,3,1,78,1.0,0.0,Poro,Maïs,Argileux,Seche,3.6,34.8,40.9,0,1.41
2023-12-29,2023,12,4,363,-0.0,1.0,Nawa,Cacao,Limoneux,Seche,105.1,30.9,63.8,1,1.0
2022-06-07,2022,6,2,158,0.0,-1.0,Nawa,Cacao,Sablonneux,Pluies,171.9,24.3,87.5,0,1.58
2021-05-23,2021,5,2,143,0.5,-0.866,Poro,Anacarde,Sablonneux,Seche,9.4,43.0,46.6,1,0.68
2021-07-11,2021,7,3,192,-0.5,-0.866,Poro,Anacarde,Limoneux,Pluies,178.3,26.1,71.4,0,1.07
2024-11-11,2024,11,4,316,-0.5,0.866,Nawa,Cacao,Limoneux,Seche,45.3,28.6,51.4,0,1.05
2022-01-13,2022,1,1,13,0.5,0.866,Poro,Anacarde,Limoneux,Seche,1.8,37.4,51.6,0,0.71
2022-08-04,2022,8,3,216,-0.866,-0.5,Haut-Sassandra,Cacao,Limoneux,Seche,32.4,27.9,65.3,1,1.19
2022-06-19,2022,6,2,170,0.0,-1.0,Nawa,Manioc,Limoneux,Pluies,157.2,25.9,84.1,0,15.49
2024-08-09,2024,8,3,222,-0.866,-0.5,Poro,Anacarde,Argileux,Pluies,167.8,26.0,79.9,0,1.12
2023-10-30,2023,10,4,303,-0.866,0.5,Nawa,Maïs,Argileux,Pluies,160.0,28.7,86.6,0,1.58
2024-07-18,2024,7,3,200,-0.5,-0.866,Nawa,Cacao,Limoneux,Pluies,149.2,26.2,92.3,0,1.8
2024-11-11,2024,11,4,316,-0.5,0.866,Nawa,Manioc,Argileux,Seche,48.9,29.2,63.6,0,11.24
2021-04-03,2021,4,2,93,0.866,-0.5,Nawa,Maïs,Limoneux,Seche,5.0,31.6,70.4,1,1.29
2022-06-13,2022,6,2,164,0.0,-1.0,Haut-Sassandra,Manioc,Argileux,Pluies,217.3,26.4,88.4,0,18.23
2024-03-23,2024,3,1,83,1.0,0.0,Nawa,Cacao,Limoneux,Seche,0.0,31.7,73.7,0,1.2
2022-02-09,2022,2,1,40,0.866,0.5,Poro,Manioc,Argileux,Seche,11.3,35.3,49.4,0,5.8
2023-04-20,2023,4,2,110,0.866,-0.5,Nawa,Cacao,Limoneux,Seche,60.2,32.5,68.1,1,1.14
2024-03-18,2024,3,1,78,1.0,0.0,Haut-Sassandra,Manioc,Sablonneux,Seche,61.0,31.4,67.4,0,11.85
2023-06-08,2023,6,2,159,0.0,-1.0,Nawa,Cacao,Argileux,Pluies,210.8,24.0,86.0,0,1.58
2024-07-14,2024,7,3,196,-0.5,-0.866,Nawa,Maïs,Argileux,Pluies,193.1,27.0,86.4,0,1.64
2022-02-26,2022,2,1,57,0.866,0.5,Haut-Sassandra,Manioc,Argileux,Seche,27.1,28.2,69.6,0,11.23
2022-04-17,2022,4,2,107,0.866,-0.5,Haut-Sassandra,Maïs,Argileux,Seche,46.4,29.6,83.3,1,1.28
2023-06-12,2023,6,2,163,0.0,-1.0,Poro,Anacarde,Limoneux,Pluies,122.0,26.4,86.9,1,0.98
2022-07-01,2022,7,3,182,-0.5,-0.866,Poro,Anacarde,Limoneux,Pluies,129.9,29.1,64.7,0,0.82
2022-09-23,2022,9,3,266,-1.0,-0.0,Haut-Sassandra,Cacao,Argileux,Pluies,236.3,26.1,89.5,1,1.28
2023-11-04,2023,11,4,308,-0.5,0.866,Haut-Sassandra,Maïs,Argileux,Seche,56.1,29.4,70.9,0,1.46
2023-02-17,2023,2,1,48,0.866,0.5,Nawa,Maïs,Argileux,Seche,36.1,32.7,51.1,0,1.12
2021-12-30,2021,12,4,364,-0.0,1.0,Nawa,Manioc,Argileux,Seche,14.5,29.1,60.4,0,12.42
2021-04-29,2021,4,2,119,0.866,-0.5,Nawa,Cacao,Argileux,Seche,32.0,28.4,73.5,1,1.13
2024-06-15,2024,6,2,167,0.0,-1.0,Poro,Anacarde,Sablonneux,Pluies,164.3,24.9,84.7,1,1.0
2022-06-30,2022,6,2,181,0.0,-1.0,Haut-Sassandra,Maïs,Argileux,Pluies,162.2,24.1,90.1,1,2.26
2024-04-07,2024,4,2,98,0.866,-0.5,Nawa,Cacao,Limoneux,Seche,88.8,30.2,66.8,1,1.09
2022-06-06,2022,6,2,157,0.0,-1.0,Haut-Sassandra,Manioc,Argileux,Pluies,189.0,27.4,84.2,0,16.57
2022-09-26,2022,9,3,269,-1.0,-0.0,Haut-Sassandra,Manioc,Argileux,Pluies,187.8,25.9,89.6,1,16.55
2023-08-21,2023,8,3,233,-0.866,-0.5,Haut-Sassandra,Maïs,Argileux,Seche,68.9,31.2,75.7,1,1.31
2023-08-16,2023,8,3,228,-0.866,-0.5,Haut-Sassandra,Manioc,Argileux,Seche,28.8,28.5,66.0,0,9.33
2023-06-02,2023,6,2,153,0.0,-1.0,Haut-Sassandra,Cacao,Sablonneux,Pluies,244.3,24.5,82.2,0,1.12
2023-02-19,2023,2,1,50,0.866,0.5,Haut-Sassandra,Maïs,Sablonneux,Seche,32.1,29.6,76.9,0,1.27
2023-05-21,2023,5,2,141,0.5,-0.866,Haut-Sassandra,Manioc,Argileux,Pluies,203.1,26.5,92.7,1,15.49
2022-05-31,2022,5,2,151,0.5,-0.866,Poro,Manioc,Sablonneux,Seche,9.5,35.3,37.1,1,6.11
2023-07-27,2023,7,3,208,-0.5,-0.866,Nawa,Manioc,Argileux,Pluies,179.7,23.4,95.2,0,14.74
2024-11-21,2024,11,4,326,-0.5,0.866,Nawa,Manioc,Argileux,Seche,32.7,30.4,63.6,0,11.04
2023-05-16,2023,5,2,136,0.5,-0.866,Haut-Sassandra,Manioc,Limoneux,Pluies,114.0,26.1,89.9,1,17.33
2021-04-16,2021,4,2,106,0.866,-0.5,Nawa,Cacao,Argileux,Seche,47.7,31.4,76.6,1,1.14
2024-01-14,2024,1,1,14,0.5,0.866,Nawa,Cacao,Argileux,Seche,47.9,30.2,69.6,0,1.02
2021-08-02,2021,8,3,214,-0.866,-0.5,Poro,Anacarde,Argileux,Pluies,170.8,25.2,81.7,0,1.25
2024-02-19,2024,2,1,50,0.866,0.5,Haut-Sassandra,Maïs,Sablonneux,Seche,25.8,29.9,66.7,0,1.16
2024-03-01,2024,3,1,61,1.0,0.0,Poro,Anacarde,Sablonneux,Seche,13.7,39.1,34.1,0,0.7
2023-04-30,2023,4,2,120,0.866,-0.5,Nawa,Cacao,Limoneux,Seche,9.2,32.2,73.6,1,1.12
2021-07-16,2021,7,3,197,-0.5,-0.866,Haut-Sassandra,Cacao,Sablonneux,Pluies,203.1,25.6,80.2,0,1.59
2021-01-19,2021,1,1,19,0.5,0.866,Haut-Sassandra,Maïs,Argileux,Seche,50.5,27.8,64.9,0,1.36
2022-10-04,2022,10,4,277,-0.866,0.5,Haut-Sassandra,Manioc,Limoneux,Pluies,173.1,23.3,90.3,0,18.66
2023-11-02,2023,11,4,306,-0.5,0.866,Nawa,Maïs,Argileux,Seche,21.5,28.9,62.7,0,1.2
2024-01-10,2024,1,1,10,0.5,0.866,Nawa,Maïs,Sablonneux,Seche,71.9,28.4,70.2,0,1.26
2021-11-26,2021,11,4,330,-0.5,0.866,Poro,Manioc,Sablonneux,Seche,21.1,32.5,41.9,0,6.58
2023-05-16,2023,5,2,136,0.5,-0.866,Haut-Sassandra,Cacao,Argileux,Pluies,120.5,27.1,83.5,1,1.48
2023-02-13,2023,2,1,44,0.866,0.5,Nawa,Maïs,Argileux,Seche,20.9,30.4,56.5,0,1.36
2022-01-27,2022,1,1,27,0.5,0.866,Haut-Sassandra,Cacao,Argileux,Seche,48.9,32.9,67.9,0,0.97
2022-09-29,2022,9,3,272,-1.0,-0.0,Poro,Anacarde,Limoneux,Pluies,238.8,26.5,81.0,0,0.79
2021-11-03,2021,11,4,307,-0.5,0.866,Haut-Sassandra,Manioc,Limoneux,Seche,81.7,28.9,64.9,0,12.44
2024-07-14,2024,7,3,196,-0.5,-0.866,Haut-Sassandra,Cacao,Limoneux,Pluies,185.2,24.6,81.2,0,1.55
2023-06-14,2023,6,2,165,0.0,-1.0,Poro,Cacao,Limoneux,Pluies,218.8,29.3,74.8,1,0.56
2022-10-14,2022,10,4,287,-0.866,0.5,Nawa,Anacarde,Argileux,Pluies,142.8,25.9,89.6,0,0.57
2023-04-21,2023,4,2,111,0.866,-0.5,Poro,Manioc,Sablonneux,Seche,11.1,32.7,52.0,0,6.42
2023-10-23,2023,10,4,296,-0.866,0.5,Nawa,Cacao,Limoneux,Pluies,250.7,25.8,93.6,0,1.12
2022-06-04,2022,6,2,155,0.0,-1.0,Poro,Maïs,Sablonneux,Pluies,140.2,28.8,78.3,1,1.92
2022-09-28,2022,9,3,271,-1.0,-0.0,Haut-Sassandra,Cacao,Argileux,Pluies,193.0,25.6,82.6,1,1.61
2024-08-25,2024,8,3,238,-0.866,-0.5,Nawa,Cacao,Limoneux,Seche,50.5,35.3,73.6,1,1.05
2023-01-10,2023,1,1,10,0.5,0.866,Poro,Maïs,Limoneux,Seche,8.1,29.9,46.9,0,1.48
2022-04-14,2022,4,2,104,0.866,-0.5,Haut-Sassandra,Cacao,Argileux,Seche,31.6,29.6,79.6,1,0.9
2021-07-31,2021,7,3,212,-0.5,-0.866,Nawa,Manioc,Argileux,Pluies,179.2,27.5,82.8,0,19.8
2024-02-10,2024,2,1,41,0.866,0.5,Haut-Sassandra,Manioc,Sablonneux,Seche,58.9,30.3,68.5,0,11.52
2023-10-29,2023,10,4,302,-0.866,0.5,Haut-Sassandra,Cacao,Limoneux,Pluies,232.2,28.8,89.6,0,1.07
2023-03-15,2023,3,1,74,1.0,0.0,Nawa,Cacao,Limoneux,Seche,48.4,37.0,68.1,0,1.19
2022-04-22,2022,4,2,112,0.866,-0.5,Haut-Sassandra,Cacao,Argileux,Seche,63.8,31.4,70.2,1,1.2
2023-05-24,2023,5,2,144,0.5,-0.866,Poro,Anacarde,Sablonneux,Seche,6.8,33.3,40.1,1,0.75
2022-04-05,2022,4,2,95,0.866,-0.5,Haut-Sassandra,Anacarde,Argileux,Seche,11.2,31.2,61.9,1,0.42
2021-09-10,2021,9,3,253,-1.0,-0.0,Nawa,Cacao,Argileux,Pluies,120.6,24.6,84.1,1,1.7
2023-01-22,2023,1,1,22,0.5,0.866,Haut-Sassandra,Manioc,Sablonneux,Seche,50.2,27.6,66.9,0,11.01
2023-09-08,2023,9,3,251,-1.0,-0.0,Haut-Sassandra,Manioc,Limoneux,Pluies,210.3,26.9,84.3,1,16.54
2023-05-04,2023,5,2,124,0.5,-0.866,Poro,Anacarde,Sablonneux,Seche,0.0,31.4,34.9,1,0.7
2021-08-24,2021,8,3,236,-0.866,-0.5,Nawa,Cacao,Argileux,Seche,49.4,32.8,71.3,1,1.2
2024-08-22,2024,8,3,235,-0.866,-0.5,Haut-Sassandra,Cacao,Limoneux,Seche,5.8,26.5,67.8,1,1.03
2022-04-23,2022,4,2,113,0.866,-0.5,Poro,Anacarde,Argileux,Seche,16.2,34.3,51.7,0,0.76
2022-11-10,2022,11,4,314,-0.5,0.866,Poro,Maïs,Sablonneux,Seche,12.0,32.3,44.3,0,1.14
2023-11-10,2023,11,4,314,-0.5,0.866,Haut-Sassandra,Maïs,Argileux,Seche,20.5,31.1,73.9,0,1.43
2021-08-04,2021,8,3,216,-0.866,-0.5,Poro,Manioc,Limoneux,Pluies,186.8,26.8,72.4,0,8.79
2023-05-05,2023,5,2,125,0.5,-0.866,Poro,Cacao,Argileux,Seche,8.8,34.7,35.8,1,0.57
2021-05-15,2021,5,2,135,0.5,-0.866,Haut-Sassandra,Cacao,Limoneux,Pluies,205.3,25.7,86.3,1,1.45
2023-06-24,2023,6,2,175,0.0,-1.0,Poro,Maïs,Argileux,Pluies,150.5,31.3,72.6,1,1.32
2024-02-27,2024,2,1,58,0.866,0.5,Poro,Anacarde,Limoneux,Seche,15.7,33.3,43.0,0,0.79
2022-02-14,2022,2,1,45,0.866,0.5,Haut-Sassandra,Anacarde,Limoneux,Seche,47.3,34.3,72.5,0,0.37
2024-12-16,2024,12,4,351,-0.0,1.0,Poro,Anacarde,Limoneux,Seche,12.1,35.7,50.2,0,0.82
2024-08-10,2024,8,3,223,-0.866,-0.5,Poro,Anacarde,Limoneux,Pluies,164.7,26.0,73.2,0,1.18
2024-06-23,2024,6,2,175,0.0,-1.0,Haut-Sassandra,Cacao,Argileux,Pluies,222.9,28.5,78.6,0,1.52
2021-03-27,2021,3,1,86,1.0,0.0,Poro,Anacarde,Argileux,Seche,15.5,36.1,47.7,0,0.8
2022-07-10,2022,7,3,191,-0.5,-0.866,Poro,Anacarde,Argileux,Pluies,136.2,28.2,81.6,0,0.97
2024-10-30,2024,10,4,304,-0.866,0.5,Haut-Sassandra,Manioc,Limoneux,Pluies,271.9,29.4,82.1,0,10.72
2022-01-13,2022,1,1,13,0.5,0.866,Haut-Sassandra,Cacao,Sablonneux,Seche,68.7,30.5,61.5,0,1.13
2024-11-14,2024,11,4,319,-0.5,0.866,Poro,Cacao,Sablonneux,Seche,5.0,31.4,37.9,0,0.61
2023-12-11,2023,12,4,345,-0.0,1.0,Nawa,Cacao,Limoneux,Seche,37.4,32.3,61.3,0,1.11
2021-08-30,2021,8,3,242,-0.866,-0.5,Haut-Sassandra,Manioc,Argileux,Seche,46.5,27.6,56.9,1,12.13
2024-08-10,2024,8,3,223,-0.866,-0.5,Haut-Sassandra,Maïs,Argileux,Seche,48.7,30.1,66.6,1,1.4
2023-07-09,2023,7,3,190,-0.5,-0.866,Poro,Anacarde,Sablonneux,Pluies,147.5,28.7,79.1,0,0.97
2021-09-23,2021,9,3,266,-1.0,-0.0,Haut-Sassandra,Manioc,Sablonneux,Pluies,224.9,28.6,84.7,1,16.37
2024-02-18,2024,2,1,49,0.866,0.5,Nawa,Maïs,Argileux,Seche,62.3,28.8,80.4,0,1.18
2022-12-13,2022,12,4,347,-0.0,1.0,Haut-Sassandra,Cacao,Argileux,Seche,32.0,28.2,61.9,0,1.12
2024-06-25,2024,6,2,177,0.0,-1.0,Nawa,Cacao,Limoneux,Pluies,184.3,28.2,85.5,0,1.66
2021-03-11,2021,3,1,70,1.0,0.0,Haut-Sassandra,Cacao,Argileux,Seche,73.5,22.5,61.8,0,1.06
2021-02-26,2021,2,1,57,0.866,0.5,Nawa,Cacao,Argileux,Seche,37.5,27.5,60.7,0,1.02
2024-11-06,2024,11,4,311,-0.5,0.866,Nawa,Cacao,Argileux,Seche,40.4,30.6,66.2,0,1.1
2021-02-08,2021,2,1,39,0.866,0.5,Poro,Manioc,Sablonneux,Seche,12.6,24.0,54.7,0,5.79
2023-03-12,2023,3,1,71,1.0,0.0,Nawa,Anacarde,Limoneux,Seche,49.8,31.6,69.4,0,0.43
2023-11-08,2023,11,4,312,-0.5,0.866,Nawa,Cacao,Argileux,Seche,65.5,29.5,70.8,0,1.14
2023-01-02,2023,1,1,2,0.5,0.866,Nawa,Cacao,Argileux,Seche,49.9,29.1,66.6,0,1.32
2023-04-05,2023,4,2,95,0.866,-0.5,Nawa,Cacao,Limoneux,Seche,45.2,28.0,56.7,1,1.12
2023-01-26,2023,1,1,26,0.5,0.866,Poro,Maïs,Argileux,Seche,8.0,34.9,30.5,0,1.26
2021-12-18,2021,12,4,352,-0.0,1.0,Haut-Sassandra,Cacao,Limoneux,Seche,53.2,30.6,62.5,0,1.18
2024-08-14,2024,8,3,227,-0.866,-0.5,Nawa,Cacao,Limoneux,Seche,35.4,33.5,71.9,1,1.01
2021-10-10,2021,10,4,283,-0.866,0.5,Poro,Anacarde,Sablonneux,Seche,21.5,37.9,46.3,0,0.72
2021-04-20,2021,4,2,110,0.866,-0.5,Haut-Sassandra,Anacarde,Argileux,Seche,49.6,31.6,77.1,1,0.35
2023-10-14,2023,10,4,287,-0.866,0.5,Haut-Sassandra,Manioc,Limoneux,Pluies,151.2,26.4,96.2,0,18.02
2024-04-18,2024,4,2,109,0.866,-0.5,Nawa,Maïs,Sablonneux,Seche,49.9,29.0,65.7,1,1.32
2022-06-28,2022,6,2,179,0.0,-1.0,Haut-Sassandra,Manioc,Limoneux,Pluies,184.0,28.9,94.8,0,18.13
2021-01-25,2021,1,1,25,0.5,0.866,Haut-Sassandra,Manioc,Sablonneux,Seche,38.7,26.9,73.3,0,9.9
2023-04-23,2023,4,2,113,0.866,-0.5,Nawa,Cacao,Limoneux,Seche,16.7,30.3,72.8,1,1.13
2023-03-02,2023,3,1,61,1.0,0.0,Haut-Sassandra,Manioc,Sablonneux,Seche,31.2,35.3,72.9,0,12.17
2023-01-08,2023,1,1,8,0.5,0.866,Nawa,Cacao,Argileux,Seche,44.2,24.1,76.0,1,1.15
2021-02-26,2021,2,1,57,0.866,0.5,Haut-Sassandra,Maïs,Argileux,Seche,48.7,28.5,76.5,0,1.32
2021-06-29,2021,6,2,180,0.0,-1.0,Haut-Sassandra,Cacao,Limoneux,Pluies,169.0,25.5,87.6,0,1.55
2021-08-20,2021,8,3,232,-0.866,-0.5,Nawa,Cacao,Limoneux,Seche,26.4,32.1,70.6,1,1.23
2021-12-09,2021,12,4,343,-0.0,1.0,Poro,Anacarde,Argileux,Seche,2.9,35.5,33.5,0,0.75
2022-04-22,2022,4,2,112,0.866,-0.5,Haut-Sassandra,Cacao,Limoneux,Seche,28.4,27.5,68.5,1,1.2
2022-07-30,2022,7,3,211,-0.5,-0.866,Poro,Anacarde,Argileux,Pluies,140.9,29.8,75.9,0,0.97
2022-03-31,2022,3,1,90,1.0,0.0,Nawa,Cacao,Argileux,Seche,26.4,30.0,66.2,0,1.18
2024-06-09,2024,6,2,161,0.0,-1.0,Haut-Sassandra,Cacao,Limoneux,Pluies,196.5,28.8,84.8,0,1.7
2021-10-16,2021,10,4,289,-0.866,0.5,Haut-Sassandra,Cacao,Sablonneux,Pluies,160.6,28.8,82.8,0,1.66
2024-05-21,2024,5,2,142,0.5,-0.866,Poro,Manioc,Sablonneux,Seche,12.7,35.2,49.2,1,5.37
2021-09-15,2021,9,3,258,-1.0,-0.0,Nawa,Manioc,Argileux,Pluies,201.7,26.8,84.4,1,16.8
2022-06-14,2022,6,2,165,0.0,-1.0,Nawa,Manioc,Sablonneux,Pluies,172.1,30.1,80.0,0,10.78
2022-11-18,2022,11,4,322,-0.5,0.866,Haut-Sassandra,Maïs,Argileux,Seche,30.3,29.2,61.8,0,1.25
2023-07-18,2023,7,3,199,-0.5,-0.866,Poro,Maïs,Sablonneux,Pluies,118.9,27.3,74.0,0,1.67
2021-08-17,2021,8,3,229,-0.866,-0.5,Nawa,Manioc,Argileux,Seche,54.7,29.7,67.1,1,12.49
2024-06-03,2024,6,2,155,0.0,-1.0,Poro,Anacarde,Sablonneux,Pluies,219.1,27.9,76.9,1,1.19
2022-08-19,2022,8,3,231,-0.866,-0.5,Haut-Sassandra,Maïs,Limoneux,Seche,23.2,29.0,78.4,1,1.26
2022-03-11,2022,3,1,70,1.0,0.0,Nawa,Manioc,Limoneux,Seche,50.2,29.9,84.0,0,11.24
2023-06-01,2023,6,2,152,0.0,-1.0,Nawa,Manioc,Sablonneux,Pluies,134.9,24.7,82.5,0,19.72
2023-10-18,2023,10,4,291,-0.866,0.5,Haut-Sassandra,Cacao,Argileux,Pluies,164.5,30.0,85.8,0,0.96
2022-02-06,2022,2,1,37,0.866,0.5,Haut-Sassandra,Cacao,Argileux,Seche,21.8,28.5,81.2,0,1.21
2022-09-14,2022,9,3,257,-1.0,-0.0,Haut-Sassandra,Maïs,Limoneux,Pluies,193.4,29.5,86.5,1,1.31
2021-03-29,2021,3,1,88,1.0,0.0,Poro,Anacarde,Limoneux,Seche,16.4,30.1,41.0,0,0.69
2022-08-07,2022,8,3,219,-0.866,-0.5,Poro,Anacarde,Limoneux,Pluies,175.4,28.9,81.1,0,1.27
2021-11-05,2021,11,4,309,-0.5,0.866,Poro,Anacarde,Sablonneux,Seche,17.7,31.4,44.4,0,0.85
2023-06-25,2023,6,2,176,0.0,-1.0,Haut-Sassandra,Cacao,Limoneux,Pluies,193.9,29.9,88.3,0,1.13
2021-12-09,2021,12,4,343,-0.0,1.0,Nawa,Manioc,Argileux,Seche,40.7,28.9,61.4,0,10.27
2022-03-12,2022,3,1,71,1.0,0.0,Haut-Sassandra,Anacarde,Argileux,Seche,58.5,29.1,70.0,0,0.39
2021-06-26,2021,6,2,177,0.0,-1.0,Poro,Anacarde,Limoneux,Pluies,186.9,25.6,74.5,1,1.07
2021-05-19,2021,5,2,139,0.5,-0.866,Nawa,Anacarde,Argileux,Pluies,195.6,26.1,90.2,1,0.53
2021-07-13,2021,7,3,194,-0.5,-0.866,Nawa,Anacarde,Limoneux,Pluies,165.8,27.2,88.9,0,0.55
2024-04-24,2024,4,2,115,0.866,-0.5,Haut-Sassandra,Cacao,Argileux,Seche,70.3,27.7,61.4,1,1.01
2024-05-26,2024,5,2,147,0.5,-0.866,Nawa,Cacao,Limoneux,Pluies,149.4,27.0,89.7,1,1.48
2024-04-02,2024,4,2,93,0.866,-0.5,Haut-Sassandra,Cacao,Limoneux,Seche,91.7,32.3,65.6,0,1.18
2024-03-30,2024,3,1,90,1.0,0.0,Nawa,Cacao,Argileux,Seche,38.8,28.9,63.3,0,1.18
2023-08-01,2023,8,3,213,-0.866,-0.5,Haut-Sassandra,Cacao,Limoneux,Seche,37.4,28.9,71.8,1,1.19
2022-06-09,2022,6,2,160,0.0,-1.0,Haut-Sassandra,Cacao,Argileux,Pluies,219.3,25.1,86.4,0,1.61
2023-12-02,2023,12,4,336,-0.0,1.0,Haut-Sassandra,Manioc,Argileux,Seche,39.4,32.1,69.5,0,12.48
2023-07-04,2023,7,3,185,-0.5,-0.866,Haut-Sassandra,Cacao,Argileux,Pluies,232.8,25.0,86.6,0,1.07
2021-07-29,2021,7,3,210,-0.5,-0.866,Haut-Sassandra,Maïs,Sablonneux,Pluies,185.6,25.1,84.3,0,1.97
2023-01-11,2023,1,1,11,0.5,0.866,Haut-Sassandra,Cacao,Limoneux,Seche,59.8,28.4,69.4,0,1.1
2023-05-12,2023,5,2,132,0.5,-0.866,Nawa,Anacarde,Argileux,Pluies,180.1,25.6,85.5,1,0.61
2024-07-22,2024,7,3,204,-0.5,-0.866,Poro,Maïs,Sablonneux,Pluies,175.3,26.3,81.2,1,1.87
2023-08-12,2023,8,3,224,-0.866,-0.5,Nawa,Cacao,Limoneux,Seche,42.3,30.8,72.8,1,1.28
2024-07-26,2024,7,3,208,-0.5,-0.866,Poro,Maïs,Sablonneux,Pluies,128.2,28.4,77.8,0,1.97
2024-06-28,2024,6,2,180,0.0,-1.0,Nawa,Maïs,Sablonneux,Pluies,185.8,27.1,84.1,0,1.66
2024-08-26,2024,8,3,239,-0.866,-0.5,Nawa,Cacao,Argileux,Seche,54.8,32.1,81.7,1,1.16
2023-04-13,2023,4,2,103,0.866,-0.5,Haut-Sassandra,Cacao,Limoneux,Seche,69.1,32.1,69.9,1,1.03
2021-05-20,2021,5,2,140,0.5,-0.866,Nawa,Anacarde,Limoneux,Pluies,179.0,23.3,89.2,1,0.52
2023-03-03,2023,3,1,62,1.0,0.0,Haut-Sassandra,Maïs,Limoneux,Seche,46.4,28.6,70.1,0,1.38
2022-06-30,2022,6,2,181,0.0,-1.0,Haut-Sassandra,Cacao,Argileux,Pluies,217.5,25.4,81.9,1,1.66
2023-10-14,2023,10,4,287,-0.866,0.5,Poro,Anacarde,Sablonneux,Seche,19.4,31.4,41.4,0,0.79
2021-02-26,2021,2,1,57,0.866,0.5,Poro,Maïs,Limoneux,Seche,2.1,35.5,48.9,0,1.33
2021-04-22,2021,4,2,112,0.866,-0.5,Haut-Sassandra,Cacao,Sablonneux,Seche,51.6,29.3,82.5,1,1.22
2021-01-05,2021,1,1,5,0.5,0.866,Poro,Manioc,Sablonneux,Seche,6.5,34.9,25.7,0,5.76
2024-12-04,2024,12,4,339,-0.0,1.0,Poro,Anacarde,Sablonneux,Seche,27.4,32.8,47.3,0,0.76
2024-12-08,2024,12,4,343,-0.0,1.0,Nawa,Cacao,Argileux,Seche,27.4,29.3,75.0,0,0.95
2024-04-20,2024,4,2,111,0.866,-0.5,Haut-Sassandra,Maïs,Argileux,Seche,38.2,31.5,68.2,1,1.24
2023-11-03,2023,11,4,307,-0.5,0.866,Poro,Anacarde,Argileux,Seche,15.1,36.5,26.3,0,0.87
2024-09-24,2024,9,3,268,-1.0,-0.0,Haut-Sassandra,Cacao,Argileux,Pluies,233.7,26.3,86.2,1,1.03
2024-07-06,2024,7,3,188,-0.5,-0.866,Haut-Sassandra,Anacarde,Limoneux,Pluies,227.5,26.8,88.2,0,0.55
2021-03-31,2021,3,1,90,1.0,0.0,Poro,Maïs,Sablonneux,Seche,10.8,34.2,38.1,0,1.2
2022-09-08,2022,9,3,251,-1.0,-0.0,Poro,Anacarde,Sablonneux,Pluies,178.4,28.8,71.5,0,1.18
2023-06-10,2023,6,2,161,0.0,-1.0,Nawa,Cacao,Sablonneux,Pluies,216.8,27.9,84.1,0,1.7
2022-11-29,2022,11,4,333,-0.5,0.866,Nawa,Cacao,Argileux,Seche,83.7,28.1,58.1,0,1.12
2024-06-27,2024,6,2,179,0.0,-1.0,Poro,Anacarde,Limoneux,Pluies,190.0,28.3,74.1,1,1.14
2024-07-02,2024,7,3,184,-0.5,-0.866,Nawa,Manioc,Limoneux,Pluies,185.0,24.3,82.8,0,19.2
2023-06-17,2023,6,2,168,0.0,-1.0,Nawa,Manioc,Argileux,Pluies,147.1,23.9,81.0,0,17.55
2023-08-29,2023,8,3,241,-0.866,-0.5,Nawa,Cacao,Argileux,Seche,82.8,30.8,73.5,1,1.2
2024-02-06,2024,2,1,37,0.866,0.5,Haut-Sassandra,Manioc,Limoneux,Seche,57.2,28.9,64.1,0,12.29
2022-10-30,2022,10,4,303,-0.866,0.5,Haut-Sassandra,Cacao,Limoneux,Pluies,214.7,26.1,85.2,0,1.55
2022-08-17,2022,8,3,229,-0.866,-0.5,Haut-Sassandra,Manioc,Limoneux,Seche,46.9,31.2,62.4,1,12.19
2022-08-12,2022,8,3,224,-0.866,-0.5,Haut-Sassandra,Manioc,Limoneux,Seche,58.2,30.6,68.9,1,12.93
2022-04-30,2022,4,2,120,0.866,-0.5,Nawa,Cacao,Argileux,Seche,36.1,29.0,65.7,1,1.0
2023-09-09,2023,9,3,252,-1.0,-0.0,Nawa,Cacao,Limoneux,Pluies,191.6,25.9,83.4,1,1.8
2023-08-30,2023,8,3,242,-0.866,-0.5,Haut-Sassandra,Manioc,Sablonneux,Seche,39.0,30.5,67.4,1,12.18
2024-07-05,2024,7,3,187,-0.5,-0.866,Nawa,Cacao,Sablonneux,Pluies,189.4,26.6,87.4,0,1.48
2022-10-01,2022,10,4,274,-0.866,0.5,Haut-Sassandra,Maïs,Limoneux,Pluies,160.4,26.8,86.7,0,1.88
2023-09-24,2023,9,3,267,-1.0,-0.0,Nawa,Cacao,Sablonneux,Pluies,156.8,27.3,84.3,1,1.52
2021-10-09,2021,10,4,282,-0.866,0.5,Nawa,Manioc,Argileux,Pluies,140.1,29.1,89.3,0,13.26
2023-09-13,2023,9,3,256,-1.0,-0.0,Poro,Anacarde,Sablonneux,Pluies,176.2,27.3,73.1,0,1.17
2024-01-17,2024,1,1,17,0.5,0.866,Haut-Sassandra,Cacao,Argileux,Seche,50.9,27.8,65.2,0,1.15
2024-05-12,2024,5,2,133,0.5,-0.866,Nawa,Manioc,Sablonneux,Pluies,212.8,25.5,85.4,1,17.24
2021-01-16,2021,1,1,16,0.5,0.866,Nawa,Manioc,Limoneux,Seche,56.2,32.4,65.5,0,13.34
2024-03-20,2024,3,1,80,1.0,0.0,Haut-Sassandra,Manioc,Sablonneux,Seche,46.8,28.8,60.0,0,11.99
2023-07-25,2023,7,3,206,-0.5,-0.866,Haut-Sassandra,Maïs,Argileux,Pluies,178.1,28.5,85.8,0,1.68
2021-09-11,2021,9,3,254,-1.0,-0.0,Haut-Sassandra,Cacao,Argileux,Pluies,241.3,27.2,86.0,1,1.3
2024-04-26,2024,4,2,117,0.866,-0.5,Poro,Anacarde,Limoneux,Seche,6.0,42.1,44.4,0,0.78
2021-11-25,2021,11,4,329,-0.5,0.866,Haut-Sassandra,Cacao,Sablonneux,Seche,30.8,29.6,56.2,0,1.18
2022-06-28,2022,6,2,179,0.0,-1.0,Haut-Sassandra,Manioc,Limoneux,Pluies,203.2,28.9,83.1,0,18.32
2023-02-22,2023,2,1,53,0.866,0.5,Haut-Sassandra,Cacao,Limoneux,Seche,47.2,35.1,64.2,0,1.18
2023-09-24,2023,9,3,267,-1.0,-0.0,Haut-Sassandra,Cacao,Argileux,Pluies,188.6,27.1,82.9,1,1.55
2024-11-21,2024,11,4,326,-0.5,0.866,Poro,Anacarde,Limoneux,Seche,21.6,32.0,41.4,0,0.77
2024-09-15,2024,9,3,259,-1.0,-0.0,Haut-Sassandra,Maïs,Limoneux,Pluies,216.7,30.5,87.1,1,1.39
2023-04-25,2023,4,2,115,0.866,-0.5,Nawa,Manioc,Sablonneux,Seche,41.1,32.2,69.9,1,10.49
2024-04-07,2024,4,2,98,0.866,-0.5,Haut-Sassandra,Cacao,Argileux,Seche,28.7,31.6,66.7,1,0.99
2022-01-01,2022,1,1,1,0.5,0.866,Nawa,Cacao,Limoneux,Seche,9.6,29.8,67.3,0,1.34
2024-04-16,2024,4,2,107,0.866,-0.5,Poro,Anacarde,Argileux,Seche,22.2,32.3,38.7,0,0.72
2022-10-17,2022,10,4,290,-0.866,0.5,Haut-Sassandra,Cacao,Sablonneux,Pluies,230.4,26.8,83.4,0,1.2
2024-10-17,2024,10,4,291,-0.866,0.5,Haut-Sassandra,Cacao,Sablonneux,Pluies,179.4,26.7,87.3,0,1.59
2023-01-30,2023,1,1,30,0.5,0.866,Nawa,Manioc,Argileux,Seche,78.7,30.3,66.4,0,11.31
2022-10-01,2022,10,4,274,-0.866,0.5,Haut-Sassandra,Manioc,Argileux,Pluies,163.0,25.6,88.5,0,16.09
2023-11-30,2023,11,4,334,-0.5,0.866,Nawa,Cacao,Argileux,Seche,39.7,29.7,76.1,0,1.28
2023-07-13,2023,7,3,194,-0.5,-0.866,Nawa,Maïs,Sablonneux,Pluies,190.9,24.7,80.7,0,1.48
2022-02-20,2022,2,1,51,0.866,0.5,Nawa,Maïs,Argileux,Seche,25.2,27.0,72.0,0,1.16
2024-10-10,2024,10,4,284,-0.866,0.5,Poro,Manioc,Argileux,Seche,11.9,33.6,48.5,0,6.15
2021-09-12,2021,9,3,255,-1.0,-0.0,Poro,Anacarde,Limoneux,Pluies,146.1,28.0,70.8,0,1.12
2024-03-12,2024,3,1,72,1.0,0.0,Nawa,Manioc,Argileux,Seche,56.1,26.6,76.4,0,12.82
2022-12-11,2022,12,4,345,-0.0,1.0,Poro,Maïs,Limoneux,Seche,18.4,36.1,27.1,0,1.35
2022-07-31,2022,7,3,212,-0.5,-0.866,Haut-Sassandra,Cacao,Argileux,Pluies,181.4,24.8,83.6,0,1.47
2023-06-19,2023,6,2,170,0.0,-1.0,Nawa,Manioc,Limoneux,Pluies,228.2,25.7,85.2,0,17.1
2021-01-11,2021,1,1,11,0.5,0.866,Poro,Anacarde,Argileux,Seche,23.4,38.6,27.7,0,0.81
2021-01-26,2021,1,1,26,0.5,0.866,Haut-Sassandra,Cacao,Argileux,Seche,75.4,27.8,69.2,0,1.04
2023-08-15,2023,8,3,227,-0.866,-0.5,Haut-Sassandra,Cacao,Sablonneux,Seche,0.0,26.7,54.2,1,1.09
2022-02-25,2022,2,1,56,0.866,0.5,Nawa,Cacao,Limoneux,Seche,56.6,28.0,61.8,0,1.08
2024-05-29,2024,5,2,150,0.5,-0.866,Nawa,Cacao,Argileux,Pluies,170.7,27.5,88.9,1,1.78
2022-05-11,2022,5,2,131,0.5,-0.866,Nawa,Cacao,Argileux,Pluies,198.3,26.0,89.8,1,1.82
2024-06-14,2024,6,2,166,0.0,-1.0,Haut-Sassandra,Manioc,Sablonneux,Pluies,115.4,27.0,87.8,0,16.0
2021-08-25,2021,8,3,237,-0.866,-0.5,Nawa,Manioc,Sablonneux,Seche,15.0,33.3,78.2,1,12.19
2023-10-06,2023,10,4,279,-0.866,0.5,Haut-Sassandra,Manioc,Limoneux,Pluies,191.4,28.0,87.0,0,15.95
2021-08-07,2021,8,3,219,-0.866,-0.5,Haut-Sassandra,Manioc,Sablonneux,Seche,34.2,35.2,71.9,1,11.55
2022-04-06,2022,4,2,96,0.866,-0.5,Nawa,Manioc,Limoneux,Seche,49.6,30.6,64.0,1,12.68
2022-10-25,2022,10,4,298,-0.866,0.5,Haut-Sassandra,Manioc,Limoneux,Pluies,130.9,27.8,89.1,0,17.55
2022-09-27,2022,9,3,270,-1.0,-0.0,Nawa,Manioc,Limoneux,Pluies,233.9,27.6,88.0,1,11.32
2024-03-13,2024,3,1,73,1.0,0.0,Nawa,Manioc,Argileux,Seche,57.3,29.8,58.9,0,11.08
2023-09-17,2023,9,3,260,-1.0,-0.0,Poro,Maïs,Sablonneux,Pluies,153.1,31.1,70.5,0,1.18
2021-07-08,2021,7,3,189,-0.5,-0.866,Poro,Maïs,Sablonneux,Pluies,160.7,27.8,80.1,0,2.09
2021-09-12,2021,9,3,255,-1.0,-0.0,Haut-Sassandra,Cacao,Argileux,Pluies,184.6,23.4,80.4,1,1.7
2021-03-09,2021,3,1,68,1.0,0.0,Haut-Sassandra,Maïs,Limoneux,Seche,48.8,27.7,64.6,0,1.22
2022-09-08,2022,9,3,251,-1.0,-0.0,Haut-Sassandra,Cacao,Argileux,Pluies,141.5,25.0,84.2,1,1.48
2021-12-02,2021,12,4,336,-0.0,1.0,Nawa,Cacao,Limoneux,Seche,51.7,29.0,67.4,0,1.24
2022-11-02,2022,11,4,306,-0.5,0.866,Nawa,Manioc,Argileux,Seche,40.5,33.3,74.1,0,12.29
2023-04-01,2023,4,2,91,0.866,-0.5,Nawa,Manioc,Sablonneux,Seche,43.4,32.6,74.1,1,11.21
2023-05-24,2023,5,2,144,0.5,-0.866,Nawa,Cacao,Argileux,Pluies,182.0,25.1,82.3,1,1.59
2024-12-03,2024,12,4,338,-0.0,1.0,Nawa,Cacao,Limoneux,Seche,102.9,30.7,70.5,0,1.13
2021-10-27,2021,10,4,300,-0.866,0.5,Haut-Sassandra,Cacao,Argileux,Pluies,220.9,25.7,89.2,0,1.29
2021-12-23,2021,12,4,357,-0.0,1.0,Poro,Anacarde,Limoneux,Seche,19.0,30.5,35.7,0,0.68
2021-09-13,2021,9,3,256,-1.0,-0.0,Nawa,Cacao,Limoneux,Pluies,177.1,25.2,79.7,1,1.53
2023-10-05,2023,10,4,278,-0.866,0.5,Poro,Anacarde,Sablonneux,Seche,19.2,37.0,43.5,0,0.73
2021-12-19,2021,12,4,353,-0.0,1.0,Nawa,Cacao,Argileux,Seche,66.5,25.6,57.5,0,1.03
2022-06-08,2022,6,2,159,0.0,-1.0,Haut-Sassandra,Maïs,Limoneux,Pluies,168.1,26.1,93.4,0,1.95
2023-08-08,2023,8,3,220,-0.866,-0.5,Haut-Sassandra,Maïs,Sablonneux,Seche,43.1,32.0,75.2,1,1.2
2023-01-26,2023,1,1,26,0.5,0.866,Nawa,Maïs,Argileux,Seche,66.6,33.2,70.2,0,1.26
2021-10-11,2021,10,4,284,-0.866,0.5,Poro,Anacarde,Limoneux,Seche,25.6,27.4,38.5,0,0.78
2024-08-28,2024,8,3,241,-0.866,-0.5,Nawa,Cacao,Argileux,Seche,7.1,29.1,65.4,1,1.16
2021-04-09,2021,4,2,99,0.866,-0.5,Poro,Anacarde,Sablonneux,Seche,9.7,36.4,40.5,0,0.9
2021-07-16,2021,7,3,197,-0.5,-0.866,Nawa,Maïs,Argileux,Pluies,161.8,27.9,90.4,1,1.68
2022-04-27,2022,4,2,117,0.866,-0.5,Poro,Anacarde,Limoneux,Seche,16.8,27.1,48.7,0,0.8
2023-05-28,2023,5,2,148,0.5,-0.866,Nawa,Cacao,Limoneux,Pluies,233.7,28.8,85.1,1,1.15
2024-06-03,2024,6,2,155,0.0,-1.0,Poro,Anacarde,Limoneux,Pluies,143.4,31.0,76.3,1,0.72
2022-09-07,2022,9,3,250,-1.0,-0.0,Haut-Sassandra,Manioc,Limoneux,Pluies,193.8,26.9,75.3,1,16.61
2022-09-10,2022,9,3,253,-1.0,-0.0,Haut-Sassandra,Manioc,Argileux,Pluies,90.2,26.7,86.9,1,10.86
2024-10-20,2024,10,4,294,-0.866,0.5,Haut-Sassandra,Cacao,Limoneux,Pluies,197.7,23.5,78.3,0,1.72
2022-01-03,2022,1,1,3,0.5,0.866,Nawa,Cacao,Limoneux,Seche,67.5,32.7,68.4,0,1.02
2022-07-24,2022,7,3,205,-0.5,-0.866,Haut-Sassandra,Manioc,Limoneux,Pluies,216.3,23.6,86.1,0,18.1
2022-08-13,2022,8,3,225,-0.866,-0.5,Nawa,Cacao,Limoneux,Seche,36.1,28.5,58.0,1,1.08
2024-01-04,2024,1,1,4,0.5,0.866,Poro,Manioc,Sablonneux,Seche,9.1,35.9,43.3,0,6.04
2023-12-02,2023,12,4,336,-0.0,1.0,Nawa,Maïs,Sablonneux,Seche,44.1,31.0,62.1,0,1.17
2022-02-26,2022,2,1,57,0.866,0.5,Nawa,Cacao,Limoneux,Seche,70.8,25.4,64.0,0,1.13
2023-04-16,2023,4,2,106,0.866,-0.5,Poro,Anacarde,Sablonneux,Seche,5.1,33.5,40.8,0,0.85
2024-04-19,2024,4,2,110,0.866,-0.5,Nawa,Cacao,Argileux,Seche,45.8,30.2,59.7,1,1.16
2022-06-29,2022,6,2,180,0.0,-1.0,Poro,Anacarde,Argileux,Pluies,185.5,28.6,73.7,1,1.19
2021-03-12,2021,3,1,71,1.0,0.0,Haut-Sassandra,Anacarde,Limoneux,Seche,45.3,28.6,71.6,1,0.4
2024-02-03,2024,2,1,34,0.866,0.5,Haut-Sassandra,Cacao,Argileux,Seche,46.4,30.7,65.7,0,1.12
2024-05-08,2024,5,2,129,0.5,-0.866,Nawa,Cacao,Sablonneux,Pluies,207.1,27.8,83.6,1,1.62
2024-01-30,2024,1,1,30,0.5,0.866,Poro,Maïs,Sablonneux,Seche,15.2,31.9,42.4,0,1.16
2023-02-07,2023,2,1,38,0.866,0.5,Nawa,Cacao,Argileux,Seche,40.3,30.3,65.9,0,1.02
2021-11-03,2021,11,4,307,-0.5,0.866,Haut-Sassandra,Maïs,Argileux,Seche,51.6,31.4,75.9,0,1.32
2022-01-12,2022,1,1,12,0.5,0.866,Haut-Sassandra,Cacao,Argileux,Seche,62.1,29.6,69.8,0,1.2
2022-10-17,2022,10,4,290,-0.866,0.5,Haut-Sassandra,Cacao,Argileux,Pluies,152.8,26.8,90.1,0,1.38
2022-11-09,2022,11,4,313,-0.5,0.866,Haut-Sassandra,Cacao,Sablonneux,Seche,70.1,33.7,72.4,0,1.14
2022-02-03,2022,2,1,34,0.866,0.5,Nawa,Manioc,Limoneux,Seche,65.1,28.6,66.9,0,12.48
2021-08-09,2021,8,3,221,-0.866,-0.5,Haut-Sassandra,Maïs,Limoneux,Seche,79.0,31.7,63.6,1,1.3
2021-07-01,2021,7,3,182,-0.5,-0.866,Nawa,Cacao,Limoneux,Pluies,152.9,26.7,85.7,0,1.68
2021-11-03,2021,11,4,307,-0.5,0.866,Haut-Sassandra,Manioc,Limoneux,Seche,49.0,29.3,77.6,0,12.45
2022-06-06,2022,6,2,157,0.0,-1.0,Nawa,Manioc,Sablonneux,Pluies,210.0,25.7,92.5,0,16.06
2024-11-20,2024,11,4,325,-0.5,0.866,Nawa,Cacao,Sablonneux,Seche,55.7,25.0,73.1,0,1.03
2023-10-11,2023,10,4,284,-0.866,0.5,Nawa,Cacao,Limoneux,Pluies,169.1,23.3,86.9,0,1.76
2021-01-04,2021,1,1,4,0.5,0.866,Haut-Sassandra,Anacarde,Limoneux,Seche,27.5,31.4,73.0,0,0.4
2023-05-13,2023,5,2,133,0.5,-0.866,Nawa,Manioc,Limoneux,Pluies,153.5,24.3,85.8,1,16.12
2023-04-28,2023,4,2,118,0.866,-0.5,Nawa,Cacao,Limoneux,Seche,40.4,28.5,67.6,1,1.02
2023-03-15,2023,3,1,74,1.0,0.0,Nawa,Manioc,Limoneux,Seche,33.9,30.2,63.5,0,13.02
2024-07-28,2024,7,3,210,-0.5,-0.866,Nawa,Manioc,Limoneux,Pluies,227.6,26.0,91.8,0,18.41
2021-08-03,2021,8,3,215,-0.866,-0.5,Poro,Cacao,Argileux,Pluies,178.5,27.7,75.4,0,0.84
2023-08-30,2023,8,3,242,-0.866,-0.5,Poro,Anacarde,Sablonneux,Pluies,197.3,25.9,66.6,0,1.11
2024-12-14,2024,12,4,349,-0.0,1.0,Haut-Sassandra,Cacao,Argileux,Seche,7.0,33.0,65.3,0,1.14
2021-04-11,2021,4,2,101,0.866,-0.5,Haut-Sassandra,Cacao,Limoneux,Seche,32.0,31.6,72.4,1,1.11
2023-08-21,2023,8,3,233,-0.866,-0.5,Haut-Sassandra,Maïs,Limoneux,Seche,13.3,33.4,77.6,1,1.36
2022-07-27,2022,7,3,208,-0.5,-0.866,Nawa,Cacao,Sablonneux,Pluies,228.6,24.3,82.0,0,1.81
2024-08-25,2024,8,3,238,-0.866,-0.5,Nawa,Cacao,Argileux,Seche,58.0,25.4,72.6,1,1.08
2022-10-20,2022,10,4,293,-0.866,0.5,Nawa,Manioc,Argileux,Pluies,239.9,28.8,90.3,0,11.66
2023-07-28,2023,7,3,209,-0.5,-0.866,Haut-Sassandra,Cacao,Argileux,Pluies,211.1,26.5,86.7,0,1.71
2023-12-23,2023,12,4,357,-0.0,1.0,Haut-Sassandra,Cacao,Limoneux,Seche,65.4,27.0,70.6,0,1.14
2021-08-14,2021,8,3,226,-0.866,-0.5,Haut-Sassandra,Maïs,Limoneux,Seche,29.6,30.1,59.4,1,1.22
2021-04-15,2021,4,2,105,0.866,-0.5,Poro,Anacarde,Limoneux,Seche,20.6,34.7,55.7,0,0.83
2023-02-11,2023,2,1,42,0.866,0.5,Haut-Sassandra,Manioc,Limoneux,Seche,54.5,30.9,69.8,0,11.71
2024-12-19,2024,12,4,354,-0.0,1.0,Haut-Sassandra,Anacarde,Limoneux,Seche,46.2,29.2,71.0,0,0.42
2024-07-02,2024,7,3,184,-0.5,-0.866,Poro,Anacarde,Limoneux,Pluies,155.1,28.6,85.0,0,0.88
2022-03-05,2022,3,1,64,1.0,0.0,Poro,Maïs,Limoneux,Seche,7.1,29.6,38.4,0,1.25
2022-03-10,2022,3,1,69,1.0,0.0,Haut-Sassandra,Cacao,Sablonneux,Seche,85.5,29.2,63.2,0,1.2
2024-05-15,2024,5,2,136,0.5,-0.866,Haut-Sassandra,Cacao,Argileux,Pluies,120.6,26.3,83.7,1,1.79
2023-11-18,2023,11,4,322,-0.5,0.866,Nawa,Cacao,Sablonneux,Seche,63.4,27.9,73.2,0,1.02
2022-11-13,2022,11,4,317,-0.5,0.866,Haut-Sassandra,Manioc,Limoneux,Seche,33.3,29.8,78.5,0,13.4
2024-09-21,2024,9,3,265,-1.0,-0.0,Nawa,Cacao,Argileux,Pluies,152.3,24.7,87.4,1,1.62
2022-08-11,2022,8,3,223,-0.866,-0.5,Haut-Sassandra,Cacao,Limoneux,Seche,67.8,25.7,71.5,1,1.09
2023-12-29,2023,12,4,363,-0.0,1.0,Haut-Sassandra,Cacao,Limoneux,Seche,59.6,29.4,76.4,0,1.06
2023-05-16,2023,5,2,136,0.5,-0.866,Nawa,Cacao,Argileux,Pluies,197.4,27.4,80.8,0,1.86
2023-01-16,2023,1,1,16,0.5,0.866,Poro,Maïs,Argileux,Seche,11.4,31.9,43.6,0,1.25
2024-04-05,2024,4,2,96,0.866,-0.5,Nawa,Manioc,Argileux,Seche,52.3,31.3,60.8,1,10.73
2023-05-14,2023,5,2,134,0.5,-0.866,Haut-Sassandra,Cacao,Argileux,Pluies,86.4,27.4,92.5,1,1.18
2022-01-03,2022,1,1,3,0.5,0.866,Poro,Anacarde,Sablonneux,Seche,15.0,31.2,34.1,0,0.7
2021-09-08,2021,9,3,251,-1.0,-0.0,Poro,Anacarde,Sablonneux,Pluies,159.7,26.5,81.2,0,1.06
2023-05-09,2023,5,2,129,0.5,-0.866,Nawa,Manioc,Limoneux,Pluies,231.0,26.2,91.0,1,11.46
2023-05-06,2023,5,2,126,0.5,-0.866,Nawa,Cacao,Limoneux,Pluies,233.5,25.7,92.2,1,1.02
2024-04-08,2024,4,2,99,0.866,-0.5,Nawa,Maïs,Argileux,Seche,64.8,32.4,56.8,1,1.24
2024-01-19,2024,1,1,19,0.5,0.866,Haut-Sassandra,Manioc,Limoneux,Seche,39.3,30.5,69.3,1,10.77
2022-07-15,2022,7,3,196,-0.5,-0.866,Nawa,Manioc,Sablonneux,Pluies,197.1,25.6,89.7,0,18.92
2021-10-21,2021,10,4,294,-0.866,0.5,Haut-Sassandra,Cacao,Argileux,Pluies,109.0,25.1,82.5,0,1.16
2023-07-08,2023,7,3,189,-0.5,-0.866,Haut-Sassandra,Manioc,Limoneux,Pluies,151.0,29.7,93.7,0,11.66
2024-03-19,2024,3,1,79,1.0,0.0,Haut-Sassandra,Maïs,Argileux,Seche,50.1,30.5,70.9,0,1.29
2024-03-01,2024,3,1,61,1.0,0.0,Haut-Sassandra,Maïs,Limoneux,Seche,32.2,32.0,67.5,0,1.22
2022-03-09,2022,3,1,68,1.0,0.0,Poro,Maïs,Sablonneux,Seche,2.4,32.8,53.7,0,1.19
2021-02-28,2021,2,1,59,0.866,0.5,Haut-Sassandra,Manioc,Argileux,Seche,62.2,33.4,63.0,0,11.31
2023-08-27,2023,8,3,239,-0.866,-0.5,Nawa,Cacao,Sablonneux,Seche,39.1,27.8,73.7,1,1.11
2023-04-16,2023,4,2,106,0.866,-0.5,Haut-Sassandra,Manioc,Limoneux,Seche,0.0,31.7,58.8,1,10.64
2021-07-18,2021,7,3,199,-0.5,-0.866,Haut-Sassandra,Manioc,Argileux,Pluies,177.2,26.3,80.7,0,16.48
2021-08-03,2021,8,3,215,-0.866,-0.5,Nawa,Cacao,Limoneux,Seche,41.6,26.4,68.9,1,1.17
2023-06-17,2023,6,2,168,0.0,-1.0,Haut-Sassandra,Anacarde,Argileux,Pluies,179.7,26.3,73.8,0,0.57
2022-04-17,2022,4,2,107,0.866,-0.5,Haut-Sassandra,Manioc,Limoneux,Seche,12.6,26.8,69.1,1,12.17
2021-09-04,2021,9,3,247,-1.0,-0.0,Haut-Sassandra,Cacao,Sablonneux,Pluies,171.0,26.8,77.1,1,1.36
2022-01-17,2022,1,1,17,0.5,0.866,Poro,Manioc,Sablonneux,Seche,16.6,26.9,34.2,0,7.11
2023-09-18,2023,9,3,261,-1.0,-0.0,Nawa,Cacao,Argileux,Pluies,183.6,27.7,80.3,1,1.62
2024-06-16,2024,6,2,168,0.0,-1.0,Poro,Anacarde,Sablonneux,Pluies,160.8,25.8,76.0,1,1.24
2023-07-16,2023,7,3,197,-0.5,-0.866,Nawa,Cacao,Argileux,Pluies,156.5,29.0,83.3,0,1.75
2024-10-22,2024,10,4,296,-0.866,0.5,Haut-Sassandra,Cacao,Limoneux,Pluies,210.5,25.3,85.7,0,1.49
2024-04-06,2024,4,2,97,0.866,-0.5,Haut-Sassandra,Maïs,Argileux,Seche,42.1,25.8,69.9,1,1.14
2022-07-14,2022,7,3,195,-0.5,-0.866,Nawa,Cacao,Argileux,Pluies,218.3,24.0,87.7,0,1.62
2023-12-11,2023,12,4,345,-0.0,1.0,Nawa,Cacao,Sablonneux,Seche,30.2,31.0,64.6,0,1.01
2022-11-20,2022,11,4,324,-0.5,0.866,Poro,Maïs,Limoneux,Seche,6.6,37.2,51.2,0,1.14
2022-01-15,2022,1,1,15,0.5,0.866,Poro,Anacarde,Sablonneux,Seche,13.6,37.0,61.3,0,0.78
2022-04-19,2022,4,2,109,0.866,-0.5,Nawa,Cacao,Limoneux,Seche,33.7,31.4,63.2,1,1.26
2024-01-09,2024,1,1,9,0.5,0.866,Haut-Sassandra,Maïs,Limoneux,Seche,44.5,36.1,67.7,0,1.11
2022-11-28,2022,11,4,332,-0.5,0.866,Nawa,Manioc,Sablonneux,Seche,13.7,28.4,65.4,0,12.06
2024-10-22,2024,10,4,296,-0.866,0.5,Nawa,Cacao,Limoneux,Pluies,167.1,27.0,82.8,0,1.67
2023-06-30,2023,6,2,181,0.0,-1.0,Poro,Maïs,Argileux,Pluies,151.4,30.7,77.0,1,1.38
2023-08-18,2023,8,3,230,-0.866,-0.5,Nawa,Manioc,Argileux,Seche,37.9,32.7,82.3,1,13.69
2022-04-23,2022,4,2,113,0.866,-0.5,Haut-Sassandra,Cacao,Limoneux,Seche,64.7,32.5,71.8,1,1.15
2023-10-01,2023,10,4,274,-0.866,0.5,Nawa,Maïs,Argileux,Pluies,154.9,27.5,83.0,0,2.03
2023-07-15,2023,7,3,196,-0.5,-0.866,Poro,Anacarde,Limoneux,Pluies,156.6,28.0,78.9,0,1.08
2024-12-14,2024,12,4,349,-0.0,1.0,Haut-Sassandra,Cacao,Limoneux,Seche,43.6,29.8,64.8,0,1.11
2022-12-08,2022,12,4,342,-0.0,1.0,Poro,Anacarde,Limoneux,Seche,15.6,29.6,46.1,0,0.79
2024-05-22,2024,5,2,143,0.5,-0.866,Haut-Sassandra,Cacao,Limoneux,Pluies,199.8,28.1,88.3,1,1.71
2024-10-24,2024,10,4,298,-0.866,0.5,Nawa,Cacao,Argileux,Pluies,173.6,25.2,91.0,0,1.39
2023-05-04,2023,5,2,124,0.5,-0.866,Haut-Sassandra,Cacao,Argileux,Pluies,150.5,26.7,93.8,1,1.59
2024-02-12,2024,2,1,43,0.866,0.5,Haut-Sassandra,Maïs,Limoneux,Seche,13.7,26.8,70.9,0,1.28
2023-10-14,2023,10,4,287,-0.866,0.5,Haut-Sassandra,Maïs,Argileux,Pluies,166.5,24.6,82.5,0,1.85
2023-01-24,2023,1,1,24,0.5,0.866,Haut-Sassandra,Cacao,Sablonneux,Seche,54.3,29.5,65.4,0,1.16
2022-05-18,2022,5,2,138,0.5,-0.866,Nawa,Cacao,Limoneux,Pluies,182.7,27.3,91.8,1,1.49
2023-03-28,2023,3,1,87,1.0,0.0,Poro,Anacarde,Sablonneux,Seche,3.1,31.9,40.1,0,0.88
2022-08-11,2022,8,3,223,-0.866,-0.5,Haut-Sassandra,Manioc,Limoneux,Seche,41.4,30.0,65.6,1,11.75
2024-08-27,2024,8,3,240,-0.866,-0.5,Haut-Sassandra,Maïs,Argileux,Seche,42.3,32.8,61.5,1,1.37
2022-12-09,2022,12,4,343,-0.0,1.0,Poro,Maïs,Sablonneux,Seche,17.7,35.6,53.8,0,1.28
2023-12-04,2023,12,4,338,-0.0,1.0,Poro,Maïs,Limoneux,Seche,2.5,33.1,36.3,0,1.17
2024-12-09,2024,12,4,344,-0.0,1.0,Haut-Sassandra,Manioc,Argileux,Seche,34.4,30.0,70.0,0,12.97
2024-06-23,2024,6,2,175,0.0,-1.0,Nawa,Manioc,Argileux,Pluies,158.9,29.9,84.7,0,11.06
2024-01-13,2024,1,1,13,0.5,0.866,Haut-Sassandra,Manioc,Argileux,Seche,16.2,33.9,76.9,0,10.65
2021-07-26,2021,7,3,207,-0.5,-0.866,Poro,Anacarde,Limoneux,Pluies,134.8,29.7,67.8,0,0.74
2021-05-31,2021,5,2,151,0.5,-0.866,Haut-Sassandra,Cacao,Limoneux,Pluies,205.1,25.4,77.5,1,1.73
2022-10-30,2022,10,4,303,-0.866,0.5,Nawa,Manioc,Limoneux,Pluies,206.0,25.1,89.8,0,16.65
2022-06-12,2022,6,2,163,0.0,-1.0,Poro,Manioc,Sablonneux,Pluies,170.1,26.1,71.3,1,9.38
2021-06-14,2021,6,2,165,0.0,-1.0,Haut-Sassandra,Cacao,Argileux,Pluies,157.0,23.7,87.4,0,1.67
2023-07-06,2023,7,3,187,-0.5,-0.866,Haut-Sassandra,Cacao,Argileux,Pluies,199.8,25.4,80.9,0,1.72
2024-03-14,2024,3,1,74,1.0,0.0,Haut-Sassandra,Cacao,Limoneux,Seche,40.7,34.8,70.1,0,1.13
2023-10-07,2023,10,4,280,-0.866,0.5,Nawa,Cacao,Limoneux,Pluies,199.8,25.5,83.0,0,1.4
2021-02-06,2021,2,1,37,0.866,0.5,Poro,Anacarde,Argileux,Seche,0.0,33.1,58.4,0,0.76
2021-11-29,2021,11,4,333,-0.5,0.866,Haut-Sassandra,Cacao,Argileux,Seche,36.8,28.4,69.8,0,0.94
2022-02-07,2022,2,1,38,0.866,0.5,Nawa,Manioc,Limoneux,Seche,22.1,28.8,61.5,1,10.88
2022-02-18,2022,2,1,49,0.866,0.5,Poro,Anacarde,Sablonneux,Seche,21.7,34.8,34.9,0,0.76
2021-02-14,2021,2,1,45,0.866,0.5,Poro,Manioc,Sablonneux,Seche,13.8,32.4,44.1,0,5.91
2024-11-26,2024,11,4,331,-0.5,0.866,Haut-Sassandra,Maïs,Limoneux,Seche,40.7,28.7,75.9,0,1.39
2021-07-25,2021,7,3,206,-0.5,-0.866,Poro,Maïs,Limoneux,Pluies,179.0,25.9,85.5,0,1.49
2021-03-03,2021,3,1,62,1.0,0.0,Poro,Anacarde,Sablonneux,Seche,12.0,28.4,47.3,0,0.75
2022-02-24,2022,2,1,55,0.866,0.5,Nawa,Cacao,Argileux,Seche,28.5,32.7,74.8,0,1.16
2023-05-18,2023,5,2,138,0.5,-0.866,Haut-Sassandra,Maïs,Argileux,Pluies,261.9,27.6,81.3,1,1.31
2023-03-31,2023,3,1,90,1.0,0.0,Poro,Anacarde,Sablonneux,Seche,10.8,34.3,41.8,0,0.75
2021-01-19,2021,1,1,19,0.5,0.866,Haut-Sassandra,Maïs,Argileux,Seche,76.4,29.6,60.4,0,1.35
2021-12-31,2021,12,4,365,-0.0,1.0,Haut-Sassandra,Manioc,Limoneux,Seche,55.6,31.1,70.8,0,12.59
2024-08-16,2024,8,3,229,-0.866,-0.5,Haut-Sassandra,Cacao,Sablonneux,Seche,35.5,28.9,67.6,1,1.22
2023-10-28,2023,10,4,301,-0.866,0.5,Nawa,Manioc,Limoneux,Pluies,159.2,24.0,77.4,0,18.25
2022-03-04,2022,3,1,63,1.0,0.0,Nawa,Cacao,Argileux,Seche,37.4,26.2,70.7,0,1.18
2024-02-15,2024,2,1,46,0.866,0.5,Haut-Sassandra,Maïs,Sablonneux,Seche,43.6,30.2,58.3,0,1.07
2022-08-03,2022,8,3,215,-0.866,-0.5,Poro,Anacarde,Sablonneux,Pluies,132.7,30.3,79.1,0,0.91
2022-06-30,2022,6,2,181,0.0,-1.0,Haut-Sassandra,Manioc,Argileux,Pluies,146.8,27.5,84.5,0,16.06
2021-11-21,2021,11,4,325,-0.5,0.866,Poro,Maïs,Argileux,Seche,5.7,31.7,58.0,0,1.22
2021-02-24,2021,2,1,55,0.866,0.5,Haut-Sassandra,Cacao,Argileux,Seche,21.2,31.2,70.7,0,1.1
2023-02-17,2023,2,1,48,0.866,0.5,Haut-Sassandra,Maïs,Limoneux,Seche,46.6,31.9,65.7,0,1.44
2023-09-19,2023,9,3,262,-1.0,-0.0,Poro,Maïs,Limoneux,Pluies,189.6,29.2,70.6,0,1.22
2021-02-11,2021,2,1,42,0.866,0.5,Haut-Sassandra,Manioc,Sablonneux,Seche,56.2,30.7,74.0,0,10.67
2024-08-13,2024,8,3,226,-0.866,-0.5,Nawa,Cacao,Limoneux,Seche,24.8,28.6,74.3,1,1.21
2021-08-19,2021,8,3,231,-0.866,-0.5,Haut-Sassandra,Cacao,Sablonneux,Seche,57.3,30.9,67.2,1,1.11
2022-03-29,2022,3,1,88,1.0,0.0,Haut-Sassandra,Cacao,Argileux,Seche,55.5,31.5,66.5,0,1.11
2022-01-29,2022,1,1,29,0.5,0.866,Nawa,Cacao,Limoneux,Seche,44.7,28.1,64.4,0,1.08
2024-10-13,2024,10,4,287,-0.866,0.5,Haut-Sassandra,Cacao,Argileux,Pluies,201.5,23.8,84.3,0,1.82
2024-02-26,2024,2,1,57,0.866,0.5,Haut-Sassandra,Cacao,Limoneux,Seche,33.2,29.4,74.9,0,1.08
2022-11-22,2022,11,4,326,-0.5,0.866,Nawa,Manioc,Limoneux,Seche,76.5,31.2,75.5,0,10.76
2024-11-29,2024,11,4,334,-0.5,0.866,Poro,Maïs,Argileux,Seche,0.1,31.6,32.1,0,1.24
2022-01-27,2022,1,1,27,0.5,0.866,Nawa,Cacao,Argileux,Seche,50.3,26.8,69.0,0,0.9
2024-05-01,2024,5,2,122,0.5,-0.866,Poro,Manioc,Limoneux,Seche,0.5,34.7,39.8,1,5.74
2022-08-27,2022,8,3,239,-0.866,-0.5,Haut-Sassandra,Manioc,Limoneux,Seche,72.6,29.4,64.0,1,11.78
2023-05-31,2023,5,2,151,0.5,-0.866,Nawa,Manioc,Argileux,Pluies,162.8,25.6,81.5,1,16.14
2024-01-07,2024,1,1,7,0.5,0.866,Haut-Sassandra,Cacao,Argileux,Seche,67.2,29.8,71.0,0,1.1
2021-03-26,2021,3,1,85,1.0,0.0,Poro,Anacarde,Sablonneux,Seche,22.5,29.9,40.9,0,0.77
2023-11-20,2023,11,4,324,-0.5,0.866,Haut-Sassandra,Cacao,Limoneux,Seche,45.1,27.3,68.9,0,1.16
2021-02-18,2021,2,1,49,0.866,0.5,Poro,Anacarde,Sablonneux,Seche,13.4,33.5,49.9,0,0.79
2024-03-14,2024,3,1,74,1.0,0.0,Poro,Manioc,Limoneux,Seche,15.6,31.6,52.2,0,6.01
2021-03-10,2021,3,1,69,1.0,0.0,Haut-Sassandra,Maïs,Argileux,Seche,63.7,31.8,67.2,0,1.19
2023-12-18,2023,12,4,352,-0.0,1.0,Haut-Sassandra,Manioc,Limoneux,Seche,39.5,28.3,59.0,0,11.68
2022-11-28,2022,11,4,332,-0.5,0.866,Haut-Sassandra,Manioc,Limoneux,Seche,50.4,32.6,64.8,0,10.5
2022-04-24,2022,4,2,114,0.866,-0.5,Haut-Sassandra,Maïs,Argileux,Seche,68.6,32.3,66.6,1,1.24
2023-03-31,2023,3,1,90,1.0,0.0,Poro,Manioc,Sablonneux,Seche,16.8,31.6,30.5,0,6.23
2024-08-12,2024,8,3,225,-0.866,-0.5,Nawa,Cacao,Argileux,Seche,35.5,33.4,72.0,1,1.17
2024-04-09,2024,4,2,100,0.866,-0.5,Haut-Sassandra,Cacao,Limoneux,Seche,64.0,32.0,70.2,1,1.07
2021-05-27,2021,5,2,147,0.5,-0.866,Haut-Sassandra,Cacao,Limoneux,Pluies,187.0,27.2,90.6,1,1.4
2024-08-22,2024,8,3,235,-0.866,-0.5,Poro,Maïs,Sablonneux,Pluies,171.4,29.4,91.4,0,1.47
2023-10-13,2023,10,4,286,-0.866,0.5,Poro,Manioc,Sablonneux,Seche,17.8,30.1,32.1,0,6.1
2022-09-01,2022,9,3,244,-1.0,-0.0,Haut-Sassandra,Maïs,Argileux,Pluies,229.7,28.2,87.9,1,1.81
2022-03-22,2022,3,1,81,1.0,0.0,Nawa,Maïs,Limoneux,Seche,45.8,28.5,74.9,0,1.36
2021-08-09,2021,8,3,221,-0.866,-0.5,Nawa,Manioc,Sablonneux,Seche,15.9,28.2,72.9,1,10.59
2024-11-02,2024,11,4,307,-0.5,0.866,Haut-Sassandra,Manioc,Argileux,Seche,61.1,29.5,73.6,0,12.42
2024-07-13,2024,7,3,195,-0.5,-0.866,Haut-Sassandra,Manioc,Sablonneux,Pluies,192.2,26.1,82.3,0,16.05
2021-04-05,2021,4,2,95,0.866,-0.5,Haut-Sassandra,Cacao,Argileux,Seche,46.1,29.2,74.5,1,1.25
2021-09-19,2021,9,3,262,-1.0,-0.0,Haut-Sassandra,Manioc,Limoneux,Pluies,179.1,26.2,82.1,1,16.42
2023-06-16,2023,6,2,167,0.0,-1.0,Poro,Anacarde,Argileux,Pluies,238.7,26.7,70.6,1,0.65
2023-12-31,2023,12,4,365,-0.0,1.0,Nawa,Cacao,Limoneux,Seche,47.1,32.7,73.8,0,1.02
2021-08-07,2021,8,3,219,-0.866,-0.5,Haut-Sassandra,Cacao,Limoneux,Seche,68.1,29.6,65.4,1,1.21
2021-04-02,2021,4,2,92,0.866,-0.5,Poro,Anacarde,Sablonneux,Seche,0.0,33.8,50.4,0,0.84
2021-05-07,2021,5,2,127,0.5,-0.866,Poro,Maïs,Limoneux,Seche,14.7,31.0,40.2,1,1.26
2021-03-21,2021,3,1,80,1.0,0.0,Haut-Sassandra,Anacarde,Limoneux,Seche,49.0,27.2,59.6,0,0.38
2024-06-15,2024,6,2,167,0.0,-1.0,Haut-Sassandra,Manioc,Limoneux,Pluies,193.5,24.9,90.7,0,18.61
2023-09-10,2023,9,3,253,-1.0,-0.0,Poro,Anacarde,Argileux,Pluies,129.7,25.7,78.8,0,1.03
2024-10-27,2024,10,4,301,-0.866,0.5,Nawa,Cacao,Limoneux,Pluies,262.3,26.3,88.6,0,1.11
2023-07-05,2023,7,3,186,-0.5,-0.866,Nawa,Cacao,Limoneux,Pluies,204.3,26.4,88.4,0,1.74
2022-05-01,2022,5,2,121,0.5,-0.866,Nawa,Cacao,Argileux,Pluies,137.1,26.2,88.5,1,1.7
2022-11-25,2022,11,4,329,-0.5,0.866,Haut-Sassandra,Cacao,Limoneux,Seche,36.4,31.5,64.4,0,1.15
2021-01-25,2021,1,1,25,0.5,0.866,Haut-Sassandra,Manioc,Limoneux,Seche,28.1,28.8,63.2,0,11.85
2021-06-05,2021,6,2,156,0.0,-1.0,Haut-Sassandra,Manioc,Argileux,Pluies,188.8,25.3,86.2,1,17.81
2022-09-24,2022,9,3,267,-1.0,-0.0,Haut-Sassandra,Cacao,Argileux,Pluies,154.5,22.8,86.1,1,1.09
2023-12-17,2023,12,4,351,-0.0,1.0,Poro,Maïs,Limoneux,Seche,7.3,33.1,40.1,0,1.37
2021-01-19,2021,1,1,19,0.5,0.866,Nawa,Manioc,Argileux,Seche,63.5,29.5,67.4,0,11.55
2024-11-08,2024,11,4,313,-0.5,0.866,Haut-Sassandra,Manioc,Limoneux,Seche,57.3,31.4,73.2,0,12.35
2024-05-01,2024,5,2,122,0.5,-0.866,Nawa,Cacao,Argileux,Pluies,252.8,25.9,89.8,1,1.28
2021-08-25,2021,8,3,237,-0.866,-0.5,Nawa,Cacao,Limoneux,Seche,70.1,27.9,72.7,1,1.11
2024-11-11,2024,11,4,316,-0.5,0.866,Haut-Sassandra,Cacao,Sablonneux,Seche,41.2,29.0,67.6,0,1.22
2024-12-20,2024,12,4,355,-0.0,1.0,Poro,Maïs,Limoneux,Seche,10.0,35.3,43.3,0,1.16
2021-10-04,2021,10,4,277,-0.866,0.5,Nawa,Cacao,Argileux,Pluies,217.8,31.0,86.7,0,0.85
2024-06-04,2024,6,2,156,0.0,-1.0,Haut-Sassandra,Manioc,Sablonneux,Pluies,175.0,29.9,83.1,0,12.24
2023-01-15,2023,1,1,15,0.5,0.866,Nawa,Cacao,Argileux,Seche,69.9,27.2,75.6,0,1.04
2022-07-06,2022,7,3,187,-0.5,-0.866,Nawa,Cacao,Limoneux,Pluies,205.1,23.8,90.0,0,1.46
2024-09-08,2024,9,3,252,-1.0,-0.0,Haut-Sassandra,Maïs,Limoneux,Pluies,163.2,28.0,88.4,1,1.84
2024-03-22,2024,3,1,82,1.0,0.0,Haut-Sassandra,Manioc,Argileux,Seche,47.3,32.2,70.1,0,12.02
2022-10-01,2022,10,4,274,-0.866,0.5,Poro,Anacarde,Sablonneux,Seche,21.1,37.8,59.8,0,0.75
2021-08-25,2021,8,3,237,-0.866,-0.5,Poro,Anacarde,Sablonneux,Pluies,191.5,27.7,71.5,0,1.0
2023-09-25,2023,9,3,268,-1.0,-0.0,Poro,Maïs,Limoneux,Pluies,146.7,28.4,74.3,0,1.81
2021-02-24,2021,2,1,55,0.866,0.5,Haut-Sassandra,Cacao,Argileux,Seche,59.3,30.6,68.4,0,1.11
2024-12-30,2024,12,4,365,-0.0,1.0,Haut-Sassandra,Maïs,Limoneux,Seche,50.0,32.0,61.7,0,0.96
2022-11-15,2022,11,4,319,-0.5,0.866,Haut-Sassandra,Cacao,Limoneux,Seche,41.8,29.8,65.5,0,1.18
2021-04-19,2021,4,2,109,0.866,-0.5,Haut-Sassandra,Manioc,Limoneux,Seche,32.9,32.0,66.7,1,13.17
2024-04-22,2024,4,2,113,0.866,-0.5,Poro,Anacarde,Sablonneux,Seche,13.7,32.7,33.7,0,0.91
2024-10-23,2024,10,4,297,-0.866,0.5,Haut-Sassandra,Manioc,Limoneux,Pluies,143.1,27.3,84.2,0,15.91
2024-05-06,2024,5,2,127,0.5,-0.866,Nawa,Cacao,Limoneux,Pluies,148.4,29.0,85.4,1,1.78
2024-10-26,2024,10,4,300,-0.866,0.5,Poro,Maïs,Sablonneux,Seche,20.1,33.2,44.1,0,1.17
2022-01-08,2022,1,1,8,0.5,0.866,Haut-Sassandra,Manioc,Limoneux,Seche,46.0,27.2,59.3,1,12.0
2023-08-31,2023,8,3,243,-0.866,-0.5,Nawa,Cacao,Limoneux,Seche,36.2,28.4,75.5,1,1.19
2021-07-20,2021,7,3,201,-0.5,-0.866,Poro,Anacarde,Limoneux,Pluies,134.4,25.9,71.2,0,1.06
2023-04-29,2023,4,2,119,0.866,-0.5,Haut-Sassandra,Cacao,Limoneux,Seche,43.5,31.8,70.0,0,1.24
2022-05-24,2022,5,2,144,0.5,-0.866,Haut-Sassandra,Cacao,Limoneux,Pluies,186.5,26.1,92.0,1,1.73
2024-09-07,2024,9,3,251,-1.0,-0.0,Haut-Sassandra,Cacao,Limoneux,Pluies,157.7,23.5,87.3,1,1.63
2021-10-02,2021,10,4,275,-0.866,0.5,Poro,Anacarde,Limoneux,Seche,17.4,35.7,47.3,0,0.61
2021-07-30,2021,7,3,211,-0.5,-0.866,Poro,Anacarde,Argileux,Pluies,194.7,27.3,76.4,0,1.08
2022-05-19,2022,5,2,139,0.5,-0.866,Nawa,Manioc,Limoneux,Pluies,138.3,28.5,89.9,1,17.47
2024-02-16,2024,2,1,47,0.866,0.5,Poro,Anacarde,Sablonneux,Seche,7.1,40.3,27.9,0,0.67
2022-12-04,2022,12,4,338,-0.0,1.0,Nawa,Cacao,Argileux,Seche,38.5,25.8,71.9,0,1.22
2021-02-11,2021,2,1,42,0.866,0.5,Nawa,Cacao,Limoneux,Seche,35.0,28.6,74.2,0,1.08
2021-11-11,2021,11,4,315,-0.5,0.866,Nawa,Cacao,Argileux,Seche,50.4,27.5,60.7,1,1.22
2023-02-27,2023,2,1,58,0.866,0.5,Haut-Sassandra,Maïs,Limoneux,Seche,12.2,27.8,62.7,0,1.27
2021-11-25,2021,11,4,329,-0.5,0.866,Nawa,Cacao,Argileux,Seche,38.2,26.5,71.0,0,1.12
2023-11-07,2023,11,4,311,-0.5,0.866,Haut-Sassandra,Maïs,Argileux,Seche,51.2,33.1,77.0,0,1.5
2021-10-10,2021,10,4,283,-0.866,0.5,Nawa,Manioc,Sablonneux,Pluies,210.5,25.8,93.4,0,16.33
2023-08-01,2023,8,3,213,-0.866,-0.5,Haut-Sassandra,Anacarde,Limoneux,Seche,70.1,29.0,75.2,1,0.4
2021-09-15,2021,9,3,258,-1.0,-0.0,Haut-Sassandra,Anacarde,Limoneux,Pluies,210.4,25.6,98.7,1,0.62
2022-07-29,2022,7,3,210,-0.5,-0.866,Haut-Sassandra,Manioc,Argileux,Pluies,220.5,27.3,83.7,0,19.79
2022-07-28,2022,7,3,209,-0.5,-0.866,Haut-Sassandra,Cacao,Argileux,Pluies,189.6,29.1,84.0,0,1.03
2022-09-04,2022,9,3,247,-1.0,-0.0,Haut-Sassandra,Manioc,Argileux,Pluies,170.3,26.2,80.7,1,18.3
2023-11-09,2023,11,4,313,-0.5,0.866,Haut-Sassandra,Cacao,Argileux,Seche,50.7,30.8,66.2,0,1.08
2023-04-17,2023,4,2,107,0.866,-0.5,Haut-Sassandra,Manioc,Sablonneux,Seche,61.4,30.9,71.4,1,10.56
2022-02-27,2022,2,1,58,0.866,0.5,Nawa,Manioc,Limoneux,Seche,15.8,27.2,67.9,0,11.3
2024-10-28,2024,10,4,302,-0.866,0.5,Haut-Sassandra,Cacao,Limoneux,Pluies,161.8,25.3,83.2,0,1.45
2023-01-28,2023,1,1,28,0.5,0.866,Haut-Sassandra,Cacao,Argileux,Seche,40.9,29.4,69.8,0,1.21
2023-02-02,2023,2,1,33,0.866,0.5,Poro,Anacarde,Argileux,Seche,3.2,36.4,56.1,0,0.76
2024-01-10,2024,1,1,10,0.5,0.866,Nawa,Maïs,Limoneux,Seche,31.8,29.0,68.9,0,1.36
2022-02-28,2022,2,1,59,0.866,0.5,Haut-Sassandra,Cacao,Limoneux,Seche,53.9,26.9,63.6,0,1.1
2022-03-05,2022,3,1,64,1.0,0.0,Haut-Sassandra,Manioc,Argileux,Seche,52.5,31.1,66.7,0,12.33
2024-11-12,2024,11,4,317,-0.5,0.866,Poro,Anacarde,Sablonneux,Seche,19.3,30.7,48.2,0,0.8
2021-07-23,2021,7,3,204,-0.5,-0.866,Nawa,Manioc,Limoneux,Pluies,171.6,25.9,86.1,0,14.91
2021-07-15,2021,7,3,196,-0.5,-0.866,Haut-Sassandra,Manioc,Argileux,Pluies,148.4,26.6,83.0,0,17.63
2022-12-29,2022,12,4,363,-0.0,1.0,Haut-Sassandra,Manioc,Argileux,Seche,45.9,32.9,61.7,0,11.98
2021-10-12,2021,10,4,285,-0.866,0.5,Haut-Sassandra,Cacao,Limoneux,Pluies,230.2,28.1,78.9,0,1.08
2021-07-15,2021,7,3,196,-0.5,-0.866,Nawa,Cacao,Limoneux,Pluies,154.8,28.2,87.3,1,1.51
2021-11-03,2021,11,4,307,-0.5,0.866,Poro,Anacarde,Argileux,Seche,0.6,36.4,34.3,0,0.77
2021-01-14,2021,1,1,14,0.5,0.866,Haut-Sassandra,Cacao,Argileux,Seche,35.2,31.5,62.3,0,1.08
2024-03-15,2024,3,1,75,1.0,0.0,Poro,Anacarde,Limoneux,Seche,12.8,28.1,45.0,0,0.72
2023-12-17,2023,12,4,351,-0.0,1.0,Nawa,Cacao,Limoneux,Seche,40.0,29.6,69.8,1,1.01
2022-12-24,2022,12,4,358,-0.0,1.0,Nawa,Cacao,Limoneux,Seche,49.3,29.1,60.9,1,1.18
2023-02-19,2023,2,1,50,0.866,0.5,Haut-Sassandra,Manioc,Argileux,Seche,68.2,29.8,62.3,1,11.76
2024-05-18,2024,5,2,139,0.5,-0.866,Nawa,Cacao,Argileux,Pluies,200.7,24.6,81.1,1,1.34
2022-06-13,2022,6,2,164,0.0,-1.0,Haut-Sassandra,Cacao,Argileux,Pluies,226.2,25.2,91.1,0,1.56
2023-03-09,2023,3,1,68,1.0,0.0,Nawa,Cacao,Sablonneux,Seche,10.3,32.7,70.6,0,1.11
2021-12-10,2021,12,4,344,-0.0,1.0,Nawa,Cacao,Limoneux,Seche,17.2,30.7,62.3,0,1.23
2024-07-26,2024,7,3,208,-0.5,-0.866,Haut-Sassandra,Cacao,Argileux,Pluies,137.3,28.2,88.0,0,1.53
2021-07-28,2021,7,3,209,-0.5,-0.866,Nawa,Cacao,Sablonneux,Pluies,150.7,26.4,88.7,0,1.64
2022-10-03,2022,10,4,276,-0.866,0.5,Nawa,Cacao,Argileux,Pluies,247.4,29.1,84.8,0,1.08
2024-09-20,2024,9,3,264,-1.0,-0.0,Nawa,Cacao,Argileux,Pluies,161.2,25.7,86.1,1,1.54
2024-08-04,2024,8,3,217,-0.866,-0.5,Poro,Maïs,Limoneux,Pluies,186.4,30.6,75.6,0,1.2
2021-09-09,2021,9,3,252,-1.0,-0.0,Haut-Sassandra,Cacao,Limoneux,Pluies,208.3,26.2,88.8,1,1.44
2024-07-12,2024,7,3,194,-0.5,-0.866,Haut-Sassandra,Manioc,Limoneux,Pluies,237.6,30.8,93.5,1,11.71
2021-09-28,2021,9,3,271,-1.0,-0.0,Nawa,Maïs,Argileux,Pluies,170.3,29.4,90.4,1,1.41
2023-07-09,2023,7,3,190,-0.5,-0.866,Nawa,Cacao,Limoneux,Pluies,199.0,24.3,85.9,0,1.45
2022-02-23,2022,2,1,54,0.866,0.5,Poro,Maïs,Sablonneux,Seche,31.8,36.1,37.1,0,1.27
2023-03-06,2023,3,1,65,1.0,0.0,Poro,Anacarde,Argileux,Seche,13.5,31.0,45.7,0,0.84
2024-05-19,2024,5,2,140,0.5,-0.866,Haut-Sassandra,Cacao,Limoneux,Pluies,194.3,25.3,82.0,1,1.49
2024-10-20,2024,10,4,294,-0.866,0.5,Nawa,Manioc,Argileux,Pluies,204.6,28.1,91.2,0,18.69
2024-01-05,2024,1,1,5,0.5,0.866,Nawa,Manioc,Argileux,Seche,65.1,27.4,77.3,0,11.08
2024-09-06,2024,9,3,250,-1.0,-0.0,Poro,Maïs,Argileux,Pluies,163.2,28.2,75.1,0,1.85
2022-12-26,2022,12,4,360,-0.0,1.0,Nawa,Cacao,Argileux,Seche,84.2,28.4,63.0,0,1.11
2022-03-09,2022,3,1,68,1.0,0.0,Nawa,Cacao,Argileux,Seche,8.5,30.0,61.3,0,1.24
2021-04-19,2021,4,2,109,0.866,-0.5,Haut-Sassandra,Cacao,Limoneux,Seche,22.7,31.2,70.7,1,1.39
2022-10-03,2022,10,4,276,-0.866,0.5,Poro,Anacarde,Limoneux,Seche,10.0,36.3,57.8,0,0.72
2023-12-07,2023,12,4,341,-0.0,1.0,Haut-Sassandra,Cacao,Sablonneux,Seche,34.1,30.3,65.1,0,1.07
2022-01-14,2022,1,1,14,0.5,0.866,Haut-Sassandra,Manioc,Argileux,Seche,68.5,32.6,64.5,0,10.56
2024-01-25,2024,1,1,25,0.5,0.866,Nawa,Manioc,Limoneux,Seche,39.5,25.6,72.0,0,11.56
2023-08-16,2023,8,3,228,-0.866,-0.5,Nawa,Cacao,Sablonneux,Seche,58.5,29.0,61.7,1,1.03
2021-04-13,2021,4,2,103,0.866,-0.5,Poro,Anacarde,Sablonneux,Seche,8.0,33.7,50.9,0,0.84
2023-06-11,2023,6,2,162,0.0,-1.0,Haut-Sassandra,Cacao,Argileux,Pluies,160.0,26.0,83.7,0,1.8
2023-05-04,2023,5,2,124,0.5,-0.866,Haut-Sassandra,Cacao,Limoneux,Pluies,226.8,27.7,82.2,1,1.61
2024-03-15,2024,3,1,75,1.0,0.0,Nawa,Cacao,Argileux,Seche,35.7,31.0,74.4,0,1.21
2023-11-17,2023,11,4,321,-0.5,0.866,Nawa,Cacao,Limoneux,Seche,55.6,28.2,64.6,0,1.1
2022-06-14,2022,6,2,165,0.0,-1.0,Haut-Sassandra,Cacao,Limoneux,Pluies,185.9,23.9,81.7,0,1.65
2022-11-10,2022,11,4,314,-0.5,0.866,Nawa,Cacao,Argileux,Seche,75.1,32.3,77.8,0,0.99
2023-09-16,2023,9,3,259,-1.0,-0.0,Nawa,Manioc,Limoneux,Pluies,217.7,25.3,87.4,1,17.59
2024-01-11,2024,1,1,11,0.5,0.866,Nawa,Cacao,Limoneux,Seche,56.7,28.9,72.7,0,0.97
2022-03-04,2022,3,1,63,1.0,0.0,Nawa,Cacao,Argileux,Seche,63.5,31.7,68.2,0,1.13
2023-04-02,2023,4,2,92,0.866,-0.5,Nawa,Cacao,Argileux,Seche,54.6,33.0,60.2,1,1.08
2024-03-31,2024,3,1,91,1.0,0.0,Nawa,Cacao,Argileux,Seche,18.5,31.2,68.5,0,1.14
2023-07-21,2023,7,3,202,-0.5,-0.866,Poro,Anacarde,Argileux,Pluies,158.5,27.9,79.9,0,1.15
2024-11-26,2024,11,4,331,-0.5,0.866,Haut-Sassandra,Manioc,Limoneux,Seche,27.6,27.2,63.6,0,12.1
2023-11-28,2023,11,4,332,-0.5,0.866,Nawa,Cacao,Argileux,Seche,32.8,31.6,60.5,0,1.21
2022-05-26,2022,5,2,146,0.5,-0.866,Haut-Sassandra,Cacao,Argileux,Pluies,207.9,24.8,80.2,1,1.6
2022-01-28,2022,1,1,28,0.5,0.866,Poro,Anacarde,Limoneux,Seche,17.9,28.7,21.9,0,0.81
2022-12-14,2022,12,4,348,-0.0,1.0,Nawa,Cacao,Argileux,Seche,59.1,33.7,70.9,0,1.05
2022-05-09,2022,5,2,129,0.5,-0.866,Haut-Sassandra,Maïs,Limoneux,Pluies,179.8,26.5,87.4,1,1.89
2024-05-08,2024,5,2,129,0.5,-0.866,Haut-Sassandra,Manioc,Argileux,Pluies,189.2,28.7,83.9,1,16.2
2024-07-02,2024,7,3,184,-0.5,-0.866,Haut-Sassandra,Cacao,Sablonneux,Pluies,233.8,27.1,82.2,0,1.01
2024-04-17,2024,4,2,108,0.866,-0.5,Haut-Sassandra,Maïs,Argileux,Seche,50.2,30.8,72.5,1,1.26
2022-07-01,2022,7,3,182,-0.5,-0.866,Nawa,Cacao,Sablonneux,Pluies,219.7,24.1,91.4,0,1.25
2022-08-17,2022,8,3,229,-0.866,-0.5,Haut-Sassandra,Manioc,Sablonneux,Seche,54.5,28.4,76.5,1,10.65
2022-01-24,2022,1,1,24,0.5,0.866,Poro,Anacarde,Limoneux,Seche,1.9,34.5,47.8,0,0.71
2024-11-22,2024,11,4,327,-0.5,0.866,Nawa,Cacao,Limoneux,Seche,24.2,29.5,56.0,0,1.21
2021-06-07,2021,6,2,158,0.0,-1.0,Poro,Anacarde,Sablonneux,Pluies,159.2,29.2,75.4,1,0.79
2023-10-25,2023,10,4,298,-0.866,0.5,Poro,Anacarde,Sablonneux,Seche,15.3,28.4,45.1,0,0.68
2021-06-16,2021,6,2,167,0.0,-1.0,Haut-Sassandra,Cacao,Limoneux,Pluies,229.7,28.5,94.1,0,1.45
2023-08-18,2023,8,3,230,-0.866,-0.5,Nawa,Manioc,Sablonneux,Seche,59.5,33.3,69.0,1,11.03
2022-02-13,2022,2,1,44,0.866,0.5,Haut-Sassandra,Cacao,Argileux,Seche,54.5,26.6,68.0,0,1.1
2024-12-06,2024,12,4,341,-0.0,1.0,Poro,Anacarde,Argileux,Seche,9.2,32.3,41.3,0,0.76
2024-05-12,2024,5,2,133,0.5,-0.866,Poro,Anacarde,Argileux,Seche,10.2,35.3,37.6,1,0.71
2021-07-13,2021,7,3,194,-0.5,-0.866,Poro,Anacarde,Sablonneux,Pluies,112.4,28.7,74.1,0,1.06
2021-08-23,2021,8,3,235,-0.866,-0.5,Haut-Sassandra,Manioc,Argileux,Seche,10.5,34.0,59.9,1,12.91
2022-12-19,2022,12,4,353,-0.0,1.0,Poro,Anacarde,Limoneux,Seche,25.2,36.6,45.1,0,0.9
2024-03-19,2024,3,1,79,1.0,0.0,Nawa,Maïs,Limoneux,Seche,54.5,32.3,71.0,0,1.31
2024-03-28,2024,3,1,88,1.0,0.0,Nawa,Maïs,Argileux,Seche,60.9,32.6,69.1,0,1.19
2024-07-26,2024,7,3,208,-0.5,-0.866,Nawa,Cacao,Limoneux,Pluies,183.5,28.5,81.1,0,1.69
2023-03-27,2023,3,1,86,1.0,0.0,Nawa,Cacao,Argileux,Seche,64.5,30.9,61.5,0,1.17
2022-02-08,2022,2,1,39,0.866,0.5,Haut-Sassandra,Cacao,Argileux,Seche,18.1,30.6,81.5,0,1.13
2023-06-12,2023,6,2,163,0.0,-1.0,Haut-Sassandra,Cacao,Limoneux,Pluies,111.9,23.5,88.4,1,1.58
2022-11-09,2022,11,4,313,-0.5,0.866,Nawa,Cacao,Argileux,Seche,39.4,31.4,63.6,0,1.31
2024-08-27,2024,8,3,240,-0.866,-0.5,Nawa,Cacao,Argileux,Seche,42.7,31.7,67.1,1,1.18
2021-03-09,2021,3,1,68,1.0,0.0,Nawa,Cacao,Limoneux,Seche,66.3,33.3,55.9,0,0.98
2021-03-29,2021,3,1,88,1.0,0.0,Nawa,Manioc,Sablonneux,Seche,44.5,31.5,70.5,0,13.5
2021-08-05,2021,8,3,217,-0.866,-0.5,Poro,Anacarde,Sablonneux,Pluies,183.5,27.9,73.4,0,1.08
2021-01-01,2021,1,1,1,0.5,0.866,Nawa,Cacao,Argileux,Seche,14.5,30.8,65.0,0,1.36
2024-03-04,2024,3,1,64,1.0,0.0,Nawa,Manioc,Limoneux,Seche,13.5,27.3,61.7,0,13.18
2024-10-06,2024,10,4,280,-0.866,0.5,Haut-Sassandra,Cacao,Argileux,Pluies,204.5,27.4,81.4,0,1.35
2021-05-20,2021,5,2,140,0.5,-0.866,Poro,Maïs,Sablonneux,Seche,23.6,35.3,36.0,1,1.31
2022-09-10,2022,9,3,253,-1.0,-0.0,Haut-Sassandra,Manioc,Argileux,Pluies,253.0,28.0,91.3,1,12.76
2021-05-13,2021,5,2,133,0.5,-0.866,Nawa,Cacao,Argileux,Pluies,211.8,28.9,85.7,1,2.01
2021-06-27,2021,6,2,178,0.0,-1.0,Haut-Sassandra,Cacao,Sablonneux,Pluies,203.5,26.6,89.5,0,1.68
2023-03-21,2023,3,1,80,1.0,0.0,Poro,Anacarde,Argileux,Seche,22.2,29.2,41.8,0,0.75
2024-10-13,2024,10,4,287,-0.866,0.5,Haut-Sassandra,Manioc,Limoneux,Pluies,155.6,26.4,86.9,0,17.64
2022-01-15,2022,1,1,15,0.5,0.866,Haut-Sassandra,Maïs,Limoneux,Seche,20.8,28.5,67.4,0,1.39
2023-06-27,2023,6,2,178,0.0,-1.0,Poro,Anacarde,Sablonneux,Pluies,144.2,27.8,77.8,1,1.27
2022-10-20,2022,10,4,293,-0.866,0.5,Haut-Sassandra,Cacao,Limoneux,Pluies,171.2,26.9,80.0,0,1.45
2022-03-26,2022,3,1,85,1.0,0.0,Nawa,Cacao,Limoneux,Seche,35.1,29.0,68.6,0,1.2
2022-08-09,2022,8,3,221,-0.866,-0.5,Nawa,Manioc,Limoneux,Seche,33.1,29.7,72.3,1,11.26
2022-04-08,2022,4,2,98,0.866,-0.5,Haut-Sassandra,Cacao,Argileux,Seche,33.1,29.5,67.1,1,1.07
2023-09-17,2023,9,3,260,-1.0,-0.0,Haut-Sassandra,Cacao,Sablonneux,Pluies,193.0,27.5,87.1,1,1.57
2024-02-06,2024,2,1,37,0.866,0.5,Poro,Maïs,Limoneux,Seche,15.8,29.6,38.2,0,1.18
2021-05-02,2021,5,2,122,0.5,-0.866,Nawa,Manioc,Limoneux,Pluies,243.1,28.8,83.2,1,12.4
2021-01-17,2021,1,1,17,0.5,0.866,Nawa,Maïs,Argileux,Seche,75.9,29.4,71.7,0,1.24
2024-05-04,2024,5,2,125,0.5,-0.866,Nawa,Manioc,Limoneux,Pluies,209.6,28.0,86.1,1,17.01
2021-11-23,2021,11,4,327,-0.5,0.866,Haut-Sassandra,Cacao,Limoneux,Seche,29.5,31.1,73.1,0,1.08
2021-11-14,2021,11,4,318,-0.5,0.866,Haut-Sassandra,Cacao,Argileux,Seche,76.3,29.7,72.5,0,1.01
2023-03-20,2023,3,1,79,1.0,0.0,Poro,Maïs,Sablonneux,Seche,18.1,35.8,32.8,0,1.39
2024-06-29,2024,6,2,181,0.0,-1.0,Haut-Sassandra,Maïs,Limoneux,Pluies,218.0,28.5,81.0,0,1.89
2022-05-18,2022,5,2,138,0.5,-0.866,Poro,Manioc,Limoneux,Seche,14.4,34.0,52.9,1,6.42
2021-04-29,2021,4,2,119,0.866,-0.5,Nawa,Cacao,Limoneux,Seche,41.0,31.0,80.5,1,1.08
2022-12-11,2022,12,4,345,-0.0,1.0,Poro,Maïs,Limoneux,Seche,9.9,31.3,41.2,0,1.14
2021-02-14,2021,2,1,45,0.866,0.5,Nawa,Cacao,Sablonneux,Seche,37.8,32.1,71.0,0,1.16
2021-11-10,2021,11,4,314,-0.5,0.866,Nawa,Manioc,Limoneux,Seche,71.6,30.1,70.7,0,13.29
2024-04-17,2024,4,2,108,0.866,-0.5,Haut-Sassandra,Maïs,Limoneux,Seche,55.1,31.6,63.1,1,1.26
2022-02-22,2022,2,1,53,0.866,0.5,Nawa,Maïs,Sablonneux,Seche,24.3,25.4,70.8,0,1.12
2022-07-10,2022,7,3,191,-0.5,-0.866,Haut-Sassandra,Cacao,Argileux,Pluies,201.4,25.7,89.8,0,1.61
2024-01-07,2024,1,1,7,0.5,0.866,Poro,Maïs,Sablonneux,Seche,13.0,36.7,39.8,0,1.16
2021-11-22,2021,11,4,326,-0.5,0.866,Poro,Maïs,Limoneux,Seche,18.2,33.2,60.6,0,1.35
2024-10-12,2024,10,4,286,-0.866,0.5,Poro,Anacarde,Sablonneux,Seche,23.3,36.7,35.6,0,0.77
2024-12-10,2024,12,4,345,-0.0,1.0,Nawa,Cacao,Limoneux,Seche,49.9,29.0,61.8,0,1.18
2022-05-30,2022,5,2,150,0.5,-0.866,Nawa,Manioc,Argileux,Pluies,208.3,24.5,80.7,1,16.58
2021-08-02,2021,8,3,214,-0.866,-0.5,Nawa,Maïs,Argileux,Seche,58.7,31.0,66.0,1,1.26
2021-03-15,2021,3,1,74,1.0,0.0,Poro,Anacarde,Sablonneux,Seche,32.4,31.7,35.8,0,0.78
2022-05-24,2022,5,2,144,0.5,-0.866,Haut-Sassandra,Cacao,Limoneux,Pluies,270.2,30.2,84.3,1,1.04
2021-11-28,2021,11,4,332,-0.5,0.866,Poro,Maïs,Sablonneux,Seche,15.8,33.1,46.3,0,1.26
2024-01-22,2024,1,1,22,0.5,0.866,Poro,Anacarde,Limoneux,Seche,2.4,35.8,49.3,0,0.72
2022-11-19,2022,11,4,323,-0.5,0.866,Nawa,Maïs,Argileux,Seche,24.7,32.3,65.5,0,1.21
2022-10-19,2022,10,4,292,-0.866,0.5,Nawa,Maïs,Argileux,Pluies,186.7,26.0,85.0,0,1.74
2024-07-16,2024,7,3,198,-0.5,-0.866,Nawa,Cacao,Argileux,Pluies,166.4,27.6,85.0,0,1.76
2024-10-31,2024,10,4,305,-0.866,0.5,Nawa,Cacao,Limoneux,Pluies,161.6,24.9,83.5,0,1.66
2023-10-25,2023,10,4,298,-0.866,0.5,Haut-Sassandra,Manioc,Argileux,Pluies,161.3,26.5,85.0,0,16.91
2024-03-07,2024,3,1,67,1.0,0.0,Haut-Sassandra,Cacao,Argileux,Seche,55.6,28.8,59.8,0,0.99
2024-06-08,2024,6,2,160,0.0,-1.0,Poro,Anacarde,Sablonneux,Pluies,211.5,30.5,83.2,1,0.83
2022-08-23,2022,8,3,235,-0.866,-0.5,Nawa,Maïs,Sablonneux,Seche,51.4,30.5,79.5,1,1.29
2023-12-12,2023,12,4,346,-0.0,1.0,Poro,Manioc,Limoneux,Seche,13.1,33.7,49.6,0,5.3
2021-11-21,2021,11,4,325,-0.5,0.866,Nawa,Cacao,Argileux,Seche,55.7,27.3,64.0,0,1.2
2023-09-19,2023,9,3,262,-1.0,-0.0,Poro,Anacarde,Limoneux,Pluies,199.9,28.9,73.9,0,1.14
2022-12-18,2022,12,4,352,-0.0,1.0,Haut-Sassandra,Manioc,Sablonneux,Seche,31.1,29.1,64.2,0,12.12
2022-12-24,2022,12,4,358,-0.0,1.0,Poro,Maïs,Argileux,Seche,23.0,36.2,40.2,0,1.43
2021-10-04,2021,10,4,277,-0.866,0.5,Haut-Sassandra,Cacao,Sablonneux,Pluies,192.8,28.0,87.2,0,1.6
2022-06-20,2022,6,2,171,0.0,-1.0,Poro,Anacarde,Limoneux,Pluies,163.1,29.4,64.8,1,0.65
2021-06-01,2021,6,2,152,0.0,-1.0,Poro,Cacao,Sablonneux,Pluies,110.1,28.0,80.4,1,0.7
2023-08-13,2023,8,3,225,-0.866,-0.5,Haut-Sassandra,Cacao,Limoneux,Seche,60.9,30.4,67.4,1,1.05
2021-09-16,2021,9,3,259,-1.0,-0.0,Haut-Sassandra,Cacao,Limoneux,Pluies,178.9,24.8,81.3,1,1.33
2021-11-20,2021,11,4,324,-0.5,0.866,Nawa,Manioc,Argileux,Seche,37.5,28.9,64.3,0,10.26
2023-10-14,2023,10,4,287,-0.866,0.5,Haut-Sassandra,Cacao,Argileux,Pluies,149.4,25.6,82.1,0,1.78
2023-05-19,2023,5,2,139,0.5,-0.866,Nawa,Manioc,Limoneux,Pluies,196.0,26.6,79.8,1,17.57
2024-04-06,2024,4,2,97,0.866,-0.5,Poro,Manioc,Limoneux,Seche,16.5,35.9,45.9,0,6.81
2022-11-19,2022,11,4,323,-0.5,0.866,Nawa,Manioc,Argileux,Seche,52.9,32.6,59.8,0,12.19
2021-11-06,2021,11,4,310,-0.5,0.866,Poro,Anacarde,Limoneux,Seche,7.7,36.1,51.5,0,0.73
2023-03-14,2023,3,1,73,1.0,0.0,Haut-Sassandra,Maïs,Argileux,Seche,21.1,30.8,75.5,0,1.43
2023-12-16,2023,12,4,350,-0.0,1.0,Haut-Sassandra,Cacao,Argileux,Seche,41.9,30.4,73.3,0,1.18
2022-09-12,2022,9,3,255,-1.0,-0.0,Nawa,Manioc,Argileux,Pluies,203.1,29.3,78.5,1,11.85
2022-04-18,2022,4,2,108,0.866,-0.5,Haut-Sassandra,Anacarde,Limoneux,Seche,53.8,30.2,63.7,1,0.35
2024-08-12,2024,8,3,225,-0.866,-0.5,Haut-Sassandra,Cacao,Argileux,Seche,23.4,30.2,72.7,1,1.17
2022-04-06,2022,4,2,96,0.866,-0.5,Nawa,Manioc,Argileux,Seche,75.0,29.9,56.8,1,10.57
2024-09-09,2024,9,3,253,-1.0,-0.0,Nawa,Cacao,Argileux,Pluies,228.6,22.4,89.0,1,1.08
2023-03-25,2023,3,1,84,1.0,0.0,Haut-Sassandra,Cacao,Argileux,Seche,25.9,27.1,79.3,0,1.13
2023-04-26,2023,4,2,116,0.866,-0.5,Poro,Manioc,Sablonneux,Seche,7.7,32.8,43.3,0,5.59
2024-03-10,2024,3,1,70,1.0,0.0,Nawa,Anacarde,Limoneux,Seche,55.8,31.2,69.5,0,0.37
2022-10-29,2022,10,4,302,-0.866,0.5,Poro,Maïs,Argileux,Seche,26.3,33.3,30.8,0,1.26
2021-09-19,2021,9,3,262,-1.0,-0.0,Poro,Anacarde,Limoneux,Pluies,190.6,28.5,77.9,1,1.13
2024-12-14,2024,12,4,349,-0.0,1.0,Poro,Anacarde,Argileux,Seche,1.1,34.6,44.8,1,0.89
2024-06-18,2024,6,2,170,0.0,-1.0,Nawa,Cacao,Argileux,Pluies,158.0,28.9,82.8,0,1.56
2021-12-21,2021,12,4,355,-0.0,1.0,Haut-Sassandra,Manioc,Limoneux,Seche,36.6,32.3,77.3,0,11.18
2023-02-09,2023,2,1,40,0.866,0.5,Nawa,Maïs,Limoneux,Seche,38.8,32.1,65.1,0,1.14
2021-06-29,2021,6,2,180,0.0,-1.0,Haut-Sassandra,Cacao,Limoneux,Pluies,200.3,26.9,82.4,0,1.73
2021-03-07,2021,3,1,66,1.0,0.0,Poro,Anacarde,Sablonneux,Seche,11.9,30.1,44.4,0,0.75
2023-03-31,2023,3,1,90,1.0,0.0,Nawa,Cacao,Argileux,Seche,43.0,30.6,64.5,0,0.92
2024-10-03,2024,10,4,277,-0.866,0.5,Nawa,Manioc,Sablonneux,Pluies,204.2,29.3,89.6,0,13.65
2021-06-20,2021,6,2,171,0.0,-1.0,Haut-Sassandra,Cacao,Limoneux,Pluies,167.0,26.7,89.6,0,1.79
2022-04-19,2022,4,2,109,0.866,-0.5,Nawa,Cacao,Argileux,Seche,42.1,28.6,67.2,1,1.19
2022-06-18,2022,6,2,169,0.0,-1.0,Haut-Sassandra,Cacao,Argileux,Pluies,185.7,31.0,85.0,0,1.31
2024-10-22,2024,10,4,296,-0.866,0.5,Haut-Sassandra,Cacao,Limoneux,Pluies,212.1,26.1,80.5,0,1.73
2024-02-05,2024,2,1,36,0.866,0.5,Poro,Maïs,Argileux,Seche,17.4,36.3,32.7,0,1.24
2022-03-15,2022,3,1,74,1.0,0.0,Poro,Maïs,Sablonneux,Seche,13.6,31.8,36.9,0,1.44
2023-04-15,2023,4,2,105,0.866,-0.5,Nawa,Cacao,Argileux,Seche,55.4,31.0,62.1,1,1.35
2021-08-15,2021,8,3,227,-0.866,-0.5,Haut-Sassandra,Cacao,Limoneux,Seche,28.8,28.5,59.3,1,1.15
2022-03-18,2022,3,1,77,1.0,0.0,Nawa,Cacao,Argileux,Seche,59.4,31.4,67.5,0,1.25
2022-01-31,2022,1,1,31,0.5,0.866,Haut-Sassandra,Maïs,Limoneux,Seche,22.0,31.1,62.4,1,1.33
2022-12-29,2022,12,4,363,-0.0,1.0,Poro,Anacarde,Sablonneux,Seche,18.7,36.4,39.4,0,0.78
2021-03-25,2021,3,1,84,1.0,0.0,Nawa,Anacarde,Limoneux,Seche,22.1,28.4,54.7,0,0.37
2023-11-03,2023,11,4,307,-0.5,0.866,Poro,Maïs,Limoneux,Seche,13.0,38.9,46.0,0,1.11
2022-11-24,2022,11,4,328,-0.5,0.866,Poro,Anacarde,Sablonneux,Seche,0.8,32.5,50.9,0,0.78
2022-05-08,2022,5,2,128,0.5,-0.866,Haut-Sassandra,Cacao,Argileux,Pluies,150.7,28.3,84.1,1,1.53
2024-07-15,2024,7,3,197,-0.5,-0.866,Haut-Sassandra,Cacao,Argileux,Pluies,181.0,27.0,81.9,0,1.34
2024-02-18,2024,2,1,49,0.866,0.5,Nawa,Manioc,Limoneux,Seche,30.3,30.7,77.7,0,12.96
2023-08-28,2023,8,3,240,-0.866,-0.5,Nawa,Manioc,Sablonneux,Seche,43.1,30.2,66.5,1,11.01
2021-12-19,2021,12,4,353,-0.0,1.0,Nawa,Manioc,Limoneux,Seche,68.4,33.8,66.9,0,11.92
2023-12-17,2023,12,4,351,-0.0,1.0,Haut-Sassandra,Manioc,Sablonneux,Seche,23.7,29.8,71.2,0,11.15
2021-02-09,2021,2,1,40,0.866,0.5,Nawa,Cacao,Limoneux,Seche,19.0,30.8,75.2,0,1.15
2024-09-21,2024,9,3,265,-1.0,-0.0,Nawa,Cacao,Argileux,Pluies,178.4,25.2,88.5,1,1.56
2022-10-02,2022,10,4,275,-0.866,0.5,Nawa,Cacao,Limoneux,Pluies,202.7,25.7,91.2,0,1.49
2021-06-22,2021,6,2,173,0.0,-1.0,Nawa,Cacao,Argileux,Pluies,152.7,25.9,86.3,0,1.65
2021-09-16,2021,9,3,259,-1.0,-0.0,Poro,Maïs,Limoneux,Pluies,137.1,29.3,78.3,0,1.37
2022-06-01,2022,6,2,152,0.0,-1.0,Nawa,Cacao,Limoneux,Pluies,167.1,27.4,85.7,0,1.59
2022-12-31,2022,12,4,365,-0.0,1.0,Haut-Sassandra,Cacao,Argileux,Seche,27.6,30.5,70.5,0,1.28
2022-06-07,2022,6,2,158,0.0,-1.0,Nawa,Manioc,Argileux,Pluies,214.2,24.8,93.7,0,20.07
2023-04-19,2023,4,2,109,0.866,-0.5,Haut-Sassandra,Cacao,Argileux,Seche,0.1,29.8,63.8,1,1.27
2021-04-27,2021,4,2,117,0.866,-0.5,Haut-Sassandra,Cacao,Argileux,Seche,104.6,30.1,65.9,1,0.96
2021-07-03,2021,7,3,184,-0.5,-0.866,Nawa,Cacao,Argileux,Pluies,206.3,24.4,88.6,0,1.55
2024-02-14,2024,2,1,45,0.866,0.5,Poro,Anacarde,Sablonneux,Seche,19.3,34.8,45.8,0,0.75
2021-06-11,2021,6,2,162,0.0,-1.0,Nawa,Cacao,Limoneux,Pluies,179.6,27.3,88.3,0,1.6
2022-06-27,2022,6,2,178,0.0,-1.0,Nawa,Maïs,Sablonneux,Pluies,209.9,26.3,83.8,0,1.93
2024-06-14,2024,6,2,166,0.0,-1.0,Poro,Anacarde,Argileux,Pluies,175.8,25.0,73.9,1,1.0
2023-04-19,2023,4,2,109,0.866,-0.5,Nawa,Cacao,Argileux,Seche,65.4,28.0,67.4,1,1.05
2023-12-26,2023,12,4,360,-0.0,1.0,Poro,Maïs,Limoneux,Seche,14.5,32.8,39.1,0,1.35
2023-12-30,2023,12,4,364,-0.0,1.0,Haut-Sassandra,Maïs,Sablonneux,Seche,34.1,32.5,64.7,0,1.27
2022-03-23,2022,3,1,82,1.0,0.0,Poro,Anacarde,Limoneux,Seche,8.6,32.2,58.1,0,0.75
2022-02-20,2022,2,1,51,0.866,0.5,Poro,Manioc,Limoneux,Seche,25.3,31.2,37.6,0,6.72
2022-06-16,2022,6,2,167,0.0,-1.0,Nawa,Cacao,Limoneux,Pluies,130.2,26.5,86.0,0,1.74
2022-03-17,2022,3,1,76,1.0,0.0,Haut-Sassandra,Cacao,Limoneux,Seche,70.7,29.0,65.8,0,1.07
2023-01-08,2023,1,1,8,0.5,0.866,Haut-Sassandra,Maïs,Sablonneux,Seche,28.2,26.1,62.6,0,1.16
2022-04-09,2022,4,2,99,0.866,-0.5,Nawa,Manioc,Limoneux,Seche,59.7,27.9,69.6,1,11.89
2022-01-31,2022,1,1,31,0.5,0.866,Haut-Sassandra,Cacao,Argileux,Seche,41.8,28.8,71.7,1,1.02
2022-12-12,2022,12,4,346,-0.0,1.0,Poro,Manioc,Limoneux,Seche,0.1,32.7,51.5,0,6.21
2022-01-30,2022,1,1,30,0.5,0.866,Haut-Sassandra,Cacao,Argileux,Seche,43.8,31.4,71.7,0,1.16
2021-11-22,2021,11,4,326,-0.5,0.866,Nawa,Cacao,Argileux,Seche,41.6,29.8,75.9,0,1.1
2024-01-20,2024,1,1,20,0.5,0.866,Haut-Sassandra,Manioc,Sablonneux,Seche,96.7,31.7,81.2,0,11.41
2023-01-20,2023,1,1,20,0.5,0.866,Poro,Manioc,Argileux,Seche,15.2,32.9,43.0,0,5.82
2023-12-30,2023,12,4,364,-0.0,1.0,Haut-Sassandra,Maïs,Limoneux,Seche,12.4,30.9,74.7,0,1.24
2024-04-04,2024,4,2,95,0.866,-0.5,Poro,Anacarde,Sablonneux,Seche,17.0,31.0,31.1,0,0.78
2022-10-04,2022,10,4,277,-0.866,0.5,Poro,Anacarde,Sablonneux,Seche,0.0,35.0,42.4,0,0.65
2021-08-02,2021,8,3,214,-0.866,-0.5,Haut-Sassandra,Maïs,Argileux,Seche,57.8,33.7,70.6,1,1.26
2024-09-20,2024,9,3,264,-1.0,-0.0,Nawa,Cacao,Sablonneux,Pluies,182.5,29.8,85.2,1,1.13
2022-01-04,2022,1,1,4,0.5,0.866,Nawa,Cacao,Argileux,Seche,62.1,31.1,86.5,0,1.1
2021-02-18,2021,2,1,49,0.866,0.5,Nawa,Manioc,Limoneux,Seche,92.0,31.4,70.0,0,12.09
2023-12-12,2023,12,4,346,-0.0,1.0,Poro,Anacarde,Sablonneux,Seche,17.4,33.7,37.1,0,0.8
2024-08-05,2024,8,3,218,-0.866,-0.5,Nawa,Cacao,Argileux,Seche,20.1,28.2,57.8,1,1.09
2024-06-16,2024,6,2,168,0.0,-1.0,Poro,Manioc,Sablonneux,Pluies,107.1,26.4,78.2,1,6.31
2021-05-13,2021,5,2,133,0.5,-0.866,Haut-Sassandra,Cacao,Sablonneux,Pluies,171.2,25.8,90.2,1,1.58
2023-09-26,2023,9,3,269,-1.0,-0.0,Haut-Sassandra,Manioc,Limoneux,Pluies,223.4,24.7,83.5,1,16.3
2023-02-25,2023,2,1,56,0.866,0.5,Haut-Sassandra,Anacarde,Argileux,Seche,52.1,31.6,75.1,0,0.43
2024-04-04,2024,4,2,95,0.866,-0.5,Nawa,Manioc,Limoneux,Seche,47.7,30.4,65.3,1,9.81
2024-10-29,2024,10,4,303,-0.866,0.5,Nawa,Maïs,Argileux,Pluies,168.8,27.9,83.6,0,2.21
2022-01-08,2022,1,1,8,0.5,0.866,Haut-Sassandra,Maïs,Sablonneux,Seche,67.6,31.1,59.9,0,1.26
2022-04-24,2022,4,2,114,0.866,-0.5,Poro,Anacarde,Argileux,Seche,0.0,34.2,47.3,0,0.91
2023-04-12,2023,4,2,102,0.866,-0.5,Haut-Sassandra,Cacao,Argileux,Seche,51.3,27.2,72.6,1,1.19
2022-10-12,2022,10,4,285,-0.866,0.5,Haut-Sassandra,Cacao,Sablonneux,Pluies,297.8,25.9,86.6,0,1.16
2022-11-13,2022,11,4,317,-0.5,0.866,Nawa,Manioc,Sablonneux,Seche,25.7,28.5,69.5,0,13.23
2022-11-19,2022,11,4,323,-0.5,0.866,Nawa,Cacao,Argileux,Seche,65.1,33.8,75.5,0,1.09
2024-08-16,2024,8,3,229,-0.866,-0.5,Poro,Maïs,Argileux,Pluies,206.2,30.3,74.3,0,1.32
2021-03-23,2021,3,1,82,1.0,0.0,Nawa,Manioc,Sablonneux,Seche,44.9,30.9,81.7,0,12.48
2021-03-28,2021,3,1,87,1.0,0.0,Nawa,Cacao,Limoneux,Seche,0.0,31.4,65.4,0,0.98
2021-08-13,2021,8,3,225,-0.866,-0.5,Poro,Anacarde,Sablonneux,Pluies,174.3,29.3,74.3,0,0.84
2021-01-16,2021,1,1,16,0.5,0.866,Poro,Manioc,Sablonneux,Seche,11.6,36.7,41.9,0,5.88
2023-04-02,2023,4,2,92,0.866,-0.5,Haut-Sassandra,Cacao,Limoneux,Seche,50.5,28.0,67.5,1,1.22
2024-10-13,2024,10,4,287,-0.866,0.5,Poro,Anacarde,Limoneux,Seche,17.8,40.9,40.0,0,0.75
2021-06-12,2021,6,2,163,0.0,-1.0,Poro,Manioc,Sablonneux,Pluies,147.4,27.4,65.4,1,9.06
2022-05-29,2022,5,2,149,0.5,-0.866,Haut-Sassandra,Maïs,Limoneux,Pluies,232.9,28.7,84.8,1,1.18
2021-12-16,2021,12,4,350,-0.0,1.0,Nawa,Maïs,Limoneux,Seche,43.0,29.8,55.9,0,1.42
2022-11-12,2022,11,4,316,-0.5,0.866,Haut-Sassandra,Cacao,Limoneux,Seche,17.4,30.4,70.7,0,1.18
2024-10-30,2024,10,4,304,-0.866,0.5,Poro,Maïs,Limoneux,Seche,3.6,32.9,39.0,0,1.18
2024-01-21,2024,1,1,21,0.5,0.866,Haut-Sassandra,Maïs,Argileux,Seche,38.2,32.0,67.0,0,1.37
2021-06-30,2021,6,2,181,0.0,-1.0,Poro,Anacarde,Sablonneux,Pluies,200.9,28.8,77.3,1,1.13
2023-01-13,2023,1,1,13,0.5,0.866,Poro,Maïs,Sablonneux,Seche,8.6,37.8,41.4,0,1.31
2024-08-17,2024,8,3,230,-0.866,-0.5,Poro,Maïs,Sablonneux,Pluies,250.5,28.8,87.2,0,1.05
2022-10-22,2022,10,4,295,-0.866,0.5,Nawa,Cacao,Argileux,Pluies,161.4,26.2,84.3,0,1.55
2024-04-27,2024,4,2,118,0.866,-0.5,Nawa,Cacao,Limoneux,Seche,43.4,31.1,71.3,1,0.91
2024-08-30,2024,8,3,243,-0.866,-0.5,Nawa,Cacao,Argileux,Seche,69.9,32.9,55.0,1,1.21
2022-05-08,2022,5,2,128,0.5,-0.866,Haut-Sassandra,Maïs,Limoneux,Pluies,111.8,23.5,81.9,1,1.98
2023-07-12,2023,7,3,193,-0.5,-0.866,Nawa,Maïs,Argileux,Pluies,148.2,24.4,84.3,0,2.09
2021-05-08,2021,5,2,128,0.5,-0.866,Poro,Manioc,Argileux,Seche,8.8,37.3,41.2,1,5.96
2024-12-20,2024,12,4,355,-0.0,1.0,Poro,Maïs,Argileux,Seche,2.0,35.4,31.6,0,1.09
2022-07-19,2022,7,3,200,-0.5,-0.866,Poro,Anacarde,Argileux,Pluies,179.3,30.1,76.7,0,0.61
2024-04-25,2024,4,2,116,0.866,-0.5,Poro,Anacarde,Sablonneux,Seche,21.5,35.5,46.4,0,0.82
2022-07-04,2022,7,3,185,-0.5,-0.866,Poro,Anacarde,Limoneux,Pluies,136.0,30.1,72.4,0,0.78
2022-03-29,2022,3,1,88,1.0,0.0,Haut-Sassandra,Cacao,Limoneux,Seche,55.4,29.6,59.4,0,1.13
2022-04-16,2022,4,2,106,0.866,-0.5,Poro,Cacao,Sablonneux,Seche,12.5,35.8,35.9,0,0.64
2023-09-15,2023,9,3,258,-1.0,-0.0,Haut-Sassandra,Cacao,Argileux,Pluies,173.1,26.2,85.5,1,1.56
2023-01-08,2023,1,1,8,0.5,0.866,Nawa,Cacao,Argileux,Seche,12.3,32.5,76.5,0,1.07
2021-08-12,2021,8,3,224,-0.866,-0.5,Nawa,Cacao,Sablonneux,Seche,72.6,29.6,72.4,1,0.86
2021-06-03,2021,6,2,154,0.0,-1.0,Haut-Sassandra,Cacao,Limoneux,Pluies,159.9,27.5,90.6,0,1.63
2022-07-14,2022,7,3,195,-0.5,-0.866,Poro,Maïs,Limoneux,Pluies,170.1,26.8,67.5,0,1.77
2021-12-17,2021,12,4,351,-0.0,1.0,Poro,Anacarde,Limoneux,Seche,24.1,35.8,32.2,0,0.72
2024-03-16,2024,3,1,76,1.0,0.0,Poro,Anacarde,Limoneux,Seche,0.0,35.9,40.8,0,0.88
2021-12-15,2021,12,4,349,-0.0,1.0,Haut-Sassandra,Cacao,Sablonneux,Seche,30.0,28.3,69.8,0,1.12
2021-07-01,2021,7,3,182,-0.5,-0.866,Haut-Sassandra,Cacao,Argileux,Pluies,164.8,23.8,87.0,0,1.78
2022-09-29,2022,9,3,272,-1.0,-0.0,Haut-Sassandra,Cacao,Limoneux,Pluies,211.8,25.4,92.4,1,1.31
2023-10-15,2023,10,4,288,-0.866,0.5,Poro,Manioc,Limoneux,Seche,12.1,36.2,48.7,0,5.9
2021-06-28,2021,6,2,179,0.0,-1.0,Haut-Sassandra,Manioc,Sablonneux,Pluies,213.7,27.0,85.4,0,18.36
2023-11-29,2023,11,4,333,-0.5,0.866,Poro,Anacarde,Argileux,Seche,18.9,31.0,43.5,0,0.6
2023-02-11,2023,2,1,42,0.866,0.5,Poro,Anacarde,Sablonneux,Seche,37.6,35.7,45.0,0,0.74
2023-06-13,2023,6,2,164,0.0,-1.0,Poro,Manioc,Sablonneux,Pluies,120.3,26.4,72.7,1,9.52
2023-10-24,2023,10,4,297,-0.866,0.5,Poro,Anacarde,Argileux,Seche,4.1,32.7,46.1,0,0.72
2023-10-13,2023,10,4,286,-0.866,0.5,Nawa,Cacao,Limoneux,Pluies,232.5,27.7,84.8,0,1.16
2021-03-05,2021,3,1,64,1.0,0.0,Nawa,Cacao,Limoneux,Seche,41.6,30.4,60.7,0,1.14
2021-01-29,2021,1,1,29,0.5,0.866,Nawa,Cacao,Limoneux,Seche,45.2,25.8,69.7,0,1.27
2022-01-07,2022,1,1,7,0.5,0.866,Poro,Manioc,Limoneux,Seche,6.1,32.7,33.0,0,6.11
2021-04-07,2021,4,2,97,0.866,-0.5,Haut-Sassandra,Cacao,Argileux,Seche,32.5,32.2,68.8,1,1.11
2024-05-11,2024,5,2,132,0.5,-0.866,Haut-Sassandra,Maïs,Sablonneux,Pluies,218.1,26.7,85.5,1,1.8
2024-12-05,2024,12,4,340,-0.0,1.0,Poro,Anacarde,Sablonneux,Seche,8.6,33.4,43.2,0,0.79
2023-09-20,2023,9,3,263,-1.0,-0.0,Haut-Sassandra,Cacao,Argileux,Pluies,234.4,23.7,88.1,1,1.05
2021-01-21,2021,1,1,21,0.5,0.866,Poro,Maïs,Limoneux,Seche,3.7,32.9,55.0,0,1.29
2023-01-05,2023,1,1,5,0.5,0.866,Haut-Sassandra,Manioc,Limoneux,Seche,45.7,29.9,54.9,0,12.49
2024-01-31,2024,1,1,31,0.5,0.866,Nawa,Cacao,Argileux,Seche,54.9,34.5,72.6,0,1.12
2023-12-06,2023,12,4,340,-0.0,1.0,Haut-Sassandra,Maïs,Sablonneux,Seche,15.2,28.3,65.9,0,1.36
2021-03-07,2021,3,1,66,1.0,0.0,Poro,Manioc,Argileux,Seche,8.2,31.1,41.1,0,6.45
2022-08-26,2022,8,3,238,-0.866,-0.5,Poro,Maïs,Sablonneux,Pluies,164.1,27.0,79.2,0,1.82
2024-04-02,2024,4,2,93,0.866,-0.5,Poro,Anacarde,Sablonneux,Seche,6.8,31.2,29.2,0,0.78
2024-02-09,2024,2,1,40,0.866,0.5,Haut-Sassandra,Cacao,Sablonneux,Seche,33.5,29.8,61.2,0,1.2
2021-12-04,2021,12,4,338,-0.0,1.0,Haut-Sassandra,Cacao,Limoneux,Seche,55.9,29.2,52.9,0,1.33
2021-05-03,2021,5,2,123,0.5,-0.866,Haut-Sassandra,Manioc,Limoneux,Pluies,160.6,27.5,84.5,1,17.58
2022-03-23,2022,3,1,82,1.0,0.0,Poro,Maïs,Sablonneux,Seche,14.0,33.3,42.5,0,1.24
2022-09-03,2022,9,3,246,-1.0,-0.0,Nawa,Cacao,Argileux,Pluies,157.5,25.4,88.1,1,1.56
2024-08-07,2024,8,3,220,-0.866,-0.5,Haut-Sassandra,Manioc,Limoneux,Seche,50.7,33.0,77.2,1,13.13
2022-11-02,2022,11,4,306,-0.5,0.866,Nawa,Manioc,Limoneux,Seche,11.9,27.2,69.3,0,12.35
2024-12-06,2024,12,4,341,-0.0,1.0,Haut-Sassandra,Cacao,Limoneux,Seche,48.6,35.1,76.7,0,1.17
2022-09-07,2022,9,3,250,-1.0,-0.0,Nawa,Manioc,Argileux,Pluies,213.2,24.7,91.0,1,18.32
2023-06-16,2023,6,2,167,0.0,-1.0,Poro,Anacarde,Limoneux,Pluies,152.1,27.1,78.7,1,1.08
2021-10-08,2021,10,4,281,-0.866,0.5,Nawa,Manioc,Argileux,Pluies,228.4,25.8,79.5,0,16.81
2023-12-03,2023,12,4,337,-0.0,1.0,Haut-Sassandra,Cacao,Limoneux,Seche,46.1,32.7,65.4,0,0.99
2022-08-19,2022,8,3,231,-0.866,-0.5,Nawa,Cacao,Argileux,Seche,38.9,28.3,68.3,1,1.13
2022-12-04,2022,12,4,338,-0.0,1.0,Nawa,Cacao,Argileux,Seche,30.6,27.9,64.2,0,1.04
2023-12-11,2023,12,4,345,-0.0,1.0,Nawa,Cacao,Sablonneux,Seche,35.0,30.0,69.4,0,1.14
2021-07-29,2021,7,3,210,-0.5,-0.866,Haut-Sassandra,Maïs,Limoneux,Pluies,197.0,23.9,85.7,1,1.83
2021-05-06,2021,5,2,126,0.5,-0.866,Nawa,Cacao,Limoneux,Pluies,188.4,28.6,85.7,1,1.52
2022-05-07,2022,5,2,127,0.5,-0.866,Haut-Sassandra,Maïs,Sablonneux,Pluies,217.9,24.4,82.5,1,2.11
2023-08-18,2023,8,3,230,-0.866,-0.5,Haut-Sassandra,Cacao,Argileux,Seche,38.1,28.6,72.7,1,1.06
2023-08-28,2023,8,3,240,-0.866,-0.5,Haut-Sassandra,Cacao,Limoneux,Seche,0.0,29.0,67.1,1,1.11
2022-08-04,2022,8,3,216,-0.866,-0.5,Nawa,Anacarde,Limoneux,Seche,59.1,28.0,62.7,1,0.36
2023-02-16,2023,2,1,47,0.866,0.5,Haut-Sassandra,Maïs,Argileux,Seche,74.4,32.2,62.8,0,1.27
2021-09-15,2021,9,3,258,-1.0,-0.0,Poro,Anacarde,Sablonneux,Pluies,150.3,29.5,82.5,0,0.84
2024-04-26,2024,4,2,117,0.866,-0.5,Haut-Sassandra,Cacao,Limoneux,Seche,35.2,29.1,71.3,1,1.17
2021-08-18,2021,8,3,230,-0.866,-0.5,Haut-Sassandra,Cacao,Limoneux,Seche,37.8,29.5,71.2,1,1.13
2021-07-08,2021,7,3,189,-0.5,-0.866,Poro,Manioc,Sablonneux,Pluies,170.2,28.8,66.7,0,8.83
2024-12-09,2024,12,4,344,-0.0,1.0,Poro,Maïs,Limoneux,Seche,19.4,32.7,55.4,0,1.3
2021-01-10,2021,1,1,10,0.5,0.866,Haut-Sassandra,Cacao,Limoneux,Seche,53.3,31.3,68.1,0,1.03
2024-02-12,2024,2,1,43,0.866,0.5,Poro,Maïs,Sablonneux,Seche,12.7,36.6,60.0,0,1.15
2024-01-05,2024,1,1,5,0.5,0.866,Poro,Maïs,Sablonneux,Seche,6.2,33.5,35.8,0,1.24
2022-11-07,2022,11,4,311,-0.5,0.866,Haut-Sassandra,Anacarde,Sablonneux,Seche,48.6,28.7,65.7,0,0.42
2022-05-17,2022,5,2,137,0.5,-0.866,Haut-Sassandra,Manioc,Limoneux,Pluies,182.7,25.4,85.8,1,16.53
2021-03-26,2021,3,1,85,1.0,0.0,Haut-Sassandra,Cacao,Limoneux,Seche,65.2,32.7,70.5,0,1.05
2021-02-18,2021,2,1,49,0.866,0.5,Nawa,Manioc,Argileux,Seche,77.0,27.3,72.7,0,12.54
2023-04-18,2023,4,2,108,0.866,-0.5,Nawa,Cacao,Limoneux,Seche,61.6,29.1,66.9,1,1.11
2023-10-05,2023,10,4,278,-0.866,0.5,Poro,Maïs,Argileux,Seche,19.4,30.8,47.8,0,1.17
2022-11-20,2022,11,4,324,-0.5,0.866,Haut-Sassandra,Cacao,Limoneux,Seche,12.2,30.8,67.6,0,1.16
2022-01-22,2022,1,1,22,0.5,0.866,Poro,Anacarde,Limoneux,Seche,11.6,33.4,34.7,0,0.9
2023-08-28,2023,8,3,240,-0.866,-0.5,Nawa,Maïs,Sablonneux,Seche,70.0,34.0,59.9,0,1.06
2024-11-13,2024,11,4,318,-0.5,0.866,Haut-Sassandra,Cacao,Argileux,Seche,38.0,31.3,74.7,0,1.13
2023-10-03,2023,10,4,276,-0.866,0.5,Haut-Sassandra,Manioc,Argileux,Pluies,194.7,23.1,87.2,0,17.35
2021-08-06,2021,8,3,218,-0.866,-0.5,Nawa,Cacao,Argileux,Seche,53.7,32.4,76.2,1,1.13
2023-10-02,2023,10,4,275,-0.866,0.5,Poro,Manioc,Sablonneux,Seche,8.9,33.7,45.4,0,5.55
2024-10-01,2024,10,4,275,-0.866,0.5,Poro,Anacarde,Sablonneux,Seche,9.1,38.9,47.4,0,0.77
2024-06-07,2024,6,2,159,0.0,-1.0,Poro,Manioc,Sablonneux,Pluies,137.1,27.7,73.3,1,10.39
2021-09-12,2021,9,3,255,-1.0,-0.0,Haut-Sassandra,Cacao,Sablonneux,Pluies,203.5,26.7,89.1,1,1.66
2021-08-24,2021,8,3,236,-0.866,-0.5,Poro,Anacarde,Limoneux,Pluies,166.6,26.3,71.8,0,1.07
2023-11-16,2023,11,4,320,-0.5,0.866,Poro,Maïs,Limoneux,Seche,18.6,33.3,39.4,0,1.42
2024-07-08,2024,7,3,190,-0.5,-0.866,Nawa,Cacao,Argileux,Pluies,276.9,24.7,87.8,0,1.08
2021-09-28,2021,9,3,271,-1.0,-0.0,Haut-Sassandra,Cacao,Limoneux,Pluies,247.1,26.0,80.2,1,1.25
2021-05-03,2021,5,2,123,0.5,-0.866,Poro,Anacarde,Argileux,Seche,4.2,36.7,46.1,1,0.78
2022-10-18,2022,10,4,291,-0.866,0.5,Nawa,Anacarde,Sablonneux,Pluies,183.6,25.9,87.3,0,0.59
2024-07-04,2024,7,3,186,-0.5,-0.866,Haut-Sassandra,Maïs,Sablonneux,Pluies,213.4,28.3,93.1,0,1.88
2024-12-15,2024,12,4,350,-0.0,1.0,Haut-Sassandra,Cacao,Argileux,Seche,64.4,27.8,66.4,0,1.01
2021-09-16,2021,9,3,259,-1.0,-0.0,Haut-Sassandra,Manioc,Limoneux,Pluies,148.4,26.6,88.4,1,17.68
2023-08-06,2023,8,3,218,-0.866,-0.5,Haut-Sassandra,Cacao,Argileux,Seche,43.5,28.2,63.7,1,1.16
2021-02-16,2021,2,1,47,0.866,0.5,Nawa,Manioc,Limoneux,Seche,45.1,28.7,74.4,1,10.82
2023-05-13,2023,5,2,133,0.5,-0.866,Haut-Sassandra,Cacao,Sablonneux,Pluies,196.5,28.3,87.3,1,1.75
2022-06-09,2022,6,2,160,0.0,-1.0,Poro,Maïs,Limoneux,Pluies,124.9,31.2,83.3,1,1.35
2023-06-07,2023,6,2,158,0.0,-1.0,Poro,Maïs,Argileux,Pluies,133.7,28.7,72.2,1,1.96
2021-07-27,2021,7,3,208,-0.5,-0.866,Haut-Sassandra,Anacarde,Argileux,Pluies,133.0,25.8,84.4,0,0.56
2024-08-27,2024,8,3,240,-0.866,-0.5,Poro,Anacarde,Sablonneux,Pluies,139.2,28.4,81.7,0,1.06
2023-01-17,2023,1,1,17,0.5,0.866,Nawa,Cacao,Limoneux,Seche,24.0,27.8,63.0,0,1.17
2021-05-29,2021,5,2,149,0.5,-0.866,Haut-Sassandra,Manioc,Sablonneux,Pluies,165.0,25.9,91.0,1,17.67
2022-03-14,2022,3,1,73,1.0,0.0,Nawa,Cacao,Limoneux,Seche,28.8,29.0,61.8,0,1.02
2021-06-04,2021,6,2,155,0.0,-1.0,Haut-Sassandra,Maïs,Limoneux,Pluies,194.2,24.4,79.8,0,1.6
2024-01-19,2024,1,1,19,0.5,0.866,Poro,Manioc,Sablonneux,Seche,2.6,34.6,38.6,0,4.43
2021-12-24,2021,12,4,358,-0.0,1.0,Haut-Sassandra,Maïs,Argileux,Seche,64.7,29.8,69.7,0,1.23
2024-04-12,2024,4,2,103,0.866,-0.5,Poro,Maïs,Limoneux,Seche,2.9,35.1,50.2,0,1.34
2024-05-25,2024,5,2,146,0.5,-0.866,Nawa,Cacao,Limoneux,Pluies,225.0,28.6,89.4,1,1.66
2022-04-01,2022,4,2,91,0.866,-0.5,Poro,Anacarde,Sablonneux,Seche,1.5,32.0,43.0,0,0.64
2023-02-15,2023,2,1,46,0.866,0.5,Nawa,Manioc,Sablonneux,Seche,40.9,31.3,69.9,0,10.62
2022-09-21,2022,9,3,264,-1.0,-0.0,Nawa,Cacao,Limoneux,Pluies,187.2,27.9,81.5,1,1.64
2024-05-07,2024,5,2,128,0.5,-0.866,Haut-Sassandra,Anacarde,Sablonneux,Pluies,167.9,27.5,88.9,1,0.61
2023-04-12,2023,4,2,102,0.866,-0.5,Haut-Sassandra,Cacao,Argileux,Seche,42.7,29.0,66.7,1,1.06
2022-05-01,2022,5,2,121,0.5,-0.866,Nawa,Manioc,Argileux,Pluies,158.4,29.1,93.1,1,11.45
2022-06-17,2022,6,2,168,0.0,-1.0,Poro,Anacarde,Sablonneux,Pluies,207.1,24.4,71.2,1,1.18
2021-07-19,2021,7,3,200,-0.5,-0.866,Haut-Sassandra,Manioc,Limoneux,Pluies,220.3,27.0,89.0,0,16.44
2022-01-06,2022,1,1,6,0.5,0.866,Haut-Sassandra,Cacao,Argileux,Seche,48.2,27.8,66.1,0,1.23
2023-10-11,2023,10,4,284,-0.866,0.5,Nawa,Manioc,Argileux,Pluies,202.6,26.8,82.7,0,19.08
2023-05-03,2023,5,2,123,0.5,-0.866,Poro,Anacarde,Sablonneux,Seche,11.1,37.2,43.3,1,0.73
2021-09-05,2021,9,3,248,-1.0,-0.0,Haut-Sassandra,Manioc,Sablonneux,Pluies,215.2,26.0,85.1,1,19.07
2023-02-27,2023,2,1,58,0.866,0.5,Nawa,Manioc,Argileux,Seche,2.0,30.4,74.3,0,11.56
2021-09-21,2021,9,3,264,-1.0,-0.0,Haut-Sassandra,Anacarde,Argileux,Pluies,178.4,25.9,88.1,1,0.61
2023-12-18,2023,12,4,352,-0.0,1.0,Poro,Maïs,Sablonneux,Seche,1.6,36.1,53.8,0,1.15
2024-08-18,2024,8,3,231,-0.866,-0.5,Nawa,Cacao,Argileux,Seche,59.7,29.9,65.7,1,1.23
2021-01-31,2021,1,1,31,0.5,0.866,Nawa,Maïs,Limoneux,Seche,42.1,29.0,62.2,0,1.25
2024-06-26,2024,6,2,178,0.0,-1.0,Nawa,Manioc,Argileux,Pluies,199.8,24.9,85.7,0,17.9
2022-08-28,2022,8,3,240,-0.866,-0.5,Haut-Sassandra,Cacao,Argileux,Seche,37.6,30.7,67.5,1,1.05
2024-07-18,2024,7,3,200,-0.5,-0.866,Haut-Sassandra,Manioc,Argileux,Pluies,262.3,28.8,81.5,0,11.82
2024-11-18,2024,11,4,323,-0.5,0.866,Nawa,Manioc,Argileux,Seche,64.1,31.9,64.4,0,12.14
2022-05-17,2022,5,2,137,0.5,-0.866,Poro,Anacarde,Sablonneux,Seche,1.5,34.1,41.3,1,0.68
2024-01-13,2024,1,1,13,0.5,0.866,Haut-Sassandra,Cacao,Sablonneux,Seche,48.4,31.3,61.2,0,1.18
2024-10-20,2024,10,4,294,-0.866,0.5,Haut-Sassandra,Anacarde,Argileux,Pluies,171.8,26.5,84.3,0,0.59
2023-06-05,2023,6,2,156,0.0,-1.0,Haut-Sassandra,Cacao,Limoneux,Pluies,242.8,23.6,83.2,0,1.21
2022-07-03,2022,7,3,184,-0.5,-0.866,Haut-Sassandra,Manioc,Argileux,Pluies,216.9,23.9,85.3,0,17.46
2024-09-27,2024,9,3,271,-1.0,-0.0,Nawa,Cacao,Argileux,Pluies,189.3,24.7,83.9,1,1.74
2023-04-19,2023,4,2,109,0.866,-0.5,Nawa,Manioc,Argileux,Seche,33.1,28.4,63.0,1,12.06
2024-12-01,2024,12,4,336,-0.0,1.0,Haut-Sassandra,Maïs,Limoneux,Seche,36.1,32.0,56.0,0,1.34
2024-12-19,2024,12,4,354,-0.0,1.0,Nawa,Manioc,Argileux,Seche,79.4,28.3,60.2,0,10.21
2024-01-22,2024,1,1,22,0.5,0.866,Nawa,Cacao,Limoneux,Seche,21.8,35.5,64.9,0,1.06
2023-04-28,2023,4,2,118,0.866,-0.5,Poro,Manioc,Limoneux,Seche,14.2,37.3,42.4,0,6.24
2022-09-06,2022,9,3,249,-1.0,-0.0,Haut-Sassandra,Anacarde,Limoneux,Pluies,139.5,28.7,85.3,1,0.54
2022-02-16,2022,2,1,47,0.866,0.5,Poro,Manioc,Sablonneux,Seche,4.1,31.1,37.7,0,6.36
2022-03-08,2022,3,1,67,1.0,0.0,Nawa,Manioc,Argileux,Seche,63.4,25.9,71.3,0,13.82
2022-11-09,2022,11,4,313,-0.5,0.866,Nawa,Maïs,Argileux,Seche,23.3,30.7,65.3,0,1.26
2021-06-08,2021,6,2,159,0.0,-1.0,Poro,Maïs,Sablonneux,Pluies,144.5,29.4,69.2,1,1.24
2021-01-14,2021,1,1,14,0.5,0.866,Haut-Sassandra,Cacao,Argileux,Seche,74.8,29.4,65.0,0,1.15
2022-01-08,2022,1,1,8,0.5,0.866,Poro,Manioc,Sablonneux,Seche,2.0,31.8,48.0,0,6.78
2021-08-13,2021,8,3,225,-0.866,-0.5,Haut-Sassandra,Manioc,Argileux,Seche,61.2,28.4,65.2,1,10.83
2024-01-02,2024,1,1,2,0.5,0.866,Haut-Sassandra,Manioc,Limoneux,Seche,58.2,33.6,66.4,0,13.23
2024-06-26,2024,6,2,178,0.0,-1.0,Nawa,Cacao,Argileux,Pluies,145.5,27.4,94.1,0,1.56
2022-05-26,2022,5,2,146,0.5,-0.866,Nawa,Maïs,Limoneux,Pluies,292.9,26.5,91.5,1,1.09
2022-08-26,2022,8,3,238,-0.866,-0.5,Haut-Sassandra,Cacao,Limoneux,Seche,32.6,29.4,71.0,1,1.12
2021-08-04,2021,8,3,216,-0.866,-0.5,Nawa,Maïs,Limoneux,Seche,55.3,24.4,67.6,1,1.33
2023-09-15,2023,9,3,258,-1.0,-0.0,Haut-Sassandra,Maïs,Limoneux,Pluies,215.1,27.3,87.4,1,1.74
2024-05-28,2024,5,2,149,0.5,-0.866,Haut-Sassandra,Cacao,Argileux,Pluies,243.9,28.3,85.4,1,1.04
2023-04-20,2023,4,2,110,0.866,-0.5,Haut-Sassandra,Manioc,Argileux,Seche,58.9,32.2,67.5,1,12.67
2022-12-28,2022,12,4,362,-0.0,1.0,Nawa,Cacao,Argileux,Seche,36.4,30.3,69.6,0,1.15
2024-05-29,2024,5,2,150,0.5,-0.866,Haut-Sassandra,Anacarde,Limoneux,Pluies,109.9,27.8,92.2,1,0.42
2024-11-13,2024,11,4,318,-0.5,0.866,Nawa,Manioc,Limoneux,Seche,53.8,27.2,69.9,0,11.08
2022-07-08,2022,7,3,189,-0.5,-0.866,Poro,Maïs,Limoneux,Pluies,156.5,31.4,79.5,0,1.21
2023-12-02,2023,12,4,336,-0.0,1.0,Haut-Sassandra,Cacao,Argileux,Seche,48.7,30.1,67.6,0,0.81
2022-11-07,2022,11,4,311,-0.5,0.866,Haut-Sassandra,Maïs,Limoneux,Seche,46.5,29.3,77.0,0,1.31
2023-05-23,2023,5,2,143,0.5,-0.866,Haut-Sassandra,Cacao,Limoneux,Pluies,138.0,27.8,86.0,1,1.69
2021-10-10,2021,10,4,283,-0.866,0.5,Poro,Anacarde,Sablonneux,Seche,13.7,34.3,41.6,0,0.84
2023-12-18,2023,12,4,352,-0.0,1.0,Haut-Sassandra,Cacao,Argileux,Seche,29.3,28.9,67.9,0,0.98
2023-04-14,2023,4,2,104,0.866,-0.5,Poro,Maïs,Sablonneux,Seche,9.9,33.8,39.3,0,1.22
2022-06-21,2022,6,2,172,0.0,-1.0,Nawa,Maïs,Limoneux,Pluies,196.2,27.5,93.7,0,1.77
2024-01-02,2024,1,1,2,0.5,0.866,Poro,Anacarde,Argileux,Seche,7.0,33.5,37.2,0,0.83
2023-07-12,2023,7,3,193,-0.5,-0.866,Haut-Sassandra,Maïs,Argileux,Pluies,171.4,27.8,86.1,0,1.84
2024-02-27,2024,2,1,58,0.866,0.5,Haut-Sassandra,Manioc,Argileux,Seche,54.1,33.0,73.7,0,11.24
2023-04-22,2023,4,2,112,0.866,-0.5,Haut-Sassandra,Cacao,Limoneux,Seche,21.6,29.1,63.6,1,1.18
2024-12-20,2024,12,4,355,-0.0,1.0,Nawa,Maïs,Argileux,Seche,53.8,29.9,72.9,0,1.44
2023-08-06,2023,8,3,218,-0.866,-0.5,Nawa,Cacao,Argileux,Seche,46.9,32.3,66.8,1,1.06
2022-10-27,2022,10,4,300,-0.866,0.5,Poro,Manioc,Sablonneux,Seche,20.5,30.2,37.1,0,6.62
2024-02-23,2024,2,1,54,0.866,0.5,Poro,Manioc,Sablonneux,Seche,17.6,30.7,55.2,0,5.69
2021-03-08,2021,3,1,67,1.0,0.0,Nawa,Cacao,Argileux,Seche,21.2,32.2,61.4,0,1.05
2021-01-06,2021,1,1,6,0.5,0.866,Poro,Manioc,Limoneux,Seche,13.6,35.3,48.6,0,6.28
2022-09-29,2022,9,3,272,-1.0,-0.0,Nawa,Cacao,Argileux,Pluies,201.1,26.1,83.9,1,1.44
2021-11-10,2021,11,4,314,-0.5,0.866,Poro,Anacarde,Sablonneux,Seche,6.1,34.0,40.3,0,0.77
2024-09-11,2024,9,3,255,-1.0,-0.0,Poro,Manioc,Limoneux,Pluies,166.5,25.4,74.9,0,7.85
2022-07-19,2022,7,3,200,-0.5,-0.866,Poro,Manioc,Sablonneux,Pluies,153.7,30.5,76.1,0,5.74
2023-04-06,2023,4,2,96,0.866,-0.5,Haut-Sassandra,Cacao,Sablonneux,Seche,53.7,29.5,69.4,1,1.14
2022-05-21,2022,5,2,141,0.5,-0.866,Poro,Manioc,Argileux,Seche,6.8,32.1,28.7,1,6.72
2024-01-11,2024,1,1,11,0.5,0.866,Haut-Sassandra,Cacao,Argileux,Seche,16.0,33.6,61.0,0,1.09
2023-10-23,2023,10,4,296,-0.866,0.5,Haut-Sassandra,Manioc,Argileux,Pluies,168.7,26.6,80.3,0,16.32
2021-07-23,2021,7,3,204,-0.5,-0.866,Haut-Sassandra,Cacao,Limoneux,Pluies,244.8,28.9,80.2,0,1.06
2022-10-24,2022,10,4,297,-0.866,0.5,Poro,Anacarde,Argileux,Seche,16.2,33.6,36.4,0,0.77
2023-03-16,2023,3,1,75,1.0,0.0,Nawa,Manioc,Argileux,Seche,38.3,26.4,66.6,0,9.26
2022-02-08,2022,2,1,39,0.866,0.5,Haut-Sassandra,Cacao,Limoneux,Seche,33.7,27.4,71.2,0,0.92
2024-02-01,2024,2,1,32,0.866,0.5,Haut-Sassandra,Manioc,Sablonneux,Seche,40.5,29.4,58.2,0,10.73
2022-06-20,2022,6,2,171,0.0,-1.0,Haut-Sassandra,Manioc,Limoneux,Pluies,240.7,27.3,81.7,0,12.68
2024-10-23,2024,10,4,297,-0.866,0.5,Poro,Anacarde,Sablonneux,Seche,16.7,32.6,39.8,0,0.79
2024-05-20,2024,5,2,141,0.5,-0.866,Nawa,Cacao,Argileux,Pluies,218.0,27.3,79.6,1,1.74
2022-07-31,2022,7,3,212,-0.5,-0.866,Nawa,Cacao,Limoneux,Pluies,242.5,27.1,93.2,0,1.36
2024-05-17,2024,5,2,138,0.5,-0.866,Nawa,Cacao,Argileux,Pluies,157.0,28.5,91.5,1,1.42
2023-02-02,2023,2,1,33,0.866,0.5,Haut-Sassandra,Manioc,Sablonneux,Seche,64.7,32.4,68.6,0,13.24
2021-04-27,2021,4,2,117,0.866,-0.5,Haut-Sassandra,Maïs,Sablonneux,Seche,58.6,31.8,64.3,1,1.31
2022-09-20,2022,9,3,263,-1.0,-0.0,Haut-Sassandra,Cacao,Argileux,Pluies,245.0,24.6,90.9,1,1.09
2023-01-19,2023,1,1,19,0.5,0.866,Haut-Sassandra,Cacao,Argileux,Seche,43.2,30.2,63.8,0,0.92
2021-04-15,2021,4,2,105,0.866,-0.5,Nawa,Cacao,Limoneux,Seche,23.1,29.6,67.3,1,1.33
2022-05-10,2022,5,2,130,0.5,-0.866,Poro,Maïs,Limoneux,Seche,14.6,30.0,38.2,1,1.21
2021-02-15,2021,2,1,46,0.866,0.5,Poro,Anacarde,Sablonneux,Seche,0.0,35.2,59.6,0,0.9
2023-04-03,2023,4,2,93,0.866,-0.5,Haut-Sassandra,Manioc,Limoneux,Seche,76.5,29.9,78.2,1,11.04
2024-09-16,2024,9,3,260,-1.0,-0.0,Haut-Sassandra,Anacarde,Argileux,Pluies,223.5,27.7,83.1,1,0.59
2024-05-24,2024,5,2,145,0.5,-0.866,Haut-Sassandra,Cacao,Limoneux,Pluies,218.1,25.5,88.2,1,1.75
2023-09-09,2023,9,3,252,-1.0,-0.0,Nawa,Cacao,Limoneux,Pluies,138.0,27.0,84.7,1,1.73
2023-08-18,2023,8,3,230,-0.866,-0.5,Poro,Anacarde,Sablonneux,Pluies,190.0,29.0,72.1,0,1.13
2023-04-25,2023,4,2,115,0.866,-0.5,Nawa,Cacao,Limoneux,Seche,43.8,27.2,60.1,1,1.14
2022-03-25,2022,3,1,84,1.0,0.0,Poro,Anacarde,Sablonneux,Seche,0.1,26.7,31.1,0,0.87
2022-06-20,2022,6,2,171,0.0,-1.0,Haut-Sassandra,Cacao,Argileux,Pluies,220.3,27.3,95.1,0,1.58
2022-05-26,2022,5,2,146,0.5,-0.866,Poro,Anacarde,Argileux,Seche,7.4,28.4,37.8,1,0.67
2022-06-24,2022,6,2,175,0.0,-1.0,Haut-Sassandra,Maïs,Argileux,Pluies,135.4,21.5,86.1,0,1.63
2021-01-16,2021,1,1,16,0.5,0.866,Haut-Sassandra,Cacao,Argileux,Seche,16.3,31.6,62.5,0,1.01
2021-08-31,2021,8,3,243,-0.866,-0.5,Poro,Anacarde,Limoneux,Pluies,118.5,26.4,85.4,0,1.04
2024-05-15,2024,5,2,136,0.5,-0.866,Nawa,Manioc,Argileux,Pluies,198.1,26.6,84.3,1,18.11
2023-07-01,2023,7,3,182,-0.5,-0.866,Haut-Sassandra,Manioc,Argileux,Pluies,251.6,26.8,88.2,0,11.38
2024-07-18,2024,7,3,200,-0.5,-0.866,Haut-Sassandra,Maïs,Argileux,Pluies,181.8,28.8,90.8,0,1.75
2023-01-31,2023,1,1,31,0.5,0.866,Haut-Sassandra,Cacao,Argileux,Seche,56.0,31.3,63.8,0,1.16
2022-12-06,2022,12,4,340,-0.0,1.0,Poro,Anacarde,Limoneux,Seche,16.1,35.1,39.6,0,0.72
2021-04-25,2021,4,2,115,0.866,-0.5,Nawa,Manioc,Argileux,Seche,63.2,30.3,68.0,1,11.25
2024-08-15,2024,8,3,228,-0.866,-0.5,Nawa,Cacao,Limoneux,Seche,69.4,27.4,75.5,1,1.15
2022-02-01,2022,2,1,32,0.866,0.5,Haut-Sassandra,Cacao,Sablonneux,Seche,40.9,28.1,63.9,0,1.21
2022-01-29,2022,1,1,29,0.5,0.866,Poro,Manioc,Sablonneux,Seche,12.9,31.9,44.0,0,6.07
2024-01-04,2024,1,1,4,0.5,0.866,Nawa,Maïs,Limoneux,Seche,37.3,27.5,85.9,0,1.28
2023-09-05,2023,9,3,248,-1.0,-0.0,Haut-Sassandra,Manioc,Limoneux,Pluies,170.7,23.7,93.4,1,16.31
2024-02-01,2024,2,1,32,0.866,0.5,Poro,Anacarde,Argileux,Seche,8.7,29.4,42.4,0,0.77
2021-10-24,2021,10,4,297,-0.866,0.5,Poro,Anacarde,Sablonneux,Seche,17.9,37.5,34.3,0,0.81
2023-09-29,2023,9,3,272,-1.0,-0.0,Nawa,Maïs,Limoneux,Pluies,217.1,25.0,83.6,0,1.72
2021-06-27,2021,6,2,178,0.0,-1.0,Nawa,Manioc,Limoneux,Pluies,154.4,24.9,83.7,0,16.13
2024-05-23,2024,5,2,144,0.5,-0.866,Poro,Maïs,Limoneux,Seche,2.4,34.3,39.8,1,1.07
2023-08-25,2023,8,3,237,-0.866,-0.5,Haut-Sassandra,Cacao,Limoneux,Seche,59.5,30.3,73.3,1,1.03
2021-11-11,2021,11,4,315,-0.5,0.866,Haut-Sassandra,Anacarde,Limoneux,Seche,34.8,32.8,68.0,0,0.36
2023-11-29,2023,11,4,333,-0.5,0.866,Nawa,Anacarde,Limoneux,Seche,16.8,28.0,73.5,0,0.38
2021-09-16,2021,9,3,259,-1.0,-0.0,Poro,Cacao,Sablonneux,Pluies,138.9,29.8,73.4,0,0.61
2021-01-07,2021,1,1,7,0.5,0.866,Nawa,Manioc,Sablonneux,Seche,79.3,28.0,68.2,0,12.87
2021-02-18,2021,2,1,49,0.866,0.5,Haut-Sassandra,Cacao,Limoneux,Seche,70.6,30.7,59.2,0,1.14
2021-06-10,2021,6,2,161,0.0,-1.0,Haut-Sassandra,Cacao,Argileux,Pluies,165.9,27.8,86.5,0,1.62
2021-06-25,2021,6,2,176,0.0,-1.0,Haut-Sassandra,Manioc,Argileux,Pluies,215.7,28.7,94.4,0,17.64
2023-10-23,2023,10,4,296,-0.866,0.5,Nawa,Cacao,Sablonneux,Pluies,250.5,29.8,84.3,0,1.15
2023-09-28,2023,9,3,271,-1.0,-0.0,Haut-Sassandra,Anacarde,Argileux,Pluies,157.9,28.2,91.6,1,0.63
2022-03-31,2022,3,1,90,1.0,0.0,Poro,Manioc,Limoneux,Seche,15.2,32.2,51.6,0,6.8
2021-10-03,2021,10,4,276,-0.866,0.5,Poro,Anacarde,Limoneux,Seche,6.3,37.5,39.4,0,0.75
2022-05-13,2022,5,2,133,0.5,-0.866,Nawa,Maïs,Limoneux,Pluies,172.4,26.8,82.8,1,1.76
2022-11-07,2022,11,4,311,-0.5,0.866,Poro,Anacarde,Sablonneux,Seche,17.2,30.1,40.2,0,0.71
2023-11-18,2023,11,4,322,-0.5,0.866,Haut-Sassandra,Cacao,Limoneux,Seche,53.0,30.9,60.3,0,1.02
2024-09-18,2024,9,3,262,-1.0,-0.0,Poro,Anacarde,Sablonneux,Pluies,166.0,24.2,79.0,0,0.97
2023-10-22,2023,10,4,295,-0.866,0.5,Nawa,Manioc,Limoneux,Pluies,266.7,30.1,85.9,0,11.67
2024-04-26,2024,4,2,117,0.866,-0.5,Nawa,Manioc,Limoneux,Seche,25.4,29.2,68.4,1,11.35
2021-02-25,2021,2,1,56,0.866,0.5,Haut-Sassandra,Manioc,Argileux,Seche,54.7,29.3,71.0,0,13.46
2022-07-01,2022,7,3,182,-0.5,-0.866,Haut-Sassandra,Manioc,Argileux,Pluies,209.6,25.3,89.1,0,15.88
2024-02-10,2024,2,1,41,0.866,0.5,Poro,Maïs,Sablonneux,Seche,11.4,34.9,41.7,0,1.39
2024-08-26,2024,8,3,239,-0.866,-0.5,Nawa,Maïs,Argileux,Seche,22.9,32.7,55.0,1,1.04
2021-02-05,2021,2,1,36,0.866,0.5,Haut-Sassandra,Anacarde,Argileux,Seche,56.0,29.0,66.9,0,0.39
2022-03-15,2022,3,1,74,1.0,0.0,Poro,Anacarde,Sablonneux,Seche,23.8,30.6,31.3,0,0.73
2022-08-18,2022,8,3,230,-0.866,-0.5,Haut-Sassandra,Cacao,Argileux,Seche,69.5,29.7,61.5,1,1.25
2024-09-10,2024,9,3,254,-1.0,-0.0,Nawa,Cacao,Sablonneux,Pluies,219.9,24.1,84.6,1,1.85
2021-11-03,2021,11,4,307,-0.5,0.866,Poro,Anacarde,Sablonneux,Seche,11.3,37.0,48.2,0,0.8
2022-09-11,2022,9,3,254,-1.0,-0.0,Haut-Sassandra,Cacao,Argileux,Pluies,145.1,27.1,87.1,1,1.64
2024-02-07,2024,2,1,38,0.866,0.5,Poro,Maïs,Argileux,Seche,14.0,31.9,46.7,0,1.25
2024-10-27,2024,10,4,301,-0.866,0.5,Nawa,Cacao,Argileux,Pluies,154.6,23.1,86.6,0,1.44
2021-12-23,2021,12,4,357,-0.0,1.0,Nawa,Manioc,Argileux,Seche,56.7,27.1,79.9,0,12.65
2021-06-30,2021,6,2,181,0.0,-1.0,Poro,Maïs,Sablonneux,Pluies,188.5,26.4,74.4,1,1.62
2024-10-11,2024,10,4,285,-0.866,0.5,Haut-Sassandra,Manioc,Sablonneux,Pluies,186.5,29.0,90.3,0,15.58
2021-03-09,2021,3,1,68,1.0,0.0,Nawa,Cacao,Argileux,Seche,62.0,27.6,60.4,0,1.08
2021-10-19,2021,10,4,292,-0.866,0.5,Haut-Sassandra,Cacao,Argileux,Pluies,135.1,26.8,79.5,0,1.85
2022-11-23,2022,11,4,327,-0.5,0.866,Nawa,Manioc,Argileux,Seche,30.2,30.7,76.9,0,12.14
2021-06-30,2021,6,2,181,0.0,-1.0,Haut-Sassandra,Maïs,Limoneux,Pluies,205.7,26.0,87.1,0,1.81
2022-03-10,2022,3,1,69,1.0,0.0,Haut-Sassandra,Manioc,Argileux,Seche,69.5,29.6,76.8,0,11.79
2023-07-03,2023,7,3,184,-0.5,-0.866,Haut-Sassandra,Maïs,Argileux,Pluies,149.7,27.5,86.8,0,2.06
2021-03-07,2021,3,1,66,1.0,0.0,Haut-Sassandra,Manioc,Argileux,Seche,46.7,26.3,64.5,0,12.19
2023-11-11,2023,11,4,315,-0.5,0.866,Nawa,Cacao,Limoneux,Seche,22.6,27.0,53.1,0,1.04
2022-01-19,2022,1,1,19,0.5,0.866,Haut-Sassandra,Manioc,Limoneux,Seche,36.8,26.9,65.6,0,11.52
2021-02-08,2021,2,1,39,0.866,0.5,Haut-Sassandra,Manioc,Argileux,Seche,18.8,29.6,67.4,0,12.55
2024-08-01,2024,8,3,214,-0.866,-0.5,Haut-Sassandra,Manioc,Limoneux,Seche,71.9,26.6,81.5,1,12.06
2023-04-02,2023,4,2,92,0.866,-0.5,Nawa,Cacao,Limoneux,Seche,32.1,35.1,67.0,1,1.12
2022-08-25,2022,8,3,237,-0.866,-0.5,Haut-Sassandra,Cacao,Argileux,Seche,53.5,28.0,63.3,1,1.02
2023-02-24,2023,2,1,55,0.866,0.5,Poro,Anacarde,Argileux,Seche,4.9,33.6,37.1,0,0.77
2024-09-21,2024,9,3,265,-1.0,-0.0,Nawa,Manioc,Limoneux,Pluies,129.9,21.8,90.9,1,11.66
2024-04-26,2024,4,2,117,0.866,-0.5,Poro,Anacarde,Argileux,Seche,4.7,33.7,42.1,0,0.84
2022-11-02,2022,11,4,306,-0.5,0.866,Nawa,Cacao,Argileux,Seche,36.7,26.2,68.5,0,0.89
2024-06-20,2024,6,2,172,0.0,-1.0,Haut-Sassandra,Manioc,Argileux,Pluies,205.3,28.0,89.3,0,19.39
2024-01-02,2024,1,1,2,0.5,0.866,Poro,Anacarde,Limoneux,Seche,12.2,33.5,43.2,0,0.71
2022-04-24,2022,4,2,114,0.866,-0.5,Nawa,Maïs,Limoneux,Seche,48.9,31.4,65.5,1,1.1
2022-07-15,2022,7,3,196,-0.5,-0.866,Haut-Sassandra,Cacao,Argileux,Pluies,118.0,27.2,81.0,0,1.66
2021-04-11,2021,4,2,101,0.866,-0.5,Nawa,Cacao,Argileux,Seche,13.2,32.7,64.6,1,1.1
2022-05-29,2022,5,2,149,0.5,-0.866,Haut-Sassandra,Maïs,Limoneux,Pluies,151.5,27.2,86.6,1,1.53
2021-06-25,2021,6,2,176,0.0,-1.0,Haut-Sassandra,Cacao,Limoneux,Pluies,168.2,24.4,88.2,0,1.58
2021-08-26,2021,8,3,238,-0.866,-0.5,Haut-Sassandra,Manioc,Argileux,Seche,38.4,29.8,61.4,1,12.59
2023-06-29,2023,6,2,180,0.0,-1.0,Poro,Anacarde,Limoneux,Pluies,176.0,28.5,71.4,1,1.04
2023-12-19,2023,12,4,353,-0.0,1.0,Nawa,Cacao,Limoneux,Seche,69.2,32.0,75.6,0,1.24
2024-01-28,2024,1,1,28,0.5,0.866,Haut-Sassandra,Cacao,Argileux,Seche,55.1,30.7,65.3,0,1.15
2023-05-21,2023,5,2,141,0.5,-0.866,Nawa,Maïs,Limoneux,Pluies,239.9,28.3,76.0,1,1.15
2022-05-10,2022,5,2,130,0.5,-0.866,Nawa,Cacao,Limoneux,Pluies,204.7,25.8,83.2,1,1.49
2023-08-05,2023,8,3,217,-0.866,-0.5,Haut-Sassandra,Cacao,Limoneux,Seche,44.5,33.1,71.8,1,1.05
2023-01-25,2023,1,1,25,0.5,0.866,Nawa,Manioc,Argileux,Seche,42.5,28.5,78.7,0,11.97
2024-08-13,2024,8,3,226,-0.866,-0.5,Haut-Sassandra,Manioc,Limoneux,Seche,13.8,29.7,71.2,1,12.27
2021-07-30,2021,7,3,211,-0.5,-0.866,Haut-Sassandra,Maïs,Limoneux,Pluies,202.9,25.2,81.6,0,1.97
2024-02-21,2024,2,1,52,0.866,0.5,Haut-Sassandra,Maïs,Limoneux,Seche,58.6,29.5,67.4,0,1.33
2024-06-06,2024,6,2,158,0.0,-1.0,Nawa,Manioc,Limoneux,Pluies,141.6,28.1,89.2,0,16.39
2024-11-12,2024,11,4,317,-0.5,0.866,Nawa,Cacao,Argileux,Seche,62.7,30.5,57.2,0,1.13
2021-05-20,2021,5,2,140,0.5,-0.866,Poro,Anacarde,Limoneux,Seche,1.9,34.1,39.8,1,0.87
2022-06-25,2022,6,2,176,0.0,-1.0,Nawa,Cacao,Argileux,Pluies,263.0,24.1,88.8,0,1.09
2024-11-15,2024,11,4,320,-0.5,0.866,Nawa,Maïs,Argileux,Seche,38.7,32.0,64.2,0,1.27
2021-09-27,2021,9,3,270,-1.0,-0.0,Poro,Maïs,Argileux,Pluies,111.0,26.9,74.0,0,1.73
2023-11-02,2023,11,4,306,-0.5,0.866,Poro,Maïs,Sablonneux,Seche,11.5,38.1,35.3,0,1.26
2024-11-13,2024,11,4,318,-0.5,0.866,Haut-Sassandra,Manioc,Argileux,Seche,56.1,33.8,69.9,0,10.51
2024-09-22,2024,9,3,266,-1.0,-0.0,Haut-Sassandra,Manioc,Limoneux,Pluies,204.7,26.6,79.6,1,16.69
2022-05-21,2022,5,2,141,0.5,-0.866,Nawa,Cacao,Sablonneux,Pluies,194.6,23.8,96.3,1,1.49
2024-02-04,2024,2,1,35,0.866,0.5,Nawa,Manioc,Argileux,Seche,33.7,31.7,65.6,0,12.36
2021-02-01,2021,2,1,32,0.866,0.5,Haut-Sassandra,Cacao,Argileux,Seche,52.6,30.0,73.0,0,1.26
2024-01-03,2024,1,1,3,0.5,0.866,Poro,Anacarde,Limoneux,Seche,0.0,38.7,50.0,0,0.77
2024-04-09,2024,4,2,100,0.866,-0.5,Nawa,Cacao,Argileux,Seche,62.2,31.3,71.0,1,1.07
2023-12-29,2023,12,4,363,-0.0,1.0,Nawa,Cacao,Limoneux,Seche,5.9,29.9,59.5,0,0.98
2023-03-24,2023,3,1,83,1.0,0.0,Nawa,Anacarde,Argileux,Seche,82.5,29.2,60.8,0,0.42
2021-12-28,2021,12,4,362,-0.0,1.0,Haut-Sassandra,Cacao,Argileux,Seche,59.5,32.1,67.4,0,1.16
2024-12-27,2024,12,4,362,-0.0,1.0,Poro,Anacarde,Limoneux,Seche,11.1,34.3,36.5,0,0.89
2023-07-18,2023,7,3,199,-0.5,-0.866,Haut-Sassandra,Manioc,Argileux,Pluies,161.1,26.7,83.8,0,16.6
2021-04-10,2021,4,2,100,0.866,-0.5,Haut-Sassandra,Cacao,Argileux,Seche,8.5,31.7,69.3,1,1.14
2021-01-09,2021,1,1,9,0.5,0.866,Poro,Manioc,Limoneux,Seche,16.9,38.7,39.0,0,6.01
2022-11-28,2022,11,4,332,-0.5,0.866,Poro,Manioc,Argileux,Seche,22.7,31.2,42.1,0,6.13
2023-11-19,2023,11,4,323,-0.5,0.866,Nawa,Cacao,Argileux,Seche,54.2,33.1,68.5,0,1.05
2024-02-12,2024,2,1,43,0.866,0.5,Haut-Sassandra,Cacao,Limoneux,Seche,71.3,32.5,60.1,0,1.26
2022-04-07,2022,4,2,97,0.866,-0.5,Haut-Sassandra,Cacao,Argileux,Seche,52.2,28.1,63.6,1,1.02
2023-07-10,2023,7,3,191,-0.5,-0.866,Poro,Anacarde,Sablonneux,Pluies,178.0,31.1,78.0,0,0.76
2024-03-12,2024,3,1,72,1.0,0.0,Haut-Sassandra,Cacao,Limoneux,Seche,75.6,29.4,67.4,1,1.18
2022-01-25,2022,1,1,25,0.5,0.866,Nawa,Cacao,Argileux,Seche,45.7,29.4,73.4,0,1.2
2022-09-24,2022,9,3,267,-1.0,-0.0,Nawa,Cacao,Sablonneux,Pluies,200.1,29.0,79.0,1,1.76
2022-11-13,2022,11,4,317,-0.5,0.866,Haut-Sassandra,Cacao,Argileux,Seche,49.2,29.8,84.3,0,1.19
2021-06-06,2021,6,2,157,0.0,-1.0,Haut-Sassandra,Cacao,Limoneux,Pluies,205.4,23.9,81.7,0,1.64
2021-12-01,2021,12,4,335,-0.0,1.0,Haut-Sassandra,Cacao,Limoneux,Seche,34.4,31.2,71.8,0,1.02
2021-09-17,2021,9,3,260,-1.0,-0.0,Nawa,Manioc,Limoneux,Pluies,117.2,27.7,90.4,1,18.49
2021-03-23,2021,3,1,82,1.0,0.0,Haut-Sassandra,Maïs,Limoneux,Seche,45.4,30.4,63.8,0,1.17
2023-01-24,2023,1,1,24,0.5,0.866,Nawa,Cacao,Limoneux,Seche,55.6,31.4,76.6,0,1.17
2024-04-10,2024,4,2,101,0.866,-0.5,Nawa,Cacao,Argileux,Seche,40.9,31.0,70.7,1,1.01
2024-06-08,2024,6,2,160,0.0,-1.0,Haut-Sassandra,Cacao,Argileux,Pluies,191.0,24.3,79.8,0,1.51
2022-12-21,2022,12,4,355,-0.0,1.0,Poro,Maïs,Sablonneux,Seche,24.3,34.7,34.8,0,1.31
2021-03-16,2021,3,1,75,1.0,0.0,Nawa,Maïs,Limoneux,Seche,70.8,33.1,63.3,0,1.17
2024-07-17,2024,7,3,199,-0.5,-0.866,Haut-Sassandra,Cacao,Limoneux,Pluies,214.5,28.9,84.3,0,1.84
2022-09-18,2022,9,3,261,-1.0,-0.0,Nawa,Cacao,Limoneux,Pluies,179.8,28.0,84.1,1,1.72
2021-03-03,2021,3,1,62,1.0,0.0,Haut-Sassandra,Cacao,Argileux,Seche,20.5,31.2,77.8,0,1.19
2023-05-24,2023,5,2,144,0.5,-0.866,Nawa,Maïs,Argileux,Pluies,138.4,27.9,89.1,1,1.66
2021-11-16,2021,11,4,320,-0.5,0.866,Haut-Sassandra,Anacarde,Limoneux,Seche,46.1,33.3,72.8,0,0.38
2021-04-12,2021,4,2,102,0.866,-0.5,Poro,Maïs,Argileux,Seche,12.8,33.5,40.0,0,1.27
2024-12-23,2024,12,4,358,-0.0,1.0,Nawa,Cacao,Sablonneux,Seche,93.7,30.7,67.1,0,1.22
2023-05-24,2023,5,2,144,0.5,-0.866,Nawa,Manioc,Argileux,Pluies,130.2,25.7,88.1,1,17.68
2023-08-12,2023,8,3,224,-0.866,-0.5,Haut-Sassandra,Maïs,Limoneux,Seche,41.2,28.5,73.5,1,1.32
2021-09-12,2021,9,3,255,-1.0,-0.0,Poro,Cacao,Limoneux,Pluies,139.5,29.9,81.0,0,0.58
2022-07-24,2022,7,3,205,-0.5,-0.866,Nawa,Cacao,Argileux,Pluies,159.1,26.4,91.9,0,1.61
2021-04-22,2021,4,2,112,0.866,-0.5,Nawa,Manioc,Limoneux,Seche,54.5,30.7,67.1,1,11.64
2023-09-12,2023,9,3,255,-1.0,-0.0,Nawa,Anacarde,Argileux,Pluies,220.0,24.5,90.1,1,0.53
2024-08-29,2024,8,3,242,-0.866,-0.5,Poro,Anacarde,Limoneux,Pluies,182.6,29.1,75.9,0,0.78
2023-09-25,2023,9,3,268,-1.0,-0.0,Poro,Anacarde,Limoneux,Pluies,163.9,27.2,74.7,0,1.09
2022-04-06,2022,4,2,96,0.866,-0.5,Poro,Anacarde,Sablonneux,Seche,18.8,30.6,53.9,0,0.66
2022-12-09,2022,12,4,343,-0.0,1.0,Haut-Sassandra,Cacao,Limoneux,Seche,41.5,29.3,74.3,0,1.07
2023-06-06,2023,6,2,157,0.0,-1.0,Haut-Sassandra,Cacao,Sablonneux,Pluies,125.2,29.6,86.8,0,1.27
2024-01-21,2024,1,1,21,0.5,0.866,Nawa,Manioc,Argileux,Seche,77.1,33.2,62.8,0,11.69
2023-12-12,2023,12,4,346,-0.0,1.0,Haut-Sassandra,Manioc,Argileux,Seche,44.1,30.8,67.9,0,11.22
2022-06-04,2022,6,2,155,0.0,-1.0,Nawa,Manioc,Limoneux,Pluies,211.3,26.1,78.4,0,17.77
2023-03-23,2023,3,1,82,1.0,0.0,Nawa,Maïs,Limoneux,Seche,44.9,33.3,72.6,0,1.25
2024-01-27,2024,1,1,27,0.5,0.866,Haut-Sassandra,Manioc,Limoneux,Seche,48.8,32.0,61.4,0,9.7
2021-08-24,2021,8,3,236,-0.866,-0.5,Haut-Sassandra,Cacao,Limoneux,Seche,45.4,29.9,73.7,1,1.12
2024-10-29,2024,10,4,303,-0.866,0.5,Nawa,Cacao,Limoneux,Pluies,243.2,26.3,90.4,0,1.3
2023-07-16,2023,7,3,197,-0.5,-0.866,Haut-Sassandra,Anacarde,Argileux,Pluies,228.2,27.7,84.5,0,0.52
2022-07-11,2022,7,3,192,-0.5,-0.866,Poro,Anacarde,Sablonneux,Pluies,201.9,29.5,82.2,0,0.78
2022-10-11,2022,10,4,284,-0.866,0.5,Nawa,Cacao,Limoneux,Pluies,168.8,25.6,84.8,0,1.85
2021-08-22,2021,8,3,234,-0.866,-0.5,Haut-Sassandra,Cacao,Limoneux,Seche,58.9,26.9,75.8,1,1.13
2023-11-22,2023,11,4,326,-0.5,0.866,Poro,Maïs,Argileux,Seche,20.8,32.0,26.8,0,1.28
2024-08-05,2024,8,3,218,-0.866,-0.5,Haut-Sassandra,Cacao,Limoneux,Seche,51.5,31.0,66.4,1,1.15
2022-08-02,2022,8,3,214,-0.866,-0.5,Poro,Maïs,Limoneux,Pluies,143.9,30.2,74.4,0,1.19
2022-06-26,2022,6,2,177,0.0,-1.0,Nawa,Cacao,Limoneux,Pluies,170.8,26.9,86.6,0,1.73
2021-04-24,2021,4,2,114,0.866,-0.5,Nawa,Cacao,Limoneux,Seche,63.0,29.5,64.7,1,1.03
2021-07-23,2021,7,3,204,-0.5,-0.866,Haut-Sassandra,Maïs,Argileux,Pluies,216.7,27.8,87.1,0,2.15
2023-11-19,2023,11,4,323,-0.5,0.866,Nawa,Maïs,Sablonneux,Seche,12.7,24.5,66.1,0,1.34
2022-10-05,2022,10,4,278,-0.866,0.5,Nawa,Maïs,Sablonneux,Pluies,152.6,24.1,85.9,0,1.86
2022-04-19,2022,4,2,109,0.866,-0.5,Nawa,Cacao,Argileux,Seche,63.3,30.3,68.0,1,1.15
2022-11-28,2022,11,4,332,-0.5,0.866,Haut-Sassandra,Manioc,Limoneux,Seche,74.7,31.2,68.2,0,11.87
2021-09-10,2021,9,3,253,-1.0,-0.0,Nawa,Manioc,Argileux,Pluies,209.3,30.4,88.0,1,10.51
2023-06-24,2023,6,2,175,0.0,-1.0,Nawa,Cacao,Sablonneux,Pluies,198.7,28.5,94.1,0,1.65
2022-01-21,2022,1,1,21,0.5,0.866,Haut-Sassandra,Cacao,Limoneux,Seche,35.1,29.8,62.1,0,1.1
2021-03-03,2021,3,1,62,1.0,0.0,Haut-Sassandra,Cacao,Argileux,Seche,13.9,31.0,69.6,1,1.07
2022-05-30,2022,5,2,150,0.5,-0.866,Nawa,Cacao,Argileux,Pluies,203.6,25.1,81.6,1,1.85
2022-03-06,2022,3,1,65,1.0,0.0,Haut-Sassandra,Maïs,Argileux,Seche,56.1,27.2,68.1,0,1.32
2022-08-03,2022,8,3,215,-0.866,-0.5,Haut-Sassandra,Cacao,Sablonneux,Seche,72.9,28.5,66.3,1,0.96
2024-03-10,2024,3,1,70,1.0,0.0,Poro,Anacarde,Sablonneux,Seche,26.7,33.1,44.9,0,0.87
2023-01-13,2023,1,1,13,0.5,0.866,Haut-Sassandra,Cacao,Limoneux,Seche,54.7,30.6,79.1,0,1.15
2024-08-16,2024,8,3,229,-0.866,-0.5,Poro,Maïs,Sablonneux,Pluies,140.4,25.1,79.8,0,1.7
2022-11-06,2022,11,4,310,-0.5,0.866,Haut-Sassandra,Cacao,Argileux,Seche,30.6,30.9,65.8,0,1.13
2021-11-07,2021,11,4,311,-0.5,0.866,Nawa,Manioc,Argileux,Seche,40.3,29.2,64.3,0,11.0
2022-04-16,2022,4,2,106,0.866,-0.5,Nawa,Anacarde,Argileux,Seche,66.2,27.6,80.4,1,0.42
2024-11-17,2024,11,4,322,-0.5,0.866,Haut-Sassandra,Cacao,Limoneux,Seche,32.4,30.1,71.1,0,1.08
2023-03-20,2023,3,1,79,1.0,0.0,Nawa,Cacao,Limoneux,Seche,60.8,29.9,76.3,0,1.12
2021-06-21,2021,6,2,172,0.0,-1.0,Nawa,Maïs,Limoneux,Pluies,192.0,25.1,86.3,0,1.75
2022-07-30,2022,7,3,211,-0.5,-0.866,Poro,Cacao,Limoneux,Pluies,171.2,27.0,76.6,0,0.75
2021-01-31,2021,1,1,31,0.5,0.866,Nawa,Cacao,Limoneux,Seche,58.5,27.4,74.3,0,0.97
2021-02-16,2021,2,1,47,0.866,0.5,Haut-Sassandra,Cacao,Sablonneux,Seche,50.2,28.8,69.1,0,1.17
2021-05-10,2021,5,2,130,0.5,-0.866,Nawa,Manioc,Limoneux,Pluies,184.3,27.3,79.0,1,19.05
2021-12-18,2021,12,4,352,-0.0,1.0,Poro,Maïs,Sablonneux,Seche,0.0,31.4,42.0,0,1.24
2023-09-05,2023,9,3,248,-1.0,-0.0,Nawa,Manioc,Limoneux,Pluies,183.8,27.6,84.7,1,17.71
2021-02-27,2021,2,1,58,0.866,0.5,Nawa,Cacao,Sablonneux,Seche,52.8,31.0,64.9,0,1.21
2024-02-04,2024,2,1,35,0.866,0.5,Haut-Sassandra,Cacao,Sablonneux,Seche,53.0,29.8,62.0,0,1.11
2023-03-23,2023,3,1,82,1.0,0.0,Haut-Sassandra,Cacao,Limoneux,Seche,75.4,28.5,61.5,0,1.03
2024-09-15,2024,9,3,259,-1.0,-0.0,Nawa,Anacarde,Limoneux,Pluies,120.0,24.3,83.2,1,0.54
2023-02-07,2023,2,1,38,0.866,0.5,Nawa,Manioc,Argileux,Seche,25.7,29.8,67.2,0,12.22
2022-11-14,2022,11,4,318,-0.5,0.866,Nawa,Manioc,Limoneux,Seche,34.7,33.5,69.2,0,12.06
2024-11-07,2024,11,4,312,-0.5,0.866,Poro,Anacarde,Limoneux,Seche,0.0,40.0,31.8,0,0.77
2024-03-31,2024,3,1,91,1.0,0.0,Nawa,Cacao,Sablonneux,Seche,69.7,33.4,65.9,1,1.24
2023-09-24,2023,9,3,267,-1.0,-0.0,Poro,Maïs,Limoneux,Pluies,182.5,27.8,79.2,0,1.88
2021-10-13,2021,10,4,286,-0.866,0.5,Haut-Sassandra,Manioc,Limoneux,Pluies,220.5,22.6,83.3,0,10.29
2023-12-31,2023,12,4,365,-0.0,1.0,Poro,Maïs,Argileux,Seche,27.8,36.9,34.4,0,1.17
2023-06-05,2023,6,2,156,0.0,-1.0,Nawa,Cacao,Sablonneux,Pluies,121.2,25.3,82.2,0,1.7
2022-02-01,2022,2,1,32,0.866,0.5,Haut-Sassandra,Cacao,Argileux,Seche,36.3,30.7,69.6,0,1.07
2021-01-26,2021,1,1,26,0.5,0.866,Haut-Sassandra,Cacao,Sablonneux,Seche,74.8,32.8,55.5,0,1.18
2021-11-09,2021,11,4,313,-0.5,0.866,Nawa,Cacao,Limoneux,Seche,32.7,30.2,81.3,0,1.12
2021-05-06,2021,5,2,126,0.5,-0.866,Nawa,Cacao,Argileux,Pluies,143.1,24.7,87.0,1,1.56
2024-12-02,2024,12,4,337,-0.0,1.0,Haut-Sassandra,Maïs,Argileux,Seche,34.9,30.0,68.4,0,1.34
2024-05-06,2024,5,2,127,0.5,-0.866,Haut-Sassandra,Cacao,Argileux,Pluies,167.3,24.0,93.1,1,1.64
2023-03-22,2023,3,1,81,1.0,0.0,Haut-Sassandra,Cacao,Limoneux,Seche,32.3,32.4,68.3,0,1.12
2021-07-07,2021,7,3,188,-0.5,-0.866,Nawa,Anacarde,Argileux,Pluies,192.8,27.1,79.6,0,0.58
2022-11-29,2022,11,4,333,-0.5,0.866,Nawa,Cacao,Limoneux,Seche,27.7,31.0,70.4,0,1.18
2023-03-21,2023,3,1,80,1.0,0.0,Poro,Manioc,Argileux,Seche,11.7,32.4,33.4,0,5.71
2022-12-17,2022,12,4,351,-0.0,1.0,Poro,Maïs,Argileux,Seche,1.4,30.9,44.4,0,1.09
2022-03-26,2022,3,1,85,1.0,0.0,Poro,Anacarde,Limoneux,Seche,8.2,33.2,33.2,0,0.78
2022-06-07,2022,6,2,158,0.0,-1.0,Haut-Sassandra,Maïs,Limoneux,Pluies,177.9,27.0,90.6,0,1.69
2024-10-09,2024,10,4,283,-0.866,0.5,Poro,Anacarde,Argileux,Seche,9.2,33.3,34.3,0,0.82
2023-09-13,2023,9,3,256,-1.0,-0.0,Haut-Sassandra,Anacarde,Argileux,Pluies,209.9,26.8,86.1,1,0.46
2022-10-20,2022,10,4,293,-0.866,0.5,Haut-Sassandra,Maïs,Sablonneux,Pluies,220.6,28.9,86.1,0,2.08
2022-08-20,2022,8,3,232,-0.866,-0.5,Poro,Anacarde,Argileux,Pluies,166.8,26.9,84.9,0,1.22
2021-04-10,2021,4,2,100,0.866,-0.5,Haut-Sassandra,Cacao,Argileux,Seche,22.6,28.2,77.3,1,1.1
2022-09-08,2022,9,3,251,-1.0,-0.0,Haut-Sassandra,Manioc,Argileux,Pluies,257.4,28.0,86.0,1,12.15
2023-08-06,2023,8,3,218,-0.866,-0.5,Haut-Sassandra,Cacao,Limoneux,Seche,60.1,31.1,64.8,1,1.35
2022-07-10,2022,7,3,191,-0.5,-0.866,Haut-Sassandra,Cacao,Limoneux,Pluies,120.7,26.4,94.6,0,1.69
2021-10-05,2021,10,4,278,-0.866,0.5,Haut-Sassandra,Cacao,Sablonneux,Pluies,201.1,29.1,90.9,0,1.1
2022-05-06,2022,5,2,126,0.5,-0.866,Nawa,Cacao,Limoneux,Pluies,176.0,26.5,87.7,1,1.61
2021-09-12,2021,9,3,255,-1.0,-0.0,Poro,Maïs,Argileux,Pluies,186.5,30.1,67.8,0,1.2
2022-01-16,2022,1,1,16,0.5,0.866,Poro,Anacarde,Sablonneux,Seche,8.7,34.1,40.4,0,0.75
2023-06-11,2023,6,2,162,0.0,-1.0,Haut-Sassandra,Cacao,Limoneux,Pluies,165.7,30.3,81.9,0,1.16
2022-06-26,2022,6,2,177,0.0,-1.0,Nawa,Cacao,Limoneux,Pluies,204.5,24.9,81.2,0,1.73
2024-07-11,2024,7,3,193,-0.5,-0.866,Nawa,Cacao,Limoneux,Pluies,221.4,25.6,79.1,0,1.61
2023-04-05,2023,4,2,95,0.866,-0.5,Nawa,Cacao,Limoneux,Seche,66.3,28.8,72.1,1,1.1
2023-05-29,2023,5,2,149,0.5,-0.866,Nawa,Cacao,Argileux,Pluies,170.4,26.6,89.0,1,1.44
2024-09-14,2024,9,3,258,-1.0,-0.0,Nawa,Cacao,Limoneux,Pluies,194.6,29.7,82.9,1,1.19
2024-02-13,2024,2,1,44,0.866,0.5,Haut-Sassandra,Cacao,Argileux,Seche,42.3,31.3,72.2,0,1.18
2024-07-23,2024,7,3,205,-0.5,-0.866,Poro,Maïs,Argileux,Pluies,158.6,29.2,73.8,0,1.25
2021-10-08,2021,10,4,281,-0.866,0.5,Poro,Maïs,Sablonneux,Seche,13.3,29.6,50.5,0,1.23
2024-07-22,2024,7,3,204,-0.5,-0.866,Nawa,Manioc,Limoneux,Pluies,196.4,29.6,83.6,0,13.02
2023-02-12,2023,2,1,43,0.866,0.5,Poro,Maïs,Argileux,Seche,0.0,31.3,34.5,0,1.16
2023-04-23,2023,4,2,113,0.866,-0.5,Haut-Sassandra,Maïs,Sablonneux,Seche,63.8,29.9,58.4,1,1.11
2022-12-20,2022,12,4,354,-0.0,1.0,Nawa,Cacao,Argileux,Seche,93.7,30.7,62.3,0,1.17
2021-11-24,2021,11,4,328,-0.5,0.866,Haut-Sassandra,Cacao,Limoneux,Seche,31.2,28.0,69.9,0,1.13
2021-07-30,2021,7,3,211,-0.5,-0.866,Haut-Sassandra,Manioc,Argileux,Pluies,181.4,27.1,88.4,0,15.61
2022-12-28,2022,12,4,362,-0.0,1.0,Haut-Sassandra,Cacao,Argileux,Seche,65.2,28.8,60.8,0,1.21
2023-07-12,2023,7,3,193,-0.5,-0.866,Nawa,Cacao,Sablonneux,Pluies,184.3,27.0,82.9,0,1.82
2022-07-06,2022,7,3,187,-0.5,-0.866,Haut-Sassandra,Cacao,Argileux,Pluies,183.2,25.7,86.8,0,1.89
2021-01-26,2021,1,1,26,0.5,0.866,Haut-Sassandra,Manioc,Argileux,Seche,63.5,25.8,83.3,0,12.26
2021-01-27,2021,1,1,27,0.5,0.866,Haut-Sassandra,Anacarde,Limoneux,Seche,68.2,32.1,72.2,0,0.39
2022-12-03,2022,12,4,337,-0.0,1.0,Haut-Sassandra,Cacao,Argileux,Seche,47.1,28.7,69.7,0,1.27
2024-01-12,2024,1,1,12,0.5,0.866,Haut-Sassandra,Cacao,Argileux,Seche,42.4,28.8,72.9,0,1.03
2022-11-13,2022,11,4,317,-0.5,0.866,Nawa,Manioc,Argileux,Seche,9.2,29.4,55.3,0,11.77
2022-02-17,2022,2,1,48,0.866,0.5,Nawa,Manioc,Limoneux,Seche,40.6,29.3,67.9,0,11.64
2021-06-16,2021,6,2,167,0.0,-1.0,Poro,Maïs,Argileux,Pluies,173.5,27.9,79.3,1,1.87
2021-06-18,2021,6,2,169,0.0,-1.0,Poro,Manioc,Argileux,Pluies,144.8,29.8,78.3,1,6.51
2021-08-17,2021,8,3,229,-0.866,-0.5,Poro,Manioc,Limoneux,Pluies,222.9,25.5,76.7,0,9.28
2022-01-02,2022,1,1,2,0.5,0.866,Haut-Sassandra,Manioc,Argileux,Seche,18.5,33.0,62.7,0,12.75
2022-06-12,2022,6,2,163,0.0,-1.0,Poro,Anacarde,Limoneux,Pluies,151.4,27.2,78.6,1,1.22
2023-03-02,2023,3,1,61,1.0,0.0,Nawa,Manioc,Sablonneux,Seche,40.3,32.4,70.4,0,13.26
2022-06-08,2022,6,2,159,0.0,-1.0,Haut-Sassandra,Cacao,Limoneux,Pluies,171.8,24.5,81.7,0,1.6
2024-01-01,2024,1,1,1,0.5,0.866,Nawa,Maïs,Argileux,Seche,16.6,29.1,71.9,0,1.3
2021-04-16,2021,4,2,106,0.866,-0.5,Poro,Anacarde,Sablonneux,Seche,9.0,35.0,49.4,0,0.8
2023-01-02,2023,1,1,2,0.5,0.866,Haut-Sassandra,Anacarde,Argileux,Seche,24.0,30.8,63.0,0,0.4
2023-08-23,2023,8,3,235,-0.866,-0.5,Poro,Anacarde,Sablonneux,Pluies,107.2,26.4,71.9,0,0.79
2024-07-29,2024,7,3,211,-0.5,-0.866,Haut-Sassandra,Cacao,Sablonneux,Pluies,172.8,26.4,86.7,0,1.54
2021-05-13,2021,5,2,133,0.5,-0.866,Nawa,Cacao,Argileux,Pluies,192.7,30.6,86.8,1,1.11
2022-06-18,2022,6,2,169,0.0,-1.0,Haut-Sassandra,Cacao,Argileux,Pluies,208.8,30.1,87.1,0,1.1
2023-09-02,2023,9,3,245,-1.0,-0.0,Nawa,Cacao,Argileux,Pluies,163.3,26.5,83.6,1,1.51
2021-09-26,2021,9,3,269,-1.0,-0.0,Nawa,Manioc,Argileux,Pluies,179.6,26.3,89.5,1,17.38
2024-12-06,2024,12,4,341,-0.0,1.0,Haut-Sassandra,Cacao,Argileux,Seche,37.1,26.0,64.4,0,1.29
2022-11-04,2022,11,4,308,-0.5,0.866,Nawa,Cacao,Argileux,Seche,22.2,26.6,63.2,0,1.11
2023-03-02,2023,3,1,61,1.0,0.0,Poro,Anacarde,Sablonneux,Seche,18.4,31.6,40.3,0,0.86
2021-01-18,2021,1,1,18,0.5,0.866,Haut-Sassandra,Anacarde,Argileux,Seche,76.6,30.2,68.8,0,0.4
2021-04-27,2021,4,2,117,0.866,-0.5,Haut-Sassandra,Cacao,Limoneux,Seche,28.7,29.3,61.4,0,1.11
2023-03-09,2023,3,1,68,1.0,0.0,Nawa,Manioc,Argileux,Seche,36.7,33.2,63.3,0,12.35
2024-03-13,2024,3,1,73,1.0,0.0,Haut-Sassandra,Cacao,Argileux,Seche,56.5,29.5,64.9,0,1.0
2022-07-05,2022,7,3,186,-0.5,-0.866,Haut-Sassandra,Manioc,Limoneux,Pluies,149.0,25.7,86.1,0,16.5
2023-07-18,2023,7,3,199,-0.5,-0.866,Haut-Sassandra,Cacao,Sablonneux,Pluies,159.1,29.0,87.1,0,1.62
2023-01-23,2023,1,1,23,0.5,0.866,Nawa,Cacao,Limoneux,Seche,34.8,28.5,62.8,0,0.93
2022-02-26,2022,2,1,57,0.866,0.5,Haut-Sassandra,Cacao,Argileux,Seche,48.7,30.7,65.2,0,1.13
2024-10-24,2024,10,4,298,-0.866,0.5,Haut-Sassandra,Manioc,Argileux,Pluies,143.5,26.1,90.0,0,16.84
2022-10-08,2022,10,4,281,-0.866,0.5,Haut-Sassandra,Cacao,Limoneux,Pluies,222.0,27.8,80.0,0,1.76
2022-07-12,2022,7,3,193,-0.5,-0.866,Haut-Sassandra,Manioc,Sablonneux,Pluies,188.1,25.0,78.7,0,16.13
2021-02-19,2021,2,1,50,0.866,0.5,Nawa,Cacao,Limoneux,Seche,68.8,29.7,60.3,0,1.01
2022-11-09,2022,11,4,313,-0.5,0.866,Nawa,Anacarde,Sablonneux,Seche,22.2,30.7,82.1,0,0.33
2021-04-16,2021,4,2,106,0.866,-0.5,Haut-Sassandra,Manioc,Argileux,Seche,36.2,29.6,73.5,1,12.04
2024-05-24,2024,5,2,145,0.5,-0.866,Nawa,Maïs,Limoneux,Pluies,156.1,28.1,93.0,1,1.91
2022-10-20,2022,10,4,293,-0.866,0.5,Haut-Sassandra,Manioc,Argileux,Pluies,258.1,26.5,86.6,0,12.6
2024-12-19,2024,12,4,354,-0.0,1.0,Nawa,Maïs,Limoneux,Seche,57.1,31.0,64.9,0,1.36
2024-01-01,2024,1,1,1,0.5,0.866,Haut-Sassandra,Maïs,Limoneux,Seche,46.4,28.6,80.0,0,1.2
2023-09-15,2023,9,3,258,-1.0,-0.0,Poro,Anacarde,Sablonneux,Pluies,157.5,27.9,89.4,0,1.09
2023-04-22,2023,4,2,112,0.866,-0.5,Haut-Sassandra,Manioc,Sablonneux,Seche,37.2,28.0,65.1,1,12.49
2022-03-22,2022,3,1,81,1.0,0.0,Poro,Anacarde,Sablonneux,Seche,19.6,31.6,51.1,0,0.81
2024-04-24,2024,4,2,115,0.866,-0.5,Poro,Maïs,Sablonneux,Seche,22.5,34.2,41.7,0,1.19
2021-03-11,2021,3,1,70,1.0,0.0,Nawa,Maïs,Argileux,Seche,37.6,29.9,60.1,0,1.17
2021-05-30,2021,5,2,150,0.5,-0.866,Nawa,Cacao,Argileux,Pluies,174.2,26.7,87.3,1,1.7
2024-06-23,2024,6,2,175,0.0,-1.0,Haut-Sassandra,Cacao,Limoneux,Pluies,159.3,27.5,94.9,0,1.67
2023-02-13,2023,2,1,44,0.866,0.5,Nawa,Cacao,Limoneux,Seche,22.1,26.6,74.0,0,1.26
2024-01-28,2024,1,1,28,0.5,0.866,Haut-Sassandra,Manioc,Argileux,Seche,48.6,30.3,70.1,0,12.56
2024-07-25,2024,7,3,207,-0.5,-0.866,Haut-Sassandra,Manioc,Argileux,Pluies,224.4,26.2,82.7,0,15.35
2023-08-02,2023,8,3,214,-0.866,-0.5,Haut-Sassandra,Cacao,Argileux,Seche,35.4,32.8,72.9,1,1.16
2022-03-31,2022,3,1,90,1.0,0.0,Nawa,Manioc,Argileux,Seche,33.2,30.1,77.9,0,11.86
2024-02-02,2024,2,1,33,0.866,0.5,Haut-Sassandra,Cacao,Sablonneux,Seche,39.1,30.0,63.4,0,1.17
2023-08-04,2023,8,3,216,-0.866,-0.5,Haut-Sassandra,Cacao,Limoneux,Seche,44.4,28.5,66.7,1,1.15
2022-08-24,2022,8,3,236,-0.866,-0.5,Haut-Sassandra,Cacao,Argileux,Seche,33.0,30.6,66.3,1,1.05
2022-10-15,2022,10,4,288,-0.866,0.5,Nawa,Manioc,Argileux,Pluies,145.4,28.3,81.2,0,18.21
2022-12-26,2022,12,4,360,-0.0,1.0,Nawa,Maïs,Argileux,Seche,44.3,28.4,68.2,0,1.11
2021-08-21,2021,8,3,233,-0.866,-0.5,Nawa,Cacao,Limoneux,Seche,46.3,29.4,70.4,1,1.12
2024-11-18,2024,11,4,323,-0.5,0.866,Nawa,Cacao,Argileux,Seche,46.4,30.3,67.2,0,1.05
2021-09-08,2021,9,3,251,-1.0,-0.0,Poro,Anacarde,Argileux,Pluies,170.2,27.9,81.0,0,1.16
2021-03-20,2021,3,1,79,1.0,0.0,Nawa,Manioc,Argileux,Seche,36.1,30.6,60.8,0,9.76
2023-12-12,2023,12,4,346,-0.0,1.0,Nawa,Cacao,Argileux,Seche,31.3,29.5,54.7,0,1.12
2023-06-17,2023,6,2,168,0.0,-1.0,Poro,Manioc,Argileux,Pluies,172.0,29.3,72.1,1,6.24
2023-07-10,2023,7,3,191,-0.5,-0.866,Poro,Maïs,Sablonneux,Pluies,146.6,27.0,74.0,0,2.0
2023-02-20,2023,2,1,51,0.866,0.5,Haut-Sassandra,Manioc,Limoneux,Seche,66.8,33.1,67.7,0,11.95
2021-08-14,2021,8,3,226,-0.866,-0.5,Nawa,Cacao,Limoneux,Seche,33.4,33.2,70.7,1,1.05
2023-12-11,2023,12,4,345,-0.0,1.0,Haut-Sassandra,Maïs,Sablonneux,Seche,63.0,29.6,72.6,0,1.03
2024-04-24,2024,4,2,115,0.866,-0.5,Haut-Sassandra,Manioc,Argileux,Seche,92.2,25.8,69.0,1,11.67
2023-11-24,2023,11,4,328,-0.5,0.866,Nawa,Maïs,Limoneux,Seche,41.2,26.5,66.9,0,1.23
2023-03-14,2023,3,1,73,1.0,0.0,Haut-Sassandra,Anacarde,Argileux,Seche,41.9,29.6,67.6,0,0.39
2023-01-12,2023,1,1,12,0.5,0.866,Haut-Sassandra,Anacarde,Sablonneux,Seche,36.7,32.6,68.7,0,0.4
2021-05-11,2021,5,2,131,0.5,-0.866,Haut-Sassandra,Cacao,Argileux,Pluies,149.0,24.8,81.6,1,1.75
2023-10-20,2023,10,4,293,-0.866,0.5,Nawa,Cacao,Sablonneux,Pluies,198.2,24.2,86.6,0,1.48
2022-09-24,2022,9,3,267,-1.0,-0.0,Poro,Anacarde,Sablonneux,Pluies,164.0,29.3,68.8,0,0.82
2023-04-18,2023,4,2,108,0.866,-0.5,Haut-Sassandra,Manioc,Argileux,Seche,36.6,26.5,65.0,1,10.58
2023-01-29,2023,1,1,29,0.5,0.866,Haut-Sassandra,Maïs,Argileux,Seche,37.6,30.2,69.4,0,1.35
2024-12-26,2024,12,4,361,-0.0,1.0,Haut-Sassandra,Maïs,Argileux,Seche,34.4,34.2,70.9,0,1.4
2022-12-05,2022,12,4,339,-0.0,1.0,Nawa,Manioc,Sablonneux,Seche,64.9,30.3,65.7,0,12.05
2022-05-12,2022,5,2,132,0.5,-0.866,Poro,Maïs,Sablonneux,Seche,14.2,35.2,32.0,1,1.36
2024-11-27,2024,11,4,332,-0.5,0.866,Haut-Sassandra,Cacao,Argileux,Seche,61.4,30.8,57.5,0,1.08
2021-11-19,2021,11,4,323,-0.5,0.866,Haut-Sassandra,Cacao,Argileux,Seche,50.6,29.0,61.9,0,1.0
2024-05-18,2024,5,2,139,0.5,-0.866,Haut-Sassandra,Cacao,Limoneux,Pluies,187.9,24.4,80.6,1,1.66
2022-09-07,2022,9,3,250,-1.0,-0.0,Poro,Maïs,Sablonneux,Pluies,194.1,30.9,70.3,0,1.32
2021-11-25,2021,11,4,329,-0.5,0.866,Nawa,Cacao,Limoneux,Seche,41.1,31.9,60.1,0,1.15
2024-10-27,2024,10,4,301,-0.866,0.5,Poro,Anacarde,Sablonneux,Seche,27.1,30.7,40.0,0,0.73
2021-05-13,2021,5,2,133,0.5,-0.866,Haut-Sassandra,Anacarde,Argileux,Pluies,130.7,27.8,81.0,1,0.54
2023-04-15,2023,4,2,105,0.866,-0.5,Haut-Sassandra,Cacao,Limoneux,Seche,35.2,31.6,71.0,1,0.98
2022-10-13,2022,10,4,286,-0.866,0.5,Haut-Sassandra,Manioc,Limoneux,Pluies,269.2,25.7,83.3,0,11.9
2021-05-01,2021,5,2,121,0.5,-0.866,Haut-Sassandra,Cacao,Limoneux,Pluies,168.6,25.4,90.3,1,1.52
2022-08-29,2022,8,3,241,-0.866,-0.5,Poro,Manioc,Sablonneux,Pluies,170.9,23.3,74.6,0,8.72
2023-08-23,2023,8,3,235,-0.866,-0.5,Poro,Anacarde,Sablonneux,Pluies,171.6,28.6,81.3,0,1.09
2021-05-09,2021,5,2,129,0.5,-0.866,Haut-Sassandra,Maïs,Argileux,Pluies,206.8,25.1,85.7,1,1.76
2024-01-20,2024,1,1,20,0.5,0.866,Haut-Sassandra,Manioc,Argileux,Seche,37.5,27.4,66.9,0,12.43
2021-01-29,2021,1,1,29,0.5,0.866,Nawa,Cacao,Argileux,Seche,31.4,30.8,58.1,0,1.1
2022-12-23,2022,12,4,357,-0.0,1.0,Haut-Sassandra,Manioc,Limoneux,Seche,28.2,28.9,74.6,0,12.15
2021-11-29,2021,11,4,333,-0.5,0.866,Haut-Sassandra,Manioc,Limoneux,Seche,54.0,26.4,51.7,0,10.42
2024-08-13,2024,8,3,226,-0.866,-0.5,Haut-Sassandra,Anacarde,Argileux,Seche,48.2,24.9,70.0,1,0.38
2024-02-28,2024,2,1,59,0.866,0.5,Nawa,Cacao,Argileux,Seche,16.3,29.8,67.2,0,1.19
2024-08-09,2024,8,3,222,-0.866,-0.5,Haut-Sassandra,Manioc,Argileux,Seche,55.8,31.4,70.7,1,11.97
2024-04-11,2024,4,2,102,0.866,-0.5,Haut-Sassandra,Manioc,Limoneux,Seche,32.3,31.8,72.0,1,12.67
2023-08-02,2023,8,3,214,-0.866,-0.5,Nawa,Maïs,Argileux,Seche,34.9,29.5,62.7,1,1.41
2023-11-14,2023,11,4,318,-0.5,0.866,Haut-Sassandra,Cacao,Argileux,Seche,19.8,33.3,79.0,0,1.07
2024-01-28,2024,1,1,28,0.5,0.866,Nawa,Manioc,Limoneux,Seche,26.8,30.6,73.1,0,13.38
2024-11-30,2024,11,4,335,-0.5,0.866,Poro,Anacarde,Limoneux,Seche,12.3,30.8,44.8,0,0.74
2021-12-22,2021,12,4,356,-0.0,1.0,Haut-Sassandra,Cacao,Argileux,Seche,40.0,27.6,78.1,0,1.12
2021-05-19,2021,5,2,139,0.5,-0.866,Haut-Sassandra,Manioc,Sablonneux,Pluies,186.3,23.3,91.5,1,16.89
2024-04-12,2024,4,2,103,0.866,-0.5,Poro,Maïs,Argileux,Seche,16.8,31.8,45.8,0,1.46
2021-01-29,2021,1,1,29,0.5,0.866,Haut-Sassandra,Maïs,Limoneux,Seche,37.2,26.3,68.0,0,1.29
2023-07-20,2023,7,3,201,-0.5,-0.866,Poro,Anacarde,Limoneux,Pluies,208.9,31.3,73.5,0,0.77
2022-05-11,2022,5,2,131,0.5,-0.866,Haut-Sassandra,Manioc,Limoneux,Pluies,215.2,25.8,85.4,1,15.96
2023-10-11,2023,10,4,284,-0.866,0.5,Haut-Sassandra,Manioc,Argileux,Pluies,198.7,26.7,83.4,0,18.17
2022-10-17,2022,10,4,290,-0.866,0.5,Nawa,Manioc,Limoneux,Pluies,123.7,29.4,90.6,0,12.75
2023-04-08,2023,4,2,98,0.866,-0.5,Haut-Sassandra,Manioc,Limoneux,Seche,47.5,28.3,67.1,1,9.2
2021-12-17,2021,12,4,351,-0.0,1.0,Haut-Sassandra,Manioc,Argileux,Seche,42.6,28.4,61.9,0,12.47
2022-07-08,2022,7,3,189,-0.5,-0.866,Nawa,Manioc,Limoneux,Pluies,197.8,25.4,89.0,0,16.96
2021-10-26,2021,10,4,299,-0.866,0.5,Poro,Anacarde,Limoneux,Seche,0.0,35.0,29.6,0,0.8
2024-04-30,2024,4,2,121,0.866,-0.5,Nawa,Manioc,Sablonneux,Seche,46.9,24.9,71.6,1,10.91
2021-03-05,2021,3,1,64,1.0,0.0,Poro,Cacao,Sablonneux,Seche,8.5,29.6,53.0,0,0.57
2023-01-25,2023,1,1,25,0.5,0.866,Nawa,Manioc,Sablonneux,Seche,34.4,27.8,69.8,0,12.41
2023-02-09,2023,2,1,40,0.866,0.5,Haut-Sassandra,Maïs,Limoneux,Seche,31.5,28.1,62.9,0,1.32
2024-05-23,2024,5,2,144,0.5,-0.866,Nawa,Manioc,Limoneux,Pluies,133.1,24.7,81.3,1,15.09
2023-04-14,2023,4,2,104,0.866,-0.5,Nawa,Manioc,Limoneux,Seche,0.0,33.9,77.1,1,10.66
2021-06-15,2021,6,2,166,0.0,-1.0,Nawa,Manioc,Limoneux,Pluies,178.7,26.6,89.2,0,15.9
2024-06-09,2024,6,2,161,0.0,-1.0,Nawa,Cacao,Sablonneux,Pluies,232.9,23.3,85.2,1,1.05
2024-05-03,2024,5,2,124,0.5,-0.866,Nawa,Cacao,Argileux,Pluies,222.9,28.7,90.1,1,1.66
2022-05-21,2022,5,2,141,0.5,-0.866,Poro,Manioc,Argileux,Seche,11.1,35.7,59.1,1,6.55
2024-09-19,2024,9,3,263,-1.0,-0.0,Haut-Sassandra,Cacao,Argileux,Pluies,83.6,24.6,84.4,1,1.16
2023-03-04,2023,3,1,63,1.0,0.0,Poro,Anacarde,Argileux,Seche,4.7,40.5,34.2,0,0.75
2024-08-20,2024,8,3,233,-0.866,-0.5,Haut-Sassandra,Cacao,Limoneux,Seche,82.0,33.2,68.8,1,1.09
2023-04-13,2023,4,2,103,0.866,-0.5,Poro,Anacarde,Argileux,Seche,8.9,26.4,55.7,0,0.82
2024-09-08,2024,9,3,252,-1.0,-0.0,Haut-Sassandra,Maïs,Argileux,Pluies,248.7,27.4,85.8,1,1.48
2023-05-08,2023,5,2,128,0.5,-0.866,Haut-Sassandra,Manioc,Argileux,Pluies,239.2,29.6,79.0,1,12.03
2024-11-17,2024,11,4,322,-0.5,0.866,Poro,Maïs,Sablonneux,Seche,24.4,30.8,34.7,0,1.21
2023-03-17,2023,3,1,76,1.0,0.0,Nawa,Cacao,Argileux,Seche,37.2,32.4,73.0,0,1.14
2024-03-18,2024,3,1,78,1.0,0.0,Haut-Sassandra,Cacao,Limoneux,Seche,9.9,29.2,71.8,0,1.09
2023-01-31,2023,1,1,31,0.5,0.866,Poro,Maïs,Limoneux,Seche,0.1,35.8,47.6,0,1.24
2023-04-13,2023,4,2,103,0.866,-0.5,Nawa,Cacao,Limoneux,Seche,42.6,30.1,50.5,1,1.12
2024-11-29,2024,11,4,334,-0.5,0.866,Poro,Maïs,Sablonneux,Seche,14.1,34.4,45.9,0,1.46
2021-10-10,2021,10,4,283,-0.866,0.5,Poro,Maïs,Limoneux,Seche,0.0,38.5,37.0,0,1.2
2024-10-17,2024,10,4,291,-0.866,0.5,Poro,Anacarde,Sablonneux,Seche,6.4,34.6,27.7,0,0.8
2022-01-14,2022,1,1,14,0.5,0.866,Haut-Sassandra,Manioc,Sablonneux,Seche,23.0,28.1,64.0,0,11.04
2021-07-17,2021,7,3,198,-0.5,-0.866,Haut-Sassandra,Cacao,Limoneux,Pluies,201.9,25.0,87.5,0,1.41
2023-10-12,2023,10,4,285,-0.866,0.5,Nawa,Cacao,Sablonneux,Pluies,135.8,23.0,78.6,0,1.66
2023-10-21,2023,10,4,294,-0.866,0.5,Haut-Sassandra,Manioc,Limoneux,Pluies,168.8,23.2,88.8,0,17.3
2022-07-10,2022,7,3,191,-0.5,-0.866,Haut-Sassandra,Cacao,Limoneux,Pluies,135.3,27.0,77.2,0,1.47
2021-12-22,2021,12,4,356,-0.0,1.0,Nawa,Manioc,Limoneux,Seche,28.6,35.3,63.3,0,13.22
2024-12-23,2024,12,4,358,-0.0,1.0,Poro,Maïs,Limoneux,Seche,27.1,35.4,29.5,0,1.18
2023-11-07,2023,11,4,311,-0.5,0.866,Haut-Sassandra,Manioc,Limoneux,Seche,51.7,28.8,70.9,0,10.66
2022-10-01,2022,10,4,274,-0.866,0.5,Haut-Sassandra,Cacao,Limoneux,Pluies,166.9,27.8,87.4,0,1.54
2022-01-14,2022,1,1,14,0.5,0.866,Poro,Maïs,Limoneux,Seche,22.4,33.2,53.1,0,1.28
2022-11-11,2022,11,4,315,-0.5,0.866,Haut-Sassandra,Cacao,Argileux,Seche,22.5,24.2,67.9,0,1.17
2022-05-21,2022,5,2,141,0.5,-0.866,Poro,Anacarde,Sablonneux,Seche,6.5,35.7,56.5,1,0.66
2023-06-18,2023,6,2,169,0.0,-1.0,Nawa,Anacarde,Argileux,Pluies,201.3,24.2,81.8,0,0.53
2021-03-17,2021,3,1,76,1.0,0.0,Haut-Sassandra,Cacao,Limoneux,Seche,64.0,32.3,75.7,0,1.06
2021-08-19,2021,8,3,231,-0.866,-0.5,Nawa,Manioc,Argileux,Seche,30.0,32.1,68.6,1,9.5
2023-08-20,2023,8,3,232,-0.866,-0.5,Poro,Maïs,Limoneux,Pluies,158.5,25.2,76.9,0,1.94
2024-06-25,2024,6,2,177,0.0,-1.0,Haut-Sassandra,Manioc,Argileux,Pluies,188.8,22.9,83.1,0,12.33
2021-10-29,2021,10,4,302,-0.866,0.5,Haut-Sassandra,Anacarde,Limoneux,Pluies,156.0,26.7,84.4,0,0.57
2022-12-27,2022,12,4,361,-0.0,1.0,Haut-Sassandra,Cacao,Limoneux,Seche,59.9,30.9,69.2,0,1.21
2021-08-03,2021,8,3,215,-0.866,-0.5,Nawa,Anacarde,Argileux,Seche,44.4,28.4,70.4,1,0.44
2024-03-27,2024,3,1,87,1.0,0.0,Poro,Manioc,Sablonneux,Seche,10.4,37.7,34.0,0,5.82
2021-03-10,2021,3,1,69,1.0,0.0,Haut-Sassandra,Manioc,Sablonneux,Seche,56.2,33.8,72.9,0,13.19
2022-01-28,2022,1,1,28,0.5,0.866,Nawa,Cacao,Argileux,Seche,53.5,29.0,65.2,0,1.23
2024-01-14,2024,1,1,14,0.5,0.866,Nawa,Manioc,Limoneux,Seche,74.8,32.0,68.2,0,11.66
2021-09-24,2021,9,3,267,-1.0,-0.0,Poro,Maïs,Argileux,Pluies,227.8,25.5,72.3,0,1.93
2023-12-29,2023,12,4,363,-0.0,1.0,Poro,Anacarde,Limoneux,Seche,20.0,34.8,40.4,0,0.63
2022-09-03,2022,9,3,246,-1.0,-0.0,Poro,Maïs,Sablonneux,Pluies,195.9,26.7,73.4,0,1.94
2024-10-02,2024,10,4,276,-0.866,0.5,Nawa,Manioc,Limoneux,Pluies,136.5,27.5,83.6,0,17.01
2023-10-06,2023,10,4,279,-0.866,0.5,Haut-Sassandra,Cacao,Sablonneux,Pluies,164.3,29.6,94.7,0,1.03
2023-08-20,2023,8,3,232,-0.866,-0.5,Haut-Sassandra,Cacao,Limoneux,Seche,68.5,30.5,72.0,1,1.25
2022-12-29,2022,12,4,363,-0.0,1.0,Nawa,Manioc,Argileux,Seche,37.1,27.7,63.3,0,11.72
2022-11-04,2022,11,4,308,-0.5,0.866,Poro,Anacarde,Limoneux,Seche,2.0,28.9,31.3,0,0.68
2022-02-27,2022,2,1,58,0.866,0.5,Poro,Anacarde,Argileux,Seche,27.9,33.2,41.6,0,0.85
2024-04-12,2024,4,2,103,0.866,-0.5,Nawa,Maïs,Sablonneux,Seche,36.1,32.8,68.4,1,1.22
2021-04-25,2021,4,2,115,0.866,-0.5,Nawa,Cacao,Sablonneux,Seche,88.2,31.3,70.5,1,1.14
2021-08-08,2021,8,3,220,-0.866,-0.5,Haut-Sassandra,Manioc,Limoneux,Seche,73.6,30.6,70.1,1,12.67
2021-01-31,2021,1,1,31,0.5,0.866,Nawa,Cacao,Limoneux,Seche,42.1,30.0,71.8,0,1.03
2024-09-28,2024,9,3,272,-1.0,-0.0,Poro,Anacarde,Sablonneux,Pluies,201.9,30.7,82.4,0,0.84
2024-11-01,2024,11,4,306,-0.5,0.866,Poro,Anacarde,Limoneux,Seche,28.2,29.5,30.6,0,0.75
2024-02-28,2024,2,1,59,0.866,0.5,Haut-Sassandra,Maïs,Limoneux,Seche,52.9,30.5,69.5,0,1.15
2022-09-09,2022,9,3,252,-1.0,-0.0,Poro,Manioc,Limoneux,Pluies,194.5,27.4,81.7,0,8.86
2022-06-23,2022,6,2,174,0.0,-1.0,Haut-Sassandra,Maïs,Limoneux,Pluies,180.7,27.4,82.9,0,1.71
2023-01-09,2023,1,1,9,0.5,0.866,Nawa,Maïs,Limoneux,Seche,28.0,29.0,68.6,0,1.2
2023-10-23,2023,10,4,296,-0.866,0.5,Nawa,Maïs,Limoneux,Pluies,280.1,27.2,78.5,0,1.32
2023-05-21,2023,5,2,141,0.5,-0.866,Poro,Anacarde,Limoneux,Seche,6.8,38.9,35.4,1,0.87
2021-04-11,2021,4,2,101,0.866,-0.5,Nawa,Cacao,Argileux,Seche,73.0,28.1,59.3,1,1.18
2023-12-18,2023,12,4,352,-0.0,1.0,Poro,Anacarde,Argileux,Seche,20.8,31.5,47.2,0,0.74
2024-11-13,2024,11,4,318,-0.5,0.866,Nawa,Cacao,Limoneux,Seche,10.5,30.9,75.5,0,0.98
2022-11-23,2022,11,4,327,-0.5,0.866,Haut-Sassandra,Manioc,Argileux,Seche,88.1,29.9,76.7,0,13.18
2023-07-30,2023,7,3,211,-0.5,-0.866,Nawa,Manioc,Argileux,Pluies,221.3,25.8,86.8,0,15.29
2021-12-07,2021,12,4,341,-0.0,1.0,Poro,Manioc,Limoneux,Seche,28.5,33.5,33.0,0,6.38
2023-05-11,2023,5,2,131,0.5,-0.866,Haut-Sassandra,Manioc,Argileux,Pluies,169.4,25.4,80.8,1,19.25
2023-11-10,2023,11,4,314,-0.5,0.866,Nawa,Manioc,Argileux,Seche,44.1,26.8,77.2,0,11.49
2024-07-02,2024,7,3,184,-0.5,-0.866,Haut-Sassandra,Manioc,Argileux,Pluies,175.1,23.9,80.7,0,18.21
2024-09-02,2024,9,3,246,-1.0,-0.0,Haut-Sassandra,Cacao,Argileux,Pluies,143.7,25.7,84.9,1,1.36
2021-02-07,2021,2,1,38,0.866,0.5,Haut-Sassandra,Cacao,Argileux,Seche,39.8,31.1,72.0,0,1.04
2022-10-22,2022,10,4,295,-0.866,0.5,Poro,Maïs,Argileux,Seche,16.6,32.4,54.1,0,1.35
2024-11-10,2024,11,4,315,-0.5,0.866,Haut-Sassandra,Cacao,Limoneux,Seche,9.3,30.3,63.2,0,1.13
2023-07-17,2023,7,3,198,-0.5,-0.866,Nawa,Cacao,Argileux,Pluies,208.4,27.1,86.9,0,1.33
2023-11-16,2023,11,4,320,-0.5,0.866,Haut-Sassandra,Cacao,Limoneux,Seche,28.4,28.7,69.9,0,1.22
2022-03-30,2022,3,1,89,1.0,0.0,Nawa,Cacao,Limoneux,Seche,28.6,29.7,63.9,0,1.1
2024-09-08,2024,9,3,252,-1.0,-0.0,Poro,Anacarde,Limoneux,Pluies,133.7,25.6,67.9,0,1.09
2023-01-07,2023,1,1,7,0.5,0.866,Poro,Anacarde,Sablonneux,Seche,1.9,32.4,50.0,0,0.89
2023-03-30,2023,3,1,89,1.0,0.0,Nawa,Cacao,Argileux,Seche,56.8,28.1,70.4,0,1.07
2023-02-12,2023,2,1,43,0.866,0.5,Haut-Sassandra,Manioc,Argileux,Seche,30.4,27.6,66.4,0,12.31
2021-01-13,2021,1,1,13,0.5,0.866,Haut-Sassandra,Cacao,Argileux,Seche,34.1,30.2,64.8,0,1.01
2023-07-04,2023,7,3,185,-0.5,-0.866,Poro,Maïs,Argileux,Pluies,166.8,29.2,78.1,0,1.19
2023-07-10,2023,7,3,191,-0.5,-0.866,Poro,Maïs,Sablonneux,Pluies,135.6,26.6,72.0,0,1.9
2023-04-05,2023,4,2,95,0.866,-0.5,Nawa,Manioc,Argileux,Seche,26.4,26.6,65.3,1,12.33
2022-01-06,2022,1,1,6,0.5,0.866,Nawa,Cacao,Argileux,Seche,5.3,32.8,67.8,0,1.23
2024-08-07,2024,8,3,220,-0.866,-0.5,Haut-Sassandra,Manioc,Argileux,Seche,52.3,33.4,60.3,1,12.42
2021-11-28,2021,11,4,332,-0.5,0.866,Haut-Sassandra,Maïs,Limoneux,Seche,29.6,28.0,58.2,0,1.22
2021-09-18,2021,9,3,261,-1.0,-0.0,Haut-Sassandra,Anacarde,Sablonneux,Pluies,180.8,23.5,88.8,1,0.59
2024-05-13,2024,5,2,134,0.5,-0.866,Nawa,Cacao,Argileux,Pluies,219.2,26.5,86.5,1,1.54
2022-11-28,2022,11,4,332,-0.5,0.866,Haut-Sassandra,Cacao,Limoneux,Seche,44.0,29.2,61.0,0,1.17
2022-11-18,2022,11,4,322,-0.5,0.866,Haut-Sassandra,Manioc,Argileux,Seche,37.2,28.1,71.5,1,11.18
2023-08-08,2023,8,3,220,-0.866,-0.5,Haut-Sassandra,Manioc,Limoneux,Seche,53.6,34.7,80.5,1,11.24
2022-01-22,2022,1,1,22,0.5,0.866,Poro,Anacarde,Sablonneux,Seche,12.6,29.1,38.9,0,0.72
2023-04-01,2023,4,2,91,0.866,-0.5,Haut-Sassandra,Cacao,Argileux,Seche,39.7,30.0,68.1,1,1.16
2022-04-13,2022,4,2,103,0.866,-0.5,Haut-Sassandra,Cacao,Limoneux,Seche,58.4,28.9,64.9,1,0.99
2024-12-09,2024,12,4,344,-0.0,1.0,Haut-Sassandra,Maïs,Sablonneux,Seche,31.5,33.2,73.4,0,1.38
2021-03-10,2021,3,1,69,1.0,0.0,Nawa,Cacao,Sablonneux,Seche,25.8,30.1,59.6,0,1.12
2024-02-02,2024,2,1,33,0.866,0.5,Haut-Sassandra,Cacao,Limoneux,Seche,36.3,29.6,64.3,0,1.12
2024-03-30,2024,3,1,90,1.0,0.0,Poro,Anacarde,Sablonneux,Seche,8.0,37.5,51.7,0,0.83
2021-07-19,2021,7,3,200,-0.5,-0.866,Haut-Sassandra,Manioc,Limoneux,Pluies,197.7,27.5,84.4,0,15.82
2021-08-04,2021,8,3,216,-0.866,-0.5,Nawa,Manioc,Argileux,Seche,71.4,31.2,65.7,1,11.54
2021-07-31,2021,7,3,212,-0.5,-0.866,Nawa,Cacao,Limoneux,Pluies,164.6,26.4,86.7,0,1.63
2022-05-23,2022,5,2,143,0.5,-0.866,Poro,Anacarde,Sablonneux,Seche,13.0,33.7,45.1,1,0.9
2021-01-16,2021,1,1,16,0.5,0.866,Haut-Sassandra,Cacao,Argileux,Seche,41.3,31.7,68.1,0,1.11
2023-06-03,2023,6,2,154,0.0,-1.0,Poro,Anacarde,Sablonneux,Pluies,150.6,25.5,76.9,1,1.05
2021-11-28,2021,11,4,332,-0.5,0.866,Nawa,Maïs,Sablonneux,Seche,32.3,29.3,89.6,0,1.46
2022-12-18,2022,12,4,352,-0.0,1.0,Nawa,Cacao,Argileux,Seche,61.1,29.4,68.7,0,1.13
2022-07-05,2022,7,3,186,-0.5,-0.866,Haut-Sassandra,Manioc,Argileux,Pluies,163.3,27.3,82.9,0,18.62
2023-07-31,2023,7,3,212,-0.5,-0.866,Poro,Anacarde,Sablonneux,Pluies,117.9,28.5,78.0,0,1.09
2021-09-13,2021,9,3,256,-1.0,-0.0,Haut-Sassandra,Cacao,Sablonneux,Pluies,183.8,27.9,86.3,1,1.81
2023-09-19,2023,9,3,262,-1.0,-0.0,Poro,Maïs,Limoneux,Pluies,191.0,25.1,75.3,0,1.79
2022-12-29,2022,12,4,363,-0.0,1.0,Nawa,Manioc,Limoneux,Seche,36.4,34.7,69.4,0,12.99
2023-05-30,2023,5,2,150,0.5,-0.866,Nawa,Maïs,Limoneux,Pluies,224.5,27.9,92.7,1,1.81
2023-03-26,2023,3,1,85,1.0,0.0,Haut-Sassandra,Cacao,Sablonneux,Seche,47.9,28.3,72.3,0,1.18
2024-04-10,2024,4,2,101,0.866,-0.5,Haut-Sassandra,Manioc,Limoneux,Seche,57.6,29.8,71.3,1,13.05
2022-10-11,2022,10,4,284,-0.866,0.5,Haut-Sassandra,Cacao,Sablonneux,Pluies,226.1,27.3,82.7,0,1.68
2023-09-27,2023,9,3,270,-1.0,-0.0,Haut-Sassandra,Cacao,Argileux,Pluies,186.4,26.1,85.0,1,1.36
2022-04-16,2022,4,2,106,0.866,-0.5,Nawa,Cacao,Limoneux,Seche,73.7,26.2,63.8,1,1.15
2024-11-08,2024,11,4,313,-0.5,0.866,Haut-Sassandra,Cacao,Sablonneux,Seche,43.6,30.9,60.9,0,1.18
2022-11-21,2022,11,4,325,-0.5,0.866,Poro,Anacarde,Sablonneux,Seche,19.4,32.9,49.1,0,0.69
2022-12-01,2022,12,4,335,-0.0,1.0,Haut-Sassandra,Cacao,Argileux,Seche,36.1,32.1,66.0,0,1.18
2022-05-22,2022,5,2,142,0.5,-0.866,Nawa,Manioc,Limoneux,Pluies,136.0,26.8,85.4,1,18.17
2023-09-19,2023,9,3,262,-1.0,-0.0,Nawa,Cacao,Limoneux,Pluies,182.0,25.2,87.4,1,1.58
2023-10-07,2023,10,4,280,-0.866,0.5,Poro,Manioc,Limoneux,Seche,15.4,28.8,39.2,0,5.56
2023-03-15,2023,3,1,74,1.0,0.0,Nawa,Cacao,Limoneux,Seche,47.9,30.5,71.6,0,1.12
2023-04-11,2023,4,2,101,0.866,-0.5,Nawa,Cacao,Argileux,Seche,66.7,27.4,65.8,1,1.1
2024-09-10,2024,9,3,254,-1.0,-0.0,Nawa,Manioc,Limoneux,Pluies,210.4,25.9,78.1,1,18.08
2021-08-02,2021,8,3,214,-0.866,-0.5,Haut-Sassandra,Manioc,Argileux,Seche,51.2,28.4,77.6,1,14.6
2024-05-16,2024,5,2,137,0.5,-0.866,Nawa,Manioc,Argileux,Pluies,154.0,25.9,86.2,1,16.5
2021-06-18,2021,6,2,169,0.0,-1.0,Nawa,Manioc,Limoneux,Pluies,249.9,25.3,85.1,0,12.2
2024-09-15,2024,9,3,259,-1.0,-0.0,Haut-Sassandra,Cacao,Argileux,Pluies,162.2,27.3,86.0,1,1.64
2024-07-27,2024,7,3,209,-0.5,-0.866,Haut-Sassandra,Cacao,Argileux,Pluies,144.0,26.8,86.8,0,1.54
2023-09-05,2023,9,3,248,-1.0,-0.0,Poro,Manioc,Sablonneux,Pluies,169.4,26.4,76.7,0,9.0
2024-08-21,2024,8,3,234,-0.866,-0.5,Nawa,Manioc,Argileux,Seche,13.6,30.1,69.0,1,13.69
2021-05-26,2021,5,2,146,0.5,-0.866,Haut-Sassandra,Cacao,Limoneux,Pluies,207.5,26.4,84.5,1,1.42
2022-05-31,2022,5,2,151,0.5,-0.866,Haut-Sassandra,Manioc,Argileux,Pluies,165.5,25.9,85.3,1,19.16
2024-01-19,2024,1,1,19,0.5,0.866,Haut-Sassandra,Manioc,Limoneux,Seche,22.1,28.5,67.5,0,12.47
2022-03-29,2022,3,1,88,1.0,0.0,Nawa,Manioc,Limoneux,Seche,34.7,28.5,72.1,0,12.85
2021-03-01,2021,3,1,60,1.0,0.0,Poro,Anacarde,Sablonneux,Seche,7.6,36.3,41.2,0,0.7
2024-08-27,2024,8,3,240,-0.866,-0.5,Nawa,Manioc,Argileux,Seche,37.2,31.4,57.9,1,11.94
2022-06-12,2022,6,2,163,0.0,-1.0,Haut-Sassandra,Cacao,Argileux,Pluies,150.5,27.2,84.4,0,1.5
2024-06-04,2024,6,2,156,0.0,-1.0,Nawa,Maïs,Limoneux,Pluies,177.4,26.4,89.1,0,1.64
2023-10-21,2023,10,4,294,-0.866,0.5,Haut-Sassandra,Manioc,Limoneux,Pluies,268.9,24.4,86.4,0,12.76
2022-04-19,2022,4,2,109,0.866,-0.5,Nawa,Cacao,Limoneux,Seche,33.2,30.1,65.9,1,1.07
2023-01-27,2023,1,1,27,0.5,0.866,Poro,Manioc,Sablonneux,Seche,4.9,31.3,23.6,0,4.87
2023-02-21,2023,2,1,52,0.866,0.5,Nawa,Manioc,Limoneux,Seche,62.0,30.7,73.6,1,12.49
2024-01-08,2024,1,1,8,0.5,0.866,Poro,Maïs,Limoneux,Seche,0.0,36.6,46.7,0,1.05
2022-03-09,2022,3,1,68,1.0,0.0,Nawa,Manioc,Argileux,Seche,48.1,30.6,59.5,0,12.37
2024-03-22,2024,3,1,82,1.0,0.0,Poro,Manioc,Sablonneux,Seche,9.7,31.1,36.6,0,5.46
2022-02-05,2022,2,1,36,0.866,0.5,Haut-Sassandra,Manioc,Argileux,Seche,4.0,29.5,66.7,0,12.0
2024-07-26,2024,7,3,208,-0.5,-0.866,Haut-Sassandra,Cacao,Argileux,Pluies,131.9,24.5,86.9,0,1.84
2021-02-26,2021,2,1,57,0.866,0.5,Poro,Anacarde,Sablonneux,Seche,17.6,29.6,55.5,0,0.73
2023-09-30,2023,9,3,273,-1.0,-0.0,Nawa,Cacao,Sablonneux,Pluies,145.4,29.4,82.9,1,1.07
2021-07-05,2021,7,3,186,-0.5,-0.866,Nawa,Cacao,Argileux,Pluies,139.0,25.1,86.2,0,1.66
2022-02-02,2022,2,1,33,0.866,0.5,Nawa,Anacarde,Argileux,Seche,51.9,31.1,62.9,0,0.42
2022-08-28,2022,8,3,240,-0.866,-0.5,Nawa,Cacao,Limoneux,Seche,63.1,28.7,67.9,1,1.13
2023-02-27,2023,2,1,58,0.866,0.5,Nawa,Manioc,Limoneux,Seche,39.2,31.0,66.9,0,11.28
2021-06-07,2021,6,2,158,0.0,-1.0,Haut-Sassandra,Cacao,Argileux,Pluies,235.9,26.5,86.0,0,1.4
2024-10-14,2024,10,4,288,-0.866,0.5,Nawa,Maïs,Limoneux,Pluies,211.3,24.1,83.7,0,1.92
2022-08-12,2022,8,3,224,-0.866,-0.5,Nawa,Maïs,Limoneux,Seche,15.0,26.4,76.5,1,1.44
2022-04-11,2022,4,2,101,0.866,-0.5,Haut-Sassandra,Cacao,Argileux,Seche,24.8,28.2,77.1,1,1.09
2022-03-22,2022,3,1,81,1.0,0.0,Nawa,Maïs,Argileux,Seche,62.7,28.0,70.4,0,1.52
2023-03-12,2023,3,1,71,1.0,0.0,Haut-Sassandra,Cacao,Argileux,Seche,62.6,27.2,53.8,0,1.26
2024-01-02,2024,1,1,2,0.5,0.866,Nawa,Manioc,Argileux,Seche,1.6,30.6,70.6,0,12.22
2023-07-18,2023,7,3,199,-0.5,-0.866,Nawa,Maïs,Argileux,Pluies,187.6,29.6,85.9,0,1.24
2021-01-17,2021,1,1,17,0.5,0.866,Nawa,Maïs,Limoneux,Seche,48.3,32.3,66.3,0,1.26
2023-01-01,2023,1,1,1,0.5,0.866,Nawa,Manioc,Limoneux,Seche,30.6,30.4,68.0,0,12.17
2021-11-22,2021,11,4,326,-0.5,0.866,Poro,Anacarde,Sablonneux,Seche,10.9,36.2,38.6,0,0.81
2023-09-22,2023,9,3,265,-1.0,-0.0,Nawa,Maïs,Limoneux,Pluies,149.8,28.5,85.2,1,1.92
2022-09-05,2022,9,3,248,-1.0,-0.0,Haut-Sassandra,Cacao,Argileux,Pluies,144.9,27.0,86.4,1,1.5
2022-06-30,2022,6,2,181,0.0,-1.0,Poro,Anacarde,Sablonneux,Pluies,196.4,29.8,76.7,1,0.73
2022-08-19,2022,8,3,231,-0.866,-0.5,Nawa,Cacao,Limoneux,Seche,50.8,29.6,62.4,1,1.27
2023-07-10,2023,7,3,191,-0.5,-0.866,Haut-Sassandra,Anacarde,Sablonneux,Pluies,198.5,24.8,90.4,0,0.61
2023-04-22,2023,4,2,112,0.866,-0.5,Haut-Sassandra,Maïs,Argileux,Seche,61.6,34.3,58.6,1,1.07
2024-05-10,2024,5,2,131,0.5,-0.866,Haut-Sassandra,Anacarde,Limoneux,Pluies,193.0,26.2,87.2,1,0.5
2021-12-10,2021,12,4,344,-0.0,1.0,Haut-Sassandra,Manioc,Argileux,Seche,49.6,31.3,66.9,0,11.7
2023-05-09,2023,5,2,129,0.5,-0.866,Haut-Sassandra,Cacao,Limoneux,Pluies,180.3,30.1,87.0,1,1.05
2024-11-24,2024,11,4,329,-0.5,0.866,Haut-Sassandra,Cacao,Argileux,Seche,48.7,34.8,68.3,0,1.12
2024-05-26,2024,5,2,147,0.5,-0.866,Poro,Anacarde,Sablonneux,Seche,13.5,33.2,45.3,1,0.85
2022-03-21,2022,3,1,80,1.0,0.0,Haut-Sassandra,Manioc,Argileux,Seche,43.0,29.0,77.0,0,13.15
2021-08-10,2021,8,3,222,-0.866,-0.5,Haut-Sassandra,Manioc,Argileux,Seche,76.0,31.7,64.3,1,10.55
2024-11-07,2024,11,4,312,-0.5,0.866,Nawa,Cacao,Argileux,Seche,80.4,29.8,60.6,0,1.23
2022-08-15,2022,8,3,227,-0.866,-0.5,Haut-Sassandra,Cacao,Argileux,Seche,57.8,29.9,59.7,1,1.13
2023-10-28,2023,10,4,301,-0.866,0.5,Poro,Maïs,Argileux,Seche,16.9,33.5,39.4,0,1.13
2024-07-19,2024,7,3,201,-0.5,-0.866,Haut-Sassandra,Maïs,Limoneux,Pluies,197.7,26.5,77.5,0,2.13
2023-10-15,2023,10,4,288,-0.866,0.5,Haut-Sassandra,Maïs,Limoneux,Pluies,178.0,27.6,84.5,0,1.9
2021-01-16,2021,1,1,16,0.5,0.866,Haut-Sassandra,Cacao,Limoneux,Seche,18.8,27.0,67.9,0,1.01
2024-12-18,2024,12,4,353,-0.0,1.0,Nawa,Cacao,Limoneux,Seche,61.1,27.9,68.6,0,1.05
2022-06-08,2022,6,2,159,0.0,-1.0,Nawa,Cacao,Limoneux,Pluies,208.6,24.5,82.4,0,1.72
2023-03-14,2023,3,1,73,1.0,0.0,Nawa,Cacao,Limoneux,Seche,42.6,29.3,71.0,0,1.06
2021-01-21,2021,1,1,21,0.5,0.866,Haut-Sassandra,Cacao,Argileux,Seche,21.8,29.5,61.3,1,1.19
2021-08-16,2021,8,3,228,-0.866,-0.5,Poro,Maïs,Argileux,Pluies,158.8,25.6,68.2,0,1.84
2023-10-05,2023,10,4,278,-0.866,0.5,Poro,Anacarde,Limoneux,Seche,21.8,38.4,32.7,0,0.76
2024-08-04,2024,8,3,217,-0.866,-0.5,Haut-Sassandra,Anacarde,Sablonneux,Seche,82.1,27.6,59.1,1,0.39
2023-03-20,2023,3,1,79,1.0,0.0,Poro,Manioc,Sablonneux,Seche,21.0,31.1,56.1,0,6.16
2024-03-03,2024,3,1,63,1.0,0.0,Nawa,Cacao,Argileux,Seche,54.9,29.9,71.3,0,1.24
2024-07-30,2024,7,3,212,-0.5,-0.866,Nawa,Manioc,Limoneux,Pluies,212.8,27.1,86.5,0,16.31
2022-02-08,2022,2,1,39,0.866,0.5,Nawa,Manioc,Argileux,Seche,29.1,32.6,72.6,0,12.46
2023-12-26,2023,12,4,360,-0.0,1.0,Haut-Sassandra,Manioc,Argileux,Seche,19.3,30.8,77.4,0,12.59
2022-03-13,2022,3,1,72,1.0,0.0,Nawa,Manioc,Limoneux,Seche,41.7,28.9,60.6,0,12.4
2023-04-09,2023,4,2,99,0.866,-0.5,Poro,Maïs,Limoneux,Seche,0.0,33.1,41.9,1,1.03
2023-07-23,2023,7,3,204,-0.5,-0.866,Haut-Sassandra,Cacao,Limoneux,Pluies,223.5,26.2,78.6,0,1.48
2021-09-16,2021,9,3,259,-1.0,-0.0,Nawa,Cacao,Argileux,Pluies,149.0,28.7,80.6,1,1.46
2021-04-13,2021,4,2,103,0.866,-0.5,Haut-Sassandra,Manioc,Argileux,Seche,41.0,30.8,72.8,1,13.27
2023-09-20,2023,9,3,263,-1.0,-0.0,Poro,Manioc,Sablonneux,Pluies,128.3,26.7,71.1,0,8.47
2023-02-08,2023,2,1,39,0.866,0.5,Nawa,Manioc,Limoneux,Seche,17.3,30.2,68.5,0,10.65
2024-01-30,2024,1,1,30,0.5,0.866,Nawa,Cacao,Limoneux,Seche,31.4,29.8,60.3,0,1.13
2024-05-06,2024,5,2,127,0.5,-0.866,Haut-Sassandra,Anacarde,Limoneux,Pluies,177.3,26.8,88.8,1,0.58
2023-03-24,2023,3,1,83,1.0,0.0,Haut-Sassandra,Manioc,Argileux,Seche,38.5,31.6,70.3,0,13.17
2021-08-14,2021,8,3,226,-0.866,-0.5,Haut-Sassandra,Cacao,Limoneux,Seche,65.7,25.5,72.6,1,1.15
2023-08-01,2023,8,3,213,-0.866,-0.5,Nawa,Anacarde,Limoneux,Seche,57.4,35.5,58.8,1,0.44
2022-04-08,2022,4,2,98,0.866,-0.5,Poro,Maïs,Sablonneux,Seche,18.1,29.8,46.1,0,1.2
2021-08-25,2021,8,3,237,-0.866,-0.5,Nawa,Manioc,Limoneux,Seche,46.6,26.7,76.2,1,11.92
2023-11-16,2023,11,4,320,-0.5,0.866,Haut-Sassandra,Anacarde,Limoneux,Seche,44.5,32.8,70.4,0,0.41
2024-02-19,2024,2,1,50,0.866,0.5,Haut-Sassandra,Maïs,Limoneux,Seche,36.8,28.4,62.9,0,1.39
2022-05-21,2022,5,2,141,0.5,-0.866,Haut-Sassandra,Manioc,Sablonneux,Pluies,243.7,22.9,88.4,1,11.6
2024-04-20,2024,4,2,111,0.866,-0.5,Poro,Maïs,Limoneux,Seche,14.2,34.7,41.3,0,1.29
2023-03-25,2023,3,1,84,1.0,0.0,Haut-Sassandra,Cacao,Limoneux,Seche,41.3,28.9,71.1,1,1.18
2023-02-06,2023,2,1,37,0.866,0.5,Nawa,Manioc,Sablonneux,Seche,20.7,33.4,53.0,0,11.8
2022-09-26,2022,9,3,269,-1.0,-0.0,Haut-Sassandra,Maïs,Limoneux,Pluies,195.2,27.7,84.5,1,1.88
2024-08-31,2024,8,3,244,-0.866,-0.5,Poro,Anacarde,Sablonneux,Pluies,138.4,30.5,71.4,0,0.83
2023-09-18,2023,9,3,261,-1.0,-0.0,Nawa,Manioc,Limoneux,Pluies,226.0,27.1,93.8,1,19.39
2022-09-10,2022,9,3,253,-1.0,-0.0,Nawa,Cacao,Argileux,Pluies,125.7,24.3,84.0,1,1.72
2021-09-30,2021,9,3,273,-1.0,-0.0,Nawa,Cacao,Sablonneux,Pluies,189.4,28.3,88.2,1,1.53
2021-08-20,2021,8,3,232,-0.866,-0.5,Poro,Anacarde,Sablonneux,Pluies,157.0,29.6,75.4,0,0.86
2024-12-14,2024,12,4,349,-0.0,1.0,Nawa,Maïs,Argileux,Seche,87.5,32.0,60.6,0,1.21
2023-02-07,2023,2,1,38,0.866,0.5,Haut-Sassandra,Cacao,Limoneux,Seche,38.8,32.8,72.5,0,1.14
2022-05-11,2022,5,2,131,0.5,-0.866,Nawa,Maïs,Sablonneux,Pluies,200.9,25.9,85.5,1,1.66
2023-11-14,2023,11,4,318,-0.5,0.866,Nawa,Manioc,Limoneux,Seche,46.9,29.0,76.4,0,12.54
2024-02-07,2024,2,1,38,0.866,0.5,Poro,Anacarde,Sablonneux,Seche,16.2,32.7,23.8,0,0.7
2022-05-17,2022,5,2,137,0.5,-0.866,Nawa,Maïs,Argileux,Pluies,144.5,25.7,87.9,1,1.72
2021-01-25,2021,1,1,25,0.5,0.866,Poro,Manioc,Limoneux,Seche,15.9,30.3,53.4,1,6.33
2024-04-25,2024,4,2,116,0.866,-0.5,Nawa,Manioc,Limoneux,Seche,31.8,30.2,59.4,1,13.6
2021-10-15,2021,10,4,288,-0.866,0.5,Haut-Sassandra,Maïs,Argileux,Pluies,195.7,26.4,87.9,0,1.75
2021-12-04,2021,12,4,338,-0.0,1.0,Haut-Sassandra,Cacao,Argileux,Seche,38.9,30.2,71.6,0,1.09
2023-11-27,2023,11,4,331,-0.5,0.866,Haut-Sassandra,Manioc,Limoneux,Seche,54.7,28.6,70.5,0,11.47
2021-05-17,2021,5,2,137,0.5,-0.866,Nawa,Manioc,Argileux,Pluies,186.8,28.5,80.0,1,16.94
2022-05-23,2022,5,2,143,0.5,-0.866,Poro,Anacarde,Limoneux,Seche,11.5,34.3,34.9,1,0.82
2021-08-15,2021,8,3,227,-0.866,-0.5,Poro,Anacarde,Sablonneux,Pluies,138.4,27.0,74.0,0,1.06
2021-11-16,2021,11,4,320,-0.5,0.866,Nawa,Cacao,Argileux,Seche,28.4,32.2,62.4,0,1.18
2023-07-05,2023,7,3,186,-0.5,-0.866,Nawa,Cacao,Sablonneux,Pluies,181.7,26.4,84.4,0,1.51
2024-04-20,2024,4,2,111,0.866,-0.5,Nawa,Manioc,Limoneux,Seche,64.6,27.3,67.4,1,12.17
2021-03-27,2021,3,1,86,1.0,0.0,Nawa,Maïs,Argileux,Seche,49.1,32.2,65.8,0,1.38
2023-07-15,2023,7,3,196,-0.5,-0.866,Poro,Manioc,Sablonneux,Pluies,118.1,25.7,70.7,0,7.89
2021-02-22,2021,2,1,53,0.866,0.5,Haut-Sassandra,Cacao,Limoneux,Seche,36.9,31.7,75.2,0,0.93
2023-05-10,2023,5,2,130,0.5,-0.866,Nawa,Manioc,Argileux,Pluies,147.2,24.8,86.0,1,16.39
2023-05-17,2023,5,2,137,0.5,-0.866,Haut-Sassandra,Manioc,Sablonneux,Pluies,201.3,24.8,84.5,1,16.72
2024-06-12,2024,6,2,164,0.0,-1.0,Haut-Sassandra,Anacarde,Argileux,Pluies,149.4,25.8,90.6,0,0.55
2022-03-09,2022,3,1,68,1.0,0.0,Nawa,Cacao,Argileux,Seche,48.8,28.6,68.7,0,1.25
2023-09-26,2023,9,3,269,-1.0,-0.0,Haut-Sassandra,Cacao,Argileux,Pluies,163.8,26.5,92.3,1,1.56
2021-04-10,2021,4,2,100,0.866,-0.5,Nawa,Cacao,Sablonneux,Seche,29.8,30.2,78.5,1,1.17
2023-09-17,2023,9,3,260,-1.0,-0.0,Nawa,Manioc,Sablonneux,Pluies,135.3,28.4,90.6,1,15.89
2022-08-22,2022,8,3,234,-0.866,-0.5,Haut-Sassandra,Manioc,Limoneux,Seche,30.7,33.7,66.0,1,11.23
2022-02-07,2022,2,1,38,0.866,0.5,Haut-Sassandra,Cacao,Argileux,Seche,72.3,27.7,54.2,0,1.09
2022-01-31,2022,1,1,31,0.5,0.866,Nawa,Cacao,Argileux,Seche,62.0,28.7,68.9,0,1.14
2022-02-19,2022,2,1,50,0.866,0.5,Poro,Maïs,Sablonneux,Seche,16.1,30.3,40.6,0,1.07
2023-07-28,2023,7,3,209,-0.5,-0.866,Poro,Maïs,Sablonneux,Pluies,172.7,26.8,63.8,0,1.92
2022-11-08,2022,11,4,312,-0.5,0.866,Nawa,Manioc,Limoneux,Seche,34.3,26.1,69.7,0,10.62
2022-04-08,2022,4,2,98,0.866,-0.5,Poro,Maïs,Argileux,Seche,25.8,28.4,50.9,0,1.33
2022-06-25,2022,6,2,176,0.0,-1.0,Haut-Sassandra,Manioc,Limoneux,Pluies,134.7,26.1,88.8,0,17.5
2024-10-19,2024,10,4,293,-0.866,0.5,Nawa,Manioc,Limoneux,Pluies,184.9,25.8,85.2,0,15.74
2024-02-28,2024,2,1,59,0.866,0.5,Poro,Anacarde,Sablonneux,Seche,18.9,35.8,46.1,0,0.67
2021-03-25,2021,3,1,84,1.0,0.0,Haut-Sassandra,Maïs,Argileux,Seche,68.1,25.8,62.5,0,1.37
2021-09-28,2021,9,3,271,-1.0,-0.0,Haut-Sassandra,Cacao,Sablonneux,Pluies,169.2,28.4,89.3,1,1.59
2021-09-01,2021,9,3,244,-1.0,-0.0,Nawa,Cacao,Limoneux,Pluies,188.3,29.6,90.0,1,1.07
2022-01-23,2022,1,1,23,0.5,0.866,Poro,Anacarde,Sablonneux,Seche,3.8,34.4,36.4,0,0.7
2021-08-02,2021,8,3,214,-0.866,-0.5,Poro,Manioc,Limoneux,Pluies,154.7,28.1,80.1,0,8.91
2023-03-29,2023,3,1,88,1.0,0.0,Poro,Maïs,Sablonneux,Seche,21.2,36.0,46.6,0,1.4
2024-04-04,2024,4,2,95,0.866,-0.5,Nawa,Cacao,Sablonneux,Seche,33.2,29.9,61.3,1,0.99
2021-02-28,2021,2,1,59,0.866,0.5,Poro,Anacarde,Sablonneux,Seche,7.8,31.2,40.1,0,0.78
2023-06-02,2023,6,2,153,0.0,-1.0,Haut-Sassandra,Manioc,Limoneux,Pluies,150.7,24.8,86.6,0,15.96
2023-04-23,2023,4,2,113,0.866,-0.5,Nawa,Cacao,Limoneux,Seche,45.0,27.9,72.5,1,1.13
2023-07-13,2023,7,3,194,-0.5,-0.866,Nawa,Cacao,Limoneux,Pluies,169.6,24.5,85.7,0,1.91
2021-05-03,2021,5,2,123,0.5,-0.866,Nawa,Cacao,Limoneux,Pluies,236.8,29.2,80.8,1,1.17
2024-12-07,2024,12,4,342,-0.0,1.0,Haut-Sassandra,Cacao,Limoneux,Seche,63.2,31.3,76.3,0,0.99
2024-03-08,2024,3,1,68,1.0,0.0,Nawa,Manioc,Argileux,Seche,31.2,29.2,68.3,0,12.79
2024-06-06,2024,6,2,158,0.0,-1.0,Poro,Cacao,Sablonneux,Pluies,159.1,28.6,78.9,1,0.88
2024-07-21,2024,7,3,203,-0.5,-0.866,Haut-Sassandra,Cacao,Argileux,Pluies,149.4,26.5,86.0,0,1.56
2022-03-15,2022,3,1,74,1.0,0.0,Nawa,Cacao,Argileux,Seche,44.8,32.3,68.6,0,1.08
2023-10-19,2023,10,4,292,-0.866,0.5,Poro,Anacarde,Sablonneux,Seche,22.5,38.1,38.9,0,0.82
2022-07-16,2022,7,3,197,-0.5,-0.866,Poro,Anacarde,Sablonneux,Pluies,183.5,26.8,79.7,0,1.09
2021-04-28,2021,4,2,118,0.866,-0.5,Haut-Sassandra,Cacao,Argileux,Seche,64.3,28.0,67.1,1,1.13
2023-06-24,2023,6,2,175,0.0,-1.0,Haut-Sassandra,Cacao,Argileux,Pluies,223.3,28.9,90.6,0,1.62
2022-01-30,2022,1,1,30,0.5,0.866,Haut-Sassandra,Manioc,Limoneux,Seche,48.9,29.1,62.1,0,12.86
2023-05-26,2023,5,2,146,0.5,-0.866,Haut-Sassandra,Manioc,Limoneux,Pluies,219.8,27.8,83.5,1,16.54
2023-07-24,2023,7,3,205,-0.5,-0.866,Haut-Sassandra,Cacao,Limoneux,Pluies,200.3,25.3,89.4,0,1.53
2024-01-07,2024,1,1,7,0.5,0.866,Nawa,Cacao,Argileux,Seche,50.3,30.3,68.3,0,1.21
2023-08-10,2023,8,3,222,-0.866,-0.5,Nawa,Manioc,Limoneux,Seche,12.6,26.5,71.3,1,11.1
2024-12-06,2024,12,4,341,-0.0,1.0,Nawa,Cacao,Argileux,Seche,48.5,29.9,64.7,0,0.97
2021-03-16,2021,3,1,75,1.0,0.0,Haut-Sassandra,Cacao,Limoneux,Seche,75.7,29.5,63.5,0,1.18
2021-10-22,2021,10,4,295,-0.866,0.5,Nawa,Cacao,Argileux,Pluies,155.6,28.3,81.9,0,1.55
2021-01-21,2021,1,1,21,0.5,0.866,Haut-Sassandra,Manioc,Sablonneux,Seche,53.3,33.4,69.3,0,11.6
2024-04-09,2024,4,2,100,0.866,-0.5,Nawa,Cacao,Argileux,Seche,68.3,32.9,69.3,1,1.1
2023-11-05,2023,11,4,309,-0.5,0.866,Poro,Maïs,Sablonneux,Seche,0.0,33.2,36.2,0,1.25
2024-05-19,2024,5,2,140,0.5,-0.866,Haut-Sassandra,Maïs,Argileux,Pluies,150.7,26.2,88.4,1,1.91
2022-07-14,2022,7,3,195,-0.5,-0.866,Nawa,Cacao,Limoneux,Pluies,232.1,25.2,84.6,0,1.1
2024-01-15,2024,1,1,15,0.5,0.866,Nawa,Cacao,Limoneux,Seche,36.6,33.2,70.3,0,1.04
2024-03-18,2024,3,1,78,1.0,0.0,Nawa,Cacao,Sablonneux,Seche,52.2,30.0,81.2,0,1.32
2022-01-07,2022,1,1,7,0.5,0.866,Haut-Sassandra,Cacao,Limoneux,Seche,64.2,33.5,72.5,0,1.1
2023-03-29,2023,3,1,88,1.0,0.0,Haut-Sassandra,Maïs,Argileux,Seche,42.2,31.0,63.2,0,1.23
2024-03-20,2024,3,1,80,1.0,0.0,Haut-Sassandra,Maïs,Sablonneux,Seche,54.0,29.9,59.1,0,1.04
2024-03-10,2024,3,1,70,1.0,0.0,Nawa,Maïs,Limoneux,Seche,49.3,29.8,72.9,0,1.19
2023-12-29,2023,12,4,363,-0.0,1.0,Nawa,Manioc,Limoneux,Seche,64.8,33.1,62.3,0,10.9
2024-07-07,2024,7,3,189,-0.5,-0.866,Poro,Maïs,Sablonneux,Pluies,207.2,22.7,71.1,0,1.24
2023-04-26,2023,4,2,116,0.866,-0.5,Haut-Sassandra,Anacarde,Argileux,Seche,29.1,29.9,73.0,1,0.37
2022-06-05,2022,6,2,156,0.0,-1.0,Nawa,Cacao,Limoneux,Pluies,200.4,25.3,86.4,0,1.45
2022-01-06,2022,1,1,6,0.5,0.866,Nawa,Maïs,Limoneux,Seche,51.1,30.8,70.6,0,1.28
2024-12-13,2024,12,4,348,-0.0,1.0,Nawa,Cacao,Sablonneux,Seche,42.8,31.1,58.9,0,1.17
2021-04-11,2021,4,2,101,0.866,-0.5,Nawa,Maïs,Argileux,Seche,32.6,29.3,62.4,1,1.22
2022-10-23,2022,10,4,296,-0.866,0.5,Nawa,Maïs,Argileux,Pluies,150.5,26.0,84.5,0,1.93
2023-08-26,2023,8,3,238,-0.866,-0.5,Haut-Sassandra,Cacao,Argileux,Seche,33.9,30.5,76.3,1,1.11
2021-08-31,2021,8,3,243,-0.866,-0.5,Haut-Sassandra,Cacao,Argileux,Seche,71.6,27.0,59.6,1,1.19
2023-01-23,2023,1,1,23,0.5,0.866,Poro,Manioc,Limoneux,Seche,13.2,35.1,44.4,0,6.34
2022-05-27,2022,5,2,147,0.5,-0.866,Nawa,Cacao,Limoneux,Pluies,181.3,25.1,91.6,1,1.89
2023-04-29,2023,4,2,119,0.866,-0.5,Haut-Sassandra,Cacao,Sablonneux,Seche,53.4,24.4,75.0,1,1.24
2022-07-09,2022,7,3,190,-0.5,-0.866,Haut-Sassandra,Cacao,Limoneux,Pluies,163.3,27.9,88.0,0,1.69
2024-01-24,2024,1,1,24,0.5,0.866,Poro,Manioc,Argileux,Seche,4.7,32.0,41.0,0,5.7
2021-08-14,2021,8,3,226,-0.866,-0.5,Nawa,Cacao,Argileux,Seche,49.2,29.5,70.7,1,1.18
2021-08-02,2021,8,3,214,-0.866,-0.5,Nawa,Cacao,Limoneux,Seche,11.3,33.8,70.0,1,1.0
2022-12-19,2022,12,4,353,-0.0,1.0,Nawa,Manioc,Limoneux,Seche,70.1,29.4,69.0,0,13.04
2021-03-08,2021,3,1,67,1.0,0.0,Nawa,Cacao,Limoneux,Seche,30.1,31.4,67.4,0,1.14
2022-01-31,2022,1,1,31,0.5,0.866,Poro,Anacarde,Limoneux,Seche,14.3,36.4,39.4,0,0.75
2022-09-04,2022,9,3,247,-1.0,-0.0,Haut-Sassandra,Manioc,Limoneux,Pluies,178.9,25.4,80.5,1,16.26
2023-11-02,2023,11,4,306,-0.5,0.866,Poro,Anacarde,Sablonneux,Seche,13.0,35.6,29.5,0,0.78
2024-06-14,2024,6,2,166,0.0,-1.0,Nawa,Maïs,Argileux,Pluies,174.1,28.0,88.4,0,1.99
2023-02-09,2023,2,1,40,0.866,0.5,Nawa,Manioc,Argileux,Seche,66.1,32.3,71.9,0,11.73
2024-11-23,2024,11,4,328,-0.5,0.866,Nawa,Cacao,Argileux,Seche,42.7,27.5,61.9,0,1.06
2022-02-11,2022,2,1,42,0.866,0.5,Poro,Anacarde,Limoneux,Seche,12.8,39.6,40.2,0,0.77
2023-07-14,2023,7,3,195,-0.5,-0.866,Haut-Sassandra,Cacao,Limoneux,Pluies,219.4,26.9,85.6,0,1.68
2022-10-09,2022,10,4,282,-0.866,0.5,Nawa,Manioc,Sablonneux,Pluies,174.8,23.4,93.1,0,15.63
2021-08-10,2021,8,3,222,-0.866,-0.5,Nawa,Cacao,Limoneux,Seche,62.8,31.0,66.6,1,1.09
2024-03-25,2024,3,1,85,1.0,0.0,Haut-Sassandra,Cacao,Argileux,Seche,47.4,33.1,61.8,0,1.1
2022-10-16,2022,10,4,289,-0.866,0.5,Poro,Anacarde,Argileux,Seche,7.3,29.8,42.4,0,0.73
2022-03-04,2022,3,1,63,1.0,0.0,Poro,Manioc,Sablonneux,Seche,0.0,39.0,34.8,0,5.82
2024-03-27,2024,3,1,87,1.0,0.0,Nawa,Manioc,Limoneux,Seche,56.0,32.8,63.9,0,11.67
2023-09-04,2023,9,3,247,-1.0,-0.0,Haut-Sassandra,Cacao,Sablonneux,Pluies,199.0,23.6,85.2,1,1.64
2024-12-10,2024,12,4,345,-0.0,1.0,Poro,Anacarde,Sablonneux,Seche,8.4,34.1,35.9,0,0.8
2023-10-03,2023,10,4,276,-0.866,0.5,Haut-Sassandra,Manioc,Limoneux,Pluies,167.5,28.3,82.3,0,14.24
2024-09-11,2024,9,3,255,-1.0,-0.0,Nawa,Cacao,Limoneux,Pluies,179.2,23.6,84.9,1,1.82
2022-01-06,2022,1,1,6,0.5,0.866,Nawa,Manioc,Limoneux,Seche,44.8,31.8,70.5,0,11.29
2024-09-29,2024,9,3,273,-1.0,-0.0,Nawa,Cacao,Limoneux,Pluies,146.5,26.3,83.1,1,1.51
2024-07-09,2024,7,3,191,-0.5,-0.866,Haut-Sassandra,Manioc,Argileux,Pluies,222.6,28.9,86.1,0,15.99
2024-07-30,2024,7,3,212,-0.5,-0.866,Haut-Sassandra,Cacao,Argileux,Pluies,131.2,27.5,83.0,0,1.73
2023-04-30,2023,4,2,120,0.866,-0.5,Haut-Sassandra,Manioc,Sablonneux,Seche,58.5,31.4,74.4,1,12.2
2023-05-06,2023,5,2,126,0.5,-0.866,Nawa,Cacao,Limoneux,Pluies,171.6,25.2,82.5,1,1.6
2021-08-17,2021,8,3,229,-0.866,-0.5,Poro,Cacao,Argileux,Pluies,200.1,29.2,78.7,0,0.59
2021-10-07,2021,10,4,280,-0.866,0.5,Haut-Sassandra,Maïs,Argileux,Pluies,143.1,25.6,84.8,0,1.96
2024-08-06,2024,8,3,219,-0.866,-0.5,Poro,Anacarde,Limoneux,Pluies,161.0,26.8,74.8,0,0.87
2023-12-07,2023,12,4,341,-0.0,1.0,Poro,Maïs,Argileux,Seche,5.6,36.7,43.0,0,1.36
2023-09-02,2023,9,3,245,-1.0,-0.0,Poro,Manioc,Sablonneux,Pluies,143.4,26.8,70.9,0,8.04
2024-05-22,2024,5,2,143,0.5,-0.866,Haut-Sassandra,Cacao,Sablonneux,Pluies,263.1,29.5,88.5,1,1.08
2023-01-28,2023,1,1,28,0.5,0.866,Poro,Anacarde,Argileux,Seche,9.5,29.8,63.2,0,0.78
2023-11-14,2023,11,4,318,-0.5,0.866,Nawa,Manioc,Limoneux,Seche,49.3,32.5,68.9,0,11.98
2021-11-17,2021,11,4,321,-0.5,0.866,Nawa,Maïs,Limoneux,Seche,38.6,29.9,69.6,0,1.24
2021-10-01,2021,10,4,274,-0.866,0.5,Poro,Anacarde,Sablonneux,Seche,8.4,35.5,35.2,1,0.74
2022-07-10,2022,7,3,191,-0.5,-0.866,Haut-Sassandra,Cacao,Sablonneux,Pluies,227.1,28.9,80.9,0,1.85
2023-04-24,2023,4,2,114,0.866,-0.5,Haut-Sassandra,Anacarde,Limoneux,Seche,23.3,32.0,72.6,1,0.42
2024-08-29,2024,8,3,242,-0.866,-0.5,Nawa,Cacao,Limoneux,Seche,37.6,30.0,63.5,1,0.93
2024-10-18,2024,10,4,292,-0.866,0.5,Nawa,Cacao,Limoneux,Pluies,165.0,25.1,87.8,0,1.63
2022-10-30,2022,10,4,303,-0.866,0.5,Nawa,Manioc,Limoneux,Pluies,154.3,28.8,81.4,0,18.08
2023-09-27,2023,9,3,270,-1.0,-0.0,Nawa,Cacao,Argileux,Pluies,203.6,26.8,89.2,1,1.64
2022-01-15,2022,1,1,15,0.5,0.866,Nawa,Cacao,Argileux,Seche,48.5,28.4,63.5,0,1.17
2022-12-12,2022,12,4,346,-0.0,1.0,Haut-Sassandra,Maïs,Argileux,Seche,85.9,33.0,63.5,0,1.25
2023-01-16,2023,1,1,16,0.5,0.866,Haut-Sassandra,Cacao,Limoneux,Seche,28.7,32.1,54.5,0,1.12
2022-11-06,2022,11,4,310,-0.5,0.866,Haut-Sassandra,Manioc,Sablonneux,Seche,57.4,34.4,62.7,0,11.19
2021-04-26,2021,4,2,116,0.866,-0.5,Nawa,Manioc,Argileux,Seche,69.3,29.0,59.6,0,12.1
2022-08-28,2022,8,3,240,-0.866,-0.5,Nawa,Maïs,Limoneux,Seche,67.1,34.1,71.9,1,1.38
2023-12-02,2023,12,4,336,-0.0,1.0,Haut-Sassandra,Manioc,Argileux,Seche,11.1,31.2,62.9,0,10.52
2022-01-14,2022,1,1,14,0.5,0.866,Nawa,Cacao,Limoneux,Seche,44.0,32.2,69.4,0,1.2
2024-05-14,2024,5,2,135,0.5,-0.866,Poro,Maïs,Sablonneux,Seche,21.6,31.9,47.8,1,1.13
2022-04-11,2022,4,2,101,0.866,-0.5,Haut-Sassandra,Manioc,Limoneux,Seche,63.5,28.5,66.3,1,10.99
2021-10-07,2021,10,4,280,-0.866,0.5,Haut-Sassandra,Manioc,Sablonneux,Pluies,137.7,26.6,86.7,0,15.35
2022-09-10,2022,9,3,253,-1.0,-0.0,Haut-Sassandra,Cacao,Argileux,Pluies,124.5,24.2,86.9,1,1.67
2021-04-28,2021,4,2,118,0.866,-0.5,Poro,Anacarde,Limoneux,Seche,5.7,34.9,36.5,0,0.91
2024-06-14,2024,6,2,166,0.0,-1.0,Nawa,Manioc,Limoneux,Pluies,226.1,24.8,91.2,0,16.55
2021-11-05,2021,11,4,309,-0.5,0.866,Haut-Sassandra,Cacao,Argileux,Seche,23.7,29.0,64.2,0,1.12
2021-04-10,2021,4,2,100,0.866,-0.5,Poro,Maïs,Sablonneux,Seche,11.5,33.6,49.3,0,1.32
2021-09-18,2021,9,3,261,-1.0,-0.0,Poro,Maïs,Sablonneux,Pluies,198.0,29.6,67.2,0,1.16
2023-09-20,2023,9,3,263,-1.0,-0.0,Nawa,Manioc,Limoneux,Pluies,212.5,21.7,88.0,1,11.1
2024-08-21,2024,8,3,234,-0.866,-0.5,Haut-Sassandra,Maïs,Limoneux,Seche,51.2,29.8,72.3,1,1.25
2024-10-09,2024,10,4,283,-0.866,0.5,Poro,Anacarde,Limoneux,Seche,14.2,37.2,37.4,0,0.74
2021-10-13,2021,10,4,286,-0.866,0.5,Nawa,Cacao,Argileux,Pluies,174.9,24.7,86.1,0,1.46
2021-11-24,2021,11,4,328,-0.5,0.866,Haut-Sassandra,Cacao,Argileux,Seche,52.6,30.2,72.5,0,1.16
2024-02-01,2024,2,1,32,0.866,0.5,Poro,Anacarde,Sablonneux,Seche,11.4,37.1,41.3,0,0.72
2021-03-04,2021,3,1,63,1.0,0.0,Haut-Sassandra,Maïs,Limoneux,Seche,51.6,34.5,82.2,0,1.23
2022-11-18,2022,11,4,322,-0.5,0.866,Haut-Sassandra,Cacao,Argileux,Seche,59.2,31.3,66.4,0,1.28
2024-07-29,2024,7,3,211,-0.5,-0.866,Poro,Maïs,Limoneux,Pluies,121.7,29.6,70.3,0,1.32
2024-08-09,2024,8,3,222,-0.866,-0.5,Haut-Sassandra,Cacao,Argileux,Seche,48.5,34.0,61.7,1,1.14
2023-01-08,2023,1,1,8,0.5,0.866,Poro,Cacao,Sablonneux,Seche,18.7,32.0,52.9,0,0.53
2023-10-28,2023,10,4,301,-0.866,0.5,Poro,Anacarde,Argileux,Seche,17.7,38.7,31.1,0,0.73
2022-10-01,2022,10,4,274,-0.866,0.5,Haut-Sassandra,Cacao,Argileux,Pluies,137.6,23.9,86.4,0,1.48
2023-07-25,2023,7,3,206,-0.5,-0.866,Nawa,Cacao,Argileux,Pluies,148.7,27.6,82.2,0,1.63
2024-01-21,2024,1,1,21,0.5,0.866,Poro,Manioc,Sablonneux,Seche,11.3,37.8,37.9,0,6.25
2024-04-28,2024,4,2,119,0.866,-0.5,Poro,Anacarde,Argileux,Seche,10.6,31.0,37.1,1,0.81
2022-04-21,2022,4,2,111,0.866,-0.5,Nawa,Cacao,Limoneux,Seche,52.4,27.4,70.7,1,1.06
2021-02-22,2021,2,1,53,0.866,0.5,Poro,Anacarde,Limoneux,Seche,15.1,31.6,50.5,0,0.72
2023-01-24,2023,1,1,24,0.5,0.866,Nawa,Cacao,Limoneux,Seche,41.6,29.9,80.7,0,1.18
2022-05-01,2022,5,2,121,0.5,-0.866,Haut-Sassandra,Manioc,Argileux,Pluies,197.5,26.5,80.9,1,17.37
2024-10-19,2024,10,4,293,-0.866,0.5,Poro,Anacarde,Argileux,Seche,8.4,34.6,45.1,0,0.62
2024-02-10,2024,2,1,41,0.866,0.5,Poro,Anacarde,Sablonneux,Seche,15.8,36.4,41.3,0,0.84
2022-02-13,2022,2,1,44,0.866,0.5,Nawa,Manioc,Argileux,Seche,8.5,28.7,64.8,0,11.38
2023-10-28,2023,10,4,301,-0.866,0.5,Poro,Anacarde,Sablonneux,Seche,12.3,34.1,39.9,0,0.72
2022-10-30,2022,10,4,303,-0.866,0.5,Nawa,Cacao,Limoneux,Pluies,231.7,28.8,87.1,0,1.15
2024-05-05,2024,5,2,126,0.5,-0.866,Nawa,Manioc,Argileux,Pluies,184.7,27.2,88.6,1,15.94
2023-04-15,2023,4,2,105,0.866,-0.5,Poro,Anacarde,Argileux,Seche,21.3,32.4,31.4,0,0.77
2023-05-26,2023,5,2,146,0.5,-0.866,Haut-Sassandra,Cacao,Argileux,Pluies,172.3,26.3,89.7,1,1.46
2022-01-02,2022,1,1,2,0.5,0.866,Poro,Anacarde,Sablonneux,Seche,7.1,34.9,42.0,0,0.81
2023-09-29,2023,9,3,272,-1.0,-0.0,Nawa,Manioc,Limoneux,Pluies,213.7,28.0,85.0,1,15.55
2021-09-07,2021,9,3,250,-1.0,-0.0,Haut-Sassandra,Manioc,Limoneux,Pluies,248.6,25.4,86.9,0,11.39
2024-06-17,2024,6,2,169,0.0,-1.0,Nawa,Cacao,Argileux,Pluies,245.4,25.7,84.0,0,1.25
2022-01-15,2022,1,1,15,0.5,0.866,Haut-Sassandra,Cacao,Limoneux,Seche,60.2,26.2,67.5,0,1.14
2023-05-22,2023,5,2,142,0.5,-0.866,Haut-Sassandra,Cacao,Argileux,Pluies,179.1,24.4,87.9,1,1.76
2023-04-15,2023,4,2,105,0.866,-0.5,Haut-Sassandra,Cacao,Limoneux,Seche,42.6,31.3,67.5,1,1.22
2023-02-14,2023,2,1,45,0.866,0.5,Nawa,Cacao,Argileux,Seche,0.0,25.4,64.4,0,1.22
2023-07-08,2023,7,3,189,-0.5,-0.866,Poro,Anacarde,Limoneux,Pluies,102.6,28.1,72.0,0,0.74
2022-03-31,2022,3,1,90,1.0,0.0,Nawa,Cacao,Limoneux,Seche,30.4,32.8,71.6,0,1.08
2022-01-01,2022,1,1,1,0.5,0.866,Haut-Sassandra,Manioc,Limoneux,Seche,63.6,27.4,71.5,0,10.62
2024-08-06,2024,8,3,219,-0.866,-0.5,Nawa,Cacao,Argileux,Seche,51.6,30.3,75.5,0,1.11
2022-02-07,2022,2,1,38,0.866,0.5,Haut-Sassandra,Cacao,Sablonneux,Seche,41.7,27.3,63.6,0,1.07
2021-02-27,2021,2,1,58,0.866,0.5,Nawa,Cacao,Argileux,Seche,55.3,28.2,75.2,0,1.11
2022-06-05,2022,6,2,156,0.0,-1.0,Haut-Sassandra,Manioc,Limoneux,Pluies,157.9,23.3,90.0,0,16.37
2024-08-20,2024,8,3,233,-0.866,-0.5,Nawa,Manioc,Argileux,Seche,48.2,31.0,74.6,1,12.29
2024-02-13,2024,2,1,44,0.866,0.5,Haut-Sassandra,Cacao,Limoneux,Seche,48.6,27.4,65.5,0,1.09
2021-07-29,2021,7,3,210,-0.5,-0.866,Nawa,Maïs,Argileux,Pluies,121.9,25.0,89.9,0,1.93
2023-12-01,2023,12,4,335,-0.0,1.0,Poro,Anacarde,Sablonneux,Seche,4.4,33.2,43.6,0,0.75
2023-03-27,2023,3,1,86,1.0,0.0,Haut-Sassandra,Cacao,Argileux,Seche,49.6,31.3,77.2,0,1.05
2021-06-22,2021,6,2,173,0.0,-1.0,Nawa,Cacao,Argileux,Pluies,193.0,27.0,85.6,0,1.69
2021-08-22,2021,8,3,234,-0.866,-0.5,Poro,Manioc,Limoneux,Pluies,204.9,28.3,80.9,0,9.9
2023-03-04,2023,3,1,63,1.0,0.0,Nawa,Maïs,Limoneux,Seche,70.4,31.0,68.7,0,1.38
2023-03-04,2023,3,1,63,1.0,0.0,Nawa,Anacarde,Limoneux,Seche,56.2,31.2,64.5,0,0.37
2024-11-27,2024,11,4,332,-0.5,0.866,Haut-Sassandra,Manioc,Limoneux,Seche,41.8,32.4,73.7,0,12.19
2023-11-29,2023,11,4,333,-0.5,0.866,Haut-Sassandra,Cacao,Limoneux,Seche,38.4,30.2,65.8,0,0.86
2021-04-29,2021,4,2,119,0.866,-0.5,Poro,Anacarde,Sablonneux,Seche,3.5,37.2,46.5,0,0.67
2021-12-01,2021,12,4,335,-0.0,1.0,Nawa,Cacao,Argileux,Seche,41.8,26.5,71.1,0,1.08
2024-09-21,2024,9,3,265,-1.0,-0.0,Haut-Sassandra,Maïs,Argileux,Pluies,217.0,24.2,90.0,1,1.9
2024-01-03,2024,1,1,3,0.5,0.866,Haut-Sassandra,Manioc,Argileux,Seche,65.6,26.9,64.7,0,12.14
2024-04-29,2024,4,2,120,0.866,-0.5,Haut-Sassandra,Cacao,Argileux,Seche,13.2,32.4,68.3,1,1.27
2021-11-20,2021,11,4,324,-0.5,0.866,Haut-Sassandra,Maïs,Sablonneux,Seche,72.2,28.2,68.6,0,1.33
2023-10-08,2023,10,4,281,-0.866,0.5,Haut-Sassandra,Manioc,Limoneux,Pluies,190.5,24.8,88.4,0,17.66
2024-03-16,2024,3,1,76,1.0,0.0,Haut-Sassandra,Manioc,Argileux,Seche,32.1,33.2,58.1,0,12.03
2021-10-11,2021,10,4,284,-0.866,0.5,Poro,Anacarde,Limoneux,Seche,5.7,33.5,44.1,0,0.82
2021-08-01,2021,8,3,213,-0.866,-0.5,Nawa,Manioc,Argileux,Seche,11.5,28.6,55.0,1,12.05
2023-07-18,2023,7,3,199,-0.5,-0.866,Nawa,Cacao,Argileux,Pluies,205.6,24.5,84.2,1,1.68
2023-01-22,2023,1,1,22,0.5,0.866,Poro,Anacarde,Argileux,Seche,11.5,35.2,43.1,0,0.74
2024-11-18,2024,11,4,323,-0.5,0.866,Nawa,Cacao,Sablonneux,Seche,39.4,32.1,74.8,0,1.01
2021-12-05,2021,12,4,339,-0.0,1.0,Poro,Maïs,Argileux,Seche,27.5,39.6,43.4,0,1.28
2023-11-12,2023,11,4,316,-0.5,0.866,Haut-Sassandra,Manioc,Limoneux,Seche,58.6,30.3,75.1,0,11.17
2021-04-15,2021,4,2,105,0.866,-0.5,Nawa,Cacao,Limoneux,Seche,10.3,33.0,66.7,1,1.1
2024-12-26,2024,12,4,361,-0.0,1.0,Nawa,Anacarde,Argileux,Seche,25.6,30.9,67.9,0,0.4
2023-02-09,2023,2,1,40,0.866,0.5,Haut-Sassandra,Cacao,Argileux,Seche,41.5,31.1,64.1,0,1.25
2022-12-17,2022,12,4,351,-0.0,1.0,Haut-Sassandra,Cacao,Argileux,Seche,70.5,29.5,64.7,0,1.28
2023-02-02,2023,2,1,33,0.866,0.5,Poro,Anacarde,Argileux,Seche,21.4,34.1,42.5,0,0.81
2024-05-29,2024,5,2,150,0.5,-0.866,Poro,Maïs,Sablonneux,Seche,7.9,39.7,37.7,1,1.27
2022-01-14,2022,1,1,14,0.5,0.866,Nawa,Anacarde,Limoneux,Seche,36.8,31.0,71.6,0,0.4
2024-05-30,2024,5,2,151,0.5,-0.866,Nawa,Manioc,Argileux,Pluies,252.8,30.7,88.5,1,12.12
2024-07-05,2024,7,3,187,-0.5,-0.866,Nawa,Manioc,Argileux,Pluies,222.1,25.0,79.8,0,14.98
2022-12-14,2022,12,4,348,-0.0,1.0,Haut-Sassandra,Manioc,Limoneux,Seche,30.6,28.7,57.9,0,10.58
2024-10-22,2024,10,4,296,-0.866,0.5,Poro,Anacarde,Limoneux,Seche,0.0,40.2,36.6,0,0.76
2024-10-04,2024,10,4,278,-0.866,0.5,Nawa,Cacao,Limoneux,Pluies,201.0,26.4,83.8,0,1.67
2021-08-13,2021,8,3,225,-0.866,-0.5,Poro,Maïs,Argileux,Pluies,219.1,28.3,76.3,0,1.95
2023-01-08,2023,1,1,8,0.5,0.866,Haut-Sassandra,Cacao,Sablonneux,Seche,57.7,27.3,70.2,0,0.9
2021-08-24,2021,8,3,236,-0.866,-0.5,Poro,Anacarde,Sablonneux,Pluies,153.9,29.9,76.0,0,0.86
2021-07-02,2021,7,3,183,-0.5,-0.866,Haut-Sassandra,Cacao,Argileux,Pluies,186.3,26.6,82.3,0,1.78
2022-12-13,2022,12,4,347,-0.0,1.0,Haut-Sassandra,Manioc,Argileux,Seche,8.0,33.6,59.2,0,13.03
2022-03-20,2022,3,1,79,1.0,0.0,Nawa,Maïs,Sablonneux,Seche,57.7,27.4,67.7,0,1.3
2022-09-15,2022,9,3,258,-1.0,-0.0,Haut-Sassandra,Cacao,Limoneux,Pluies,231.7,27.0,83.7,1,1.06
2023-10-27,2023,10,4,300,-0.866,0.5,Haut-Sassandra,Cacao,Argileux,Pluies,191.3,23.4,87.4,0,1.53
2024-06-13,2024,6,2,165,0.0,-1.0,Haut-Sassandra,Cacao,Argileux,Pluies,201.8,27.8,88.1,0,1.49
2024-02-25,2024,2,1,56,0.866,0.5,Nawa,Manioc,Sablonneux,Seche,94.5,28.0,68.9,0,11.85
2024-02-02,2024,2,1,33,0.866,0.5,Nawa,Cacao,Limoneux,Seche,31.8,28.2,62.1,0,1.04
2023-01-19,2023,1,1,19,0.5,0.866,Haut-Sassandra,Manioc,Argileux,Seche,59.8,26.3,72.5,0,13.61
2021-06-04,2021,6,2,155,0.0,-1.0,Haut-Sassandra,Cacao,Limoneux,Pluies,167.5,24.8,82.2,0,1.82
2021-09-14,2021,9,3,257,-1.0,-0.0,Haut-Sassandra,Cacao,Limoneux,Pluies,134.2,25.6,85.5,1,1.32
2021-08-23,2021,8,3,235,-0.866,-0.5,Nawa,Maïs,Limoneux,Seche,36.8,28.4,63.4,1,1.25
2022-05-15,2022,5,2,135,0.5,-0.866,Poro,Anacarde,Argileux,Seche,19.0,37.0,54.0,0,0.59
2021-10-16,2021,10,4,289,-0.866,0.5,Poro,Cacao,Argileux,Seche,22.3,34.4,34.1,0,0.56
2022-05-25,2022,5,2,145,0.5,-0.866,Haut-Sassandra,Cacao,Argileux,Pluies,135.0,27.0,90.9,1,1.59
2022-12-10,2022,12,4,344,-0.0,1.0,Poro,Manioc,Sablonneux,Seche,9.3,32.6,48.4,0,6.05
2023-02-24,2023,2,1,55,0.866,0.5,Nawa,Cacao,Argileux,Seche,44.4,28.5,67.7,0,1.22
2023-06-13,2023,6,2,164,0.0,-1.0,Haut-Sassandra,Cacao,Argileux,Pluies,165.8,25.4,87.0,0,1.64
2023-02-15,2023,2,1,46,0.866,0.5,Nawa,Cacao,Sablonneux,Seche,21.1,28.6,70.8,0,1.39
2021-10-25,2021,10,4,298,-0.866,0.5,Poro,Maïs,Argileux,Seche,2.3,30.6,42.9,0,1.35
2021-05-17,2021,5,2,137,0.5,-0.866,Haut-Sassandra,Cacao,Sablonneux,Pluies,137.2,28.2,87.7,0,1.75
2022-01-11,2022,1,1,11,0.5,0.866,Poro,Anacarde,Limoneux,Seche,8.8,31.9,38.8,0,0.74
2021-03-28,2021,3,1,87,1.0,0.0,Haut-Sassandra,Cacao,Argileux,Seche,69.4,31.4,63.1,0,1.16
2024-12-13,2024,12,4,348,-0.0,1.0,Poro,Manioc,Limoneux,Seche,14.9,35.7,35.6,0,6.48
2024-05-07,2024,5,2,128,0.5,-0.866,Nawa,Cacao,Argileux,Pluies,153.4,27.5,84.5,1,1.68
2022-03-13,2022,3,1,72,1.0,0.0,Nawa,Maïs,Limoneux,Seche,59.0,27.4,66.9,0,1.33
2024-08-26,2024,8,3,239,-0.866,-0.5,Haut-Sassandra,Manioc,Limoneux,Seche,44.6,30.0,65.6,1,10.18
2024-07-28,2024,7,3,210,-0.5,-0.866,Poro,Anacarde,Argileux,Pluies,135.4,29.7,79.2,0,0.73
2024-09-08,2024,9,3,252,-1.0,-0.0,Nawa,Manioc,Argileux,Pluies,197.4,24.9,84.7,1,20.25
2023-02-03,2023,2,1,34,0.866,0.5,Haut-Sassandra,Cacao,Limoneux,Seche,47.6,33.2,59.6,0,1.05
2022-12-03,2022,12,4,337,-0.0,1.0,Nawa,Cacao,Limoneux,Seche,15.4,33.1,76.2,0,1.09
2023-07-31,2023,7,3,212,-0.5,-0.866,Haut-Sassandra,Manioc,Sablonneux,Pluies,165.1,26.9,83.9,0,19.6
2021-06-01,2021,6,2,152,0.0,-1.0,Poro,Maïs,Limoneux,Pluies,192.5,24.5,77.4,1,1.76
2024-08-18,2024,8,3,231,-0.866,-0.5,Haut-Sassandra,Cacao,Argileux,Seche,44.9,27.6,74.1,1,1.11
2024-07-25,2024,7,3,207,-0.5,-0.866,Nawa,Manioc,Argileux,Pluies,251.7,26.4,78.1,0,12.14
2023-10-29,2023,10,4,302,-0.866,0.5,Poro,Manioc,Sablonneux,Seche,12.8,32.8,48.7,0,6.73
2023-03-18,2023,3,1,77,1.0,0.0,Nawa,Cacao,Limoneux,Seche,29.5,30.1,79.2,0,1.15
2021-08-23,2021,8,3,235,-0.866,-0.5,Poro,Anacarde,Sablonneux,Pluies,144.4,30.7,72.7,0,0.81
2022-11-06,2022,11,4,310,-0.5,0.866,Haut-Sassandra,Manioc,Limoneux,Seche,49.1,29.4,76.3,0,12.19
2022-07-15,2022,7,3,196,-0.5,-0.866,Nawa,Cacao,Limoneux,Pluies,197.9,26.3,83.8,0,1.6
2024-08-18,2024,8,3,231,-0.866,-0.5,Haut-Sassandra,Cacao,Argileux,Seche,21.8,29.9,69.4,1,1.15
2021-02-07,2021,2,1,38,0.866,0.5,Nawa,Cacao,Limoneux,Seche,59.2,29.5,58.2,0,1.29
2024-03-05,2024,3,1,65,1.0,0.0,Poro,Anacarde,Sablonneux,Seche,11.3,34.6,38.2,0,0.74
2023-04-02,2023,4,2,92,0.866,-0.5,Haut-Sassandra,Manioc,Sablonneux,Seche,53.0,30.5,67.1,1,10.58
2022-02-25,2022,2,1,56,0.866,0.5,Haut-Sassandra,Cacao,Argileux,Seche,83.5,29.2,74.2,0,1.1
2024-05-27,2024,5,2,148,0.5,-0.866,Haut-Sassandra,Cacao,Limoneux,Pluies,218.0,25.6,81.0,1,1.75
2021-12-14,2021,12,4,348,-0.0,1.0,Poro,Manioc,Sablonneux,Seche,5.3,34.2,52.8,0,6.17
2024-01-08,2024,1,1,8,0.5,0.866,Nawa,Cacao,Argileux,Seche,64.6,31.3,69.0,0,1.11
2023-01-18,2023,1,1,18,0.5,0.866,Nawa,Manioc,Sablonneux,Seche,25.9,29.6,66.6,0,12.39
2021-09-30,2021,9,3,273,-1.0,-0.0,Haut-Sassandra,Manioc,Argileux,Pluies,165.1,25.6,85.1,1,14.34
2024-03-30,2024,3,1,90,1.0,0.0,Nawa,Cacao,Limoneux,Seche,49.7,29.9,74.9,0,0.98
2021-11-04,2021,11,4,308,-0.5,0.866,Poro,Anacarde,Argileux,Seche,3.9,32.3,53.8,0,0.8
2024-10-29,2024,10,4,303,-0.866,0.5,Haut-Sassandra,Cacao,Argileux,Pluies,193.0,28.3,89.5,0,1.77
2023-09-03,2023,9,3,246,-1.0,-0.0,Nawa,Cacao,Argileux,Pluies,204.3,24.7,84.3,1,1.5
2023-01-03,2023,1,1,3,0.5,0.866,Nawa,Manioc,Argileux,Seche,39.9,29.1,77.7,0,10.92
2023-10-30,2023,10,4,303,-0.866,0.5,Nawa,Cacao,Argileux,Pluies,113.6,29.5,88.6,0,1.11
2022-03-20,2022,3,1,79,1.0,0.0,Haut-Sassandra,Cacao,Limoneux,Seche,39.7,30.0,72.9,0,1.19
2024-02-11,2024,2,1,42,0.866,0.5,Poro,Anacarde,Limoneux,Seche,23.8,38.6,43.3,0,0.76
2024-05-13,2024,5,2,134,0.5,-0.866,Haut-Sassandra,Cacao,Limoneux,Pluies,226.4,26.5,85.3,1,1.52
2022-02-09,2022,2,1,40,0.866,0.5,Haut-Sassandra,Manioc,Limoneux,Seche,49.5,32.3,55.5,0,12.23
2023-05-03,2023,5,2,123,0.5,-0.866,Haut-Sassandra,Maïs,Argileux,Pluies,147.3,27.0,87.9,1,1.75
2024-05-05,2024,5,2,126,0.5,-0.866,Haut-Sassandra,Maïs,Sablonneux,Pluies,138.1,27.0,89.4,0,2.0
2023-02-17,2023,2,1,48,0.866,0.5,Poro,Anacarde,Sablonneux,Seche,1.9,39.5,29.2,0,0.64
2021-04-25,2021,4,2,115,0.866,-0.5,Haut-Sassandra,Maïs,Argileux,Seche,47.5,34.3,72.9,1,1.22
2024-02-19,2024,2,1,50,0.866,0.5,Nawa,Cacao,Limoneux,Seche,43.7,29.6,71.4,0,1.22
2021-03-06,2021,3,1,65,1.0,0.0,Haut-Sassandra,Maïs,Limoneux,Seche,20.8,32.0,59.5,0,1.28
2024-07-23,2024,7,3,205,-0.5,-0.866,Nawa,Cacao,Limoneux,Pluies,156.3,25.4,82.9,0,1.27
2023-04-05,2023,4,2,95,0.866,-0.5,Nawa,Manioc,Argileux,Seche,14.9,28.8,68.7,1,13.47
2021-08-27,2021,8,3,239,-0.866,-0.5,Nawa,Cacao,Argileux,Seche,12.1,30.4,69.9,0,1.12
2021-10-29,2021,10,4,302,-0.866,0.5,Poro,Maïs,Limoneux,Seche,25.8,26.8,34.9,0,1.24
2024-11-16,2024,11,4,321,-0.5,0.866,Nawa,Cacao,Limoneux,Seche,55.5,25.7,76.1,0,1.11
2023-08-27,2023,8,3,239,-0.866,-0.5,Poro,Anacarde,Limoneux,Pluies,174.6,29.1,71.1,0,0.84
2022-01-04,2022,1,1,4,0.5,0.866,Haut-Sassandra,Cacao,Argileux,Seche,9.2,31.1,63.3,0,1.21
2021-08-21,2021,8,3,233,-0.866,-0.5,Haut-Sassandra,Manioc,Argileux,Seche,67.1,30.9,74.2,1,9.85
2021-07-14,2021,7,3,195,-0.5,-0.866,Poro,Anacarde,Sablonneux,Pluies,123.6,29.7,77.4,0,0.84
2023-06-26,2023,6,2,177,0.0,-1.0,Nawa,Cacao,Argileux,Pluies,133.3,27.9,87.2,0,1.5
2023-11-02,2023,11,4,306,-0.5,0.866,Haut-Sassandra,Cacao,Limoneux,Seche,39.7,31.5,65.0,0,1.18
2023-07-10,2023,7,3,191,-0.5,-0.866,Poro,Anacarde,Sablonneux,Pluies,203.5,27.8,74.1,0,1.05
2022-11-20,2022,11,4,324,-0.5,0.866,Haut-Sassandra,Cacao,Argileux,Seche,46.1,30.1,62.7,0,1.35
2021-06-26,2021,6,2,177,0.0,-1.0,Nawa,Cacao,Limoneux,Pluies,196.2,24.6,93.8,0,1.56
2021-08-05,2021,8,3,217,-0.866,-0.5,Haut-Sassandra,Manioc,Argileux,Seche,61.6,28.7,71.4,1,12.89
2023-11-01,2023,11,4,305,-0.5,0.866,Nawa,Manioc,Argileux,Seche,19.6,26.0,63.6,0,13.86
2022-09-22,2022,9,3,265,-1.0,-0.0,Poro,Anacarde,Limoneux,Pluies,165.5,26.7,74.9,0,1.0
2021-06-13,2021,6,2,164,0.0,-1.0,Haut-Sassandra,Manioc,Limoneux,Pluies,148.8,27.0,86.1,0,14.58
2021-02-22,2021,2,1,53,0.866,0.5,Haut-Sassandra,Manioc,Sablonneux,Seche,0.0,30.0,79.9,0,10.99
2021-08-06,2021,8,3,218,-0.866,-0.5,Poro,Anacarde,Sablonneux,Pluies,229.6,23.9,75.9,0,1.15
2023-09-26,2023,9,3,269,-1.0,-0.0,Nawa,Manioc,Limoneux,Pluies,194.4,23.7,80.9,1,18.18
2023-04-04,2023,4,2,94,0.866,-0.5,Nawa,Cacao,Limoneux,Seche,58.8,27.9,59.0,1,1.15
2024-10-15,2024,10,4,289,-0.866,0.5,Poro,Anacarde,Sablonneux,Seche,15.7,30.6,42.7,0,0.75
2022-01-20,2022,1,1,20,0.5,0.866,Haut-Sassandra,Cacao,Argileux,Seche,39.2,27.6,64.7,0,1.05
2021-02-25,2021,2,1,56,0.866,0.5,Poro,Cacao,Limoneux,Seche,0.0,36.0,49.1,0,0.56
2021-04-28,2021,4,2,118,0.866,-0.5,Nawa,Manioc,Limoneux,Seche,98.8,29.0,63.9,1,12.38
2023-06-19,2023,6,2,170,0.0,-1.0,Haut-Sassandra,Maïs,Sablonneux,Pluies,226.9,28.4,80.5,0,1.8
2024-06-30,2024,6,2,182,0.0,-1.0,Haut-Sassandra,Cacao,Limoneux,Pluies,164.1,27.5,85.0,0,1.6
2023-03-09,2023,3,1,68,1.0,0.0,Nawa,Cacao,Argileux,Seche,85.4,31.7,63.2,0,1.03
2023-02-19,2023,2,1,50,0.866,0.5,Haut-Sassandra,Cacao,Argileux,Seche,42.3,30.6,57.2,0,1.02
2023-10-13,2023,10,4,286,-0.866,0.5,Nawa,Manioc,Argileux,Pluies,206.9,25.6,86.1,0,18.42
2023-03-14,2023,3,1,73,1.0,0.0,Haut-Sassandra,Cacao,Argileux,Seche,27.3,35.4,73.9,0,1.13
2023-04-25,2023,4,2,115,0.866,-0.5,Haut-Sassandra,Manioc,Argileux,Seche,52.8,27.7,70.8,1,12.27
2024-04-18,2024,4,2,109,0.866,-0.5,Nawa,Maïs,Argileux,Seche,50.8,29.8,60.4,1,1.41
2024-12-09,2024,12,4,344,-0.0,1.0,Nawa,Cacao,Argileux,Seche,13.0,31.5,79.0,0,1.18
2024-06-12,2024,6,2,164,0.0,-1.0,Nawa,Cacao,Argileux,Pluies,229.7,23.5,85.2,0,1.55
2023-05-05,2023,5,2,125,0.5,-0.866,Haut-Sassandra,Cacao,Argileux,Pluies,189.6,24.9,84.6,1,1.64
2022-12-09,2022,12,4,343,-0.0,1.0,Poro,Maïs,Sablonneux,Seche,0.8,34.4,40.0,0,1.16
2024-01-09,2024,1,1,9,0.5,0.866,Haut-Sassandra,Manioc,Argileux,Seche,41.5,28.7,78.8,0,10.78
2021-01-22,2021,1,1,22,0.5,0.866,Haut-Sassandra,Cacao,Argileux,Seche,58.9,30.3,78.8,0,1.17
2023-04-23,2023,4,2,113,0.866,-0.5,Haut-Sassandra,Manioc,Sablonneux,Seche,44.0,31.5,69.1,1,12.6
2024-01-22,2024,1,1,22,0.5,0.866,Nawa,Cacao,Argileux,Seche,31.7,29.2,55.1,0,1.28
2021-07-11,2021,7,3,192,-0.5,-0.866,Poro,Anacarde,Limoneux,Pluies,135.9,26.2,80.5,0,1.06
2023-10-16,2023,10,4,289,-0.866,0.5,Poro,Maïs,Limoneux,Seche,19.6,35.0,46.2,0,1.37
2024-02-01,2024,2,1,32,0.866,0.5,Haut-Sassandra,Manioc,Limoneux,Seche,58.3,27.4,71.2,0,12.53
2022-01-31,2022,1,1,31,0.5,0.866,Poro,Anacarde,Argileux,Seche,25.3,37.3,49.0,0,0.72
2023-10-28,2023,10,4,301,-0.866,0.5,Poro,Anacarde,Limoneux,Seche,14.8,30.2,56.4,0,0.77
2022-10-02,2022,10,4,275,-0.866,0.5,Haut-Sassandra,Manioc,Argileux,Pluies,210.6,28.1,92.7,0,14.99
2023-10-16,2023,10,4,289,-0.866,0.5,Haut-Sassandra,Cacao,Limoneux,Pluies,186.3,27.7,84.7,0,1.68
2022-07-21,2022,7,3,202,-0.5,-0.866,Haut-Sassandra,Cacao,Limoneux,Pluies,194.5,27.9,82.6,0,1.55
2021-08-19,2021,8,3,231,-0.866,-0.5,Poro,Manioc,Sablonneux,Pluies,142.5,31.8,76.3,1,5.88
2023-05-24,2023,5,2,144,0.5,-0.866,Haut-Sassandra,Maïs,Limoneux,Pluies,226.6,27.7,85.7,1,1.79
2022-07-28,2022,7,3,209,-0.5,-0.866,Haut-Sassandra,Anacarde,Limoneux,Pluies,179.1,27.8,83.7,0,0.54
2021-08-28,2021,8,3,240,-0.866,-0.5,Haut-Sassandra,Manioc,Limoneux,Seche,43.4,32.2,61.8,1,13.02
2021-03-31,2021,3,1,90,1.0,0.0,Nawa,Cacao,Limoneux,Seche,45.6,28.3,64.5,0,1.05
2021-08-20,2021,8,3,232,-0.866,-0.5,Poro,Anacarde,Limoneux,Pluies,167.1,27.3,64.6,0,1.28
2022-04-02,2022,4,2,92,0.866,-0.5,Haut-Sassandra,Cacao,Argileux,Seche,42.9,29.9,71.9,1,1.06
2021-08-21,2021,8,3,233,-0.866,-0.5,Nawa,Cacao,Limoneux,Seche,93.8,28.8,64.6,1,1.16
2021-12-20,2021,12,4,354,-0.0,1.0,Nawa,Cacao,Argileux,Seche,31.7,33.0,75.9,0,1.12
2023-10-02,2023,10,4,275,-0.866,0.5,Haut-Sassandra,Manioc,Argileux,Pluies,187.9,25.6,90.9,0,16.94
2024-09-18,2024,9,3,262,-1.0,-0.0,Haut-Sassandra,Cacao,Limoneux,Pluies,185.4,28.3,84.1,1,1.55
2022-03-15,2022,3,1,74,1.0,0.0,Nawa,Maïs,Argileux,Seche,46.6,26.2,66.4,0,1.29
2024-10-30,2024,10,4,304,-0.866,0.5,Poro,Anacarde,Argileux,Seche,11.5,32.0,48.7,0,0.85
2024-08-08,2024,8,3,221,-0.866,-0.5,Poro,Anacarde,Limoneux,Pluies,175.0,26.5,79.1,0,0.99
2021-12-11,2021,12,4,345,-0.0,1.0,Nawa,Manioc,Argileux,Seche,44.2,32.9,62.6,0,11.66
2022-10-26,2022,10,4,299,-0.866,0.5,Poro,Manioc,Sablonneux,Seche,0.0,30.0,40.9,0,5.03
2024-12-22,2024,12,4,357,-0.0,1.0,Haut-Sassandra,Cacao,Argileux,Seche,63.4,31.0,57.7,0,1.04
2022-10-19,2022,10,4,292,-0.866,0.5,Poro,Anacarde,Argileux,Seche,16.0,35.1,46.4,0,0.83
2021-05-10,2021,5,2,130,0.5,-0.866,Haut-Sassandra,Cacao,Argileux,Pluies,248.4,27.2,83.1,1,1.02
2021-05-21,2021,5,2,141,0.5,-0.866,Poro,Manioc,Sablonneux,Seche,16.4,35.8,43.0,1,6.48
2022-02-19,2022,2,1,50,0.866,0.5,Haut-Sassandra,Cacao,Limoneux,Seche,12.2,29.4,66.4,0,1.04
2024-01-22,2024,1,1,22,0.5,0.866,Nawa,Manioc,Sablonneux,Seche,25.4,33.4,64.4,0,10.98
2022-09-18,2022,9,3,261,-1.0,-0.0,Haut-Sassandra,Maïs,Limoneux,Pluies,256.8,27.4,84.0,1,1.38
2021-10-11,2021,10,4,284,-0.866,0.5,Haut-Sassandra,Manioc,Argileux,Pluies,150.3,25.4,84.4,0,18.29
2021-08-11,2021,8,3,223,-0.866,-0.5,Nawa,Cacao,Limoneux,Seche,54.5,30.0,70.3,1,1.17
2023-01-14,2023,1,1,14,0.5,0.866,Nawa,Maïs,Sablonneux,Seche,30.6,29.7,63.3,0,1.33
2022-04-08,2022,4,2,98,0.866,-0.5,Haut-Sassandra,Anacarde,Sablonneux,Seche,64.9,29.4,70.0,1,0.4
2024-07-23,2024,7,3,205,-0.5,-0.866,Nawa,Cacao,Argileux,Pluies,204.8,26.9,84.6,0,1.56
2024-03-09,2024,3,1,69,1.0,0.0,Poro,Maïs,Sablonneux,Seche,22.6,31.9,58.2,0,1.29
2021-12-23,2021,12,4,357,-0.0,1.0,Poro,Maïs,Argileux,Seche,19.0,37.6,36.6,0,1.19
2023-11-13,2023,11,4,317,-0.5,0.866,Nawa,Maïs,Argileux,Seche,41.8,27.7,72.6,0,1.35
2024-07-17,2024,7,3,199,-0.5,-0.866,Nawa,Maïs,Limoneux,Pluies,173.7,28.7,81.1,0,1.96
2023-05-09,2023,5,2,129,0.5,-0.866,Nawa,Cacao,Argileux,Pluies,193.1,26.9,88.5,1,1.42
2022-10-27,2022,10,4,300,-0.866,0.5,Haut-Sassandra,Manioc,Limoneux,Pluies,206.6,26.8,87.6,0,19.14
2024-09-18,2024,9,3,262,-1.0,-0.0,Poro,Maïs,Sablonneux,Pluies,122.1,32.4,72.8,0,1.35
2023-10-12,2023,10,4,285,-0.866,0.5,Haut-Sassandra,Maïs,Argileux,Pluies,226.6,27.1,88.3,0,1.76
2021-03-26,2021,3,1,85,1.0,0.0,Haut-Sassandra,Cacao,Argileux,Seche,61.7,29.9,62.5,0,1.22
2022-09-13,2022,9,3,256,-1.0,-0.0,Poro,Anacarde,Limoneux,Pluies,153.3,26.7,81.1,0,1.2
2023-11-21,2023,11,4,325,-0.5,0.866,Nawa,Cacao,Limoneux,Seche,60.7,29.5,69.7,0,1.19
2021-08-28,2021,8,3,240,-0.866,-0.5,Haut-Sassandra,Cacao,Argileux,Seche,35.7,31.9,67.2,1,1.31
2021-12-29,2021,12,4,363,-0.0,1.0,Haut-Sassandra,Cacao,Argileux,Seche,97.9,32.2,61.4,0,1.03
2023-04-02,2023,4,2,92,0.866,-0.5,Poro,Anacarde,Sablonneux,Seche,21.2,39.3,48.0,0,0.88
2024-11-13,2024,11,4,318,-0.5,0.866,Haut-Sassandra,Manioc,Limoneux,Seche,82.3,29.3,73.6,0,10.05
2022-10-30,2022,10,4,303,-0.866,0.5,Nawa,Cacao,Argileux,Pluies,127.6,26.6,90.8,0,1.56
2024-08-15,2024,8,3,228,-0.866,-0.5,Poro,Maïs,Sablonneux,Pluies,148.9,27.1,79.2,0,1.97
2024-10-26,2024,10,4,300,-0.866,0.5,Poro,Anacarde,Argileux,Seche,16.7,34.1,38.4,0,0.74
2021-04-09,2021,4,2,99,0.866,-0.5,Nawa,Cacao,Argileux,Seche,29.1,36.1,71.8,1,1.13
2021-02-16,2021,2,1,47,0.866,0.5,Nawa,Manioc,Limoneux,Seche,73.9,31.2,79.2,0,12.08
2023-04-19,2023,4,2,109,0.866,-0.5,Poro,Manioc,Sablonneux,Seche,14.9,29.9,47.7,0,5.26
2022-02-26,2022,2,1,57,0.866,0.5,Poro,Maïs,Sablonneux,Seche,20.8,33.6,30.4,0,1.26
2021-03-03,2021,3,1,62,1.0,0.0,Nawa,Manioc,Limoneux,Seche,40.4,28.5,76.2,0,10.95
2024-02-07,2024,2,1,38,0.866,0.5,Nawa,Cacao,Argileux,Seche,24.8,29.0,69.5,0,1.19
2024-02-17,2024,2,1,48,0.866,0.5,Haut-Sassandra,Cacao,Sablonneux,Seche,46.1,29.2,79.7,0,1.05
2023-10-07,2023,10,4,280,-0.866,0.5,Haut-Sassandra,Manioc,Argileux,Pluies,140.1,26.8,80.6,0,17.13
2022-08-21,2022,8,3,233,-0.866,-0.5,Poro,Manioc,Sablonneux,Pluies,208.4,25.3,78.7,0,7.99
2024-11-06,2024,11,4,311,-0.5,0.866,Nawa,Maïs,Sablonneux,Seche,63.0,29.4,75.5,0,1.18
2022-01-27,2022,1,1,27,0.5,0.866,Haut-Sassandra,Manioc,Argileux,Seche,38.7,28.3,69.7,0,12.25
2023-09-04,2023,9,3,247,-1.0,-0.0,Haut-Sassandra,Cacao,Sablonneux,Pluies,220.7,25.2,79.9,1,1.54
2023-12-12,2023,12,4,346,-0.0,1.0,Haut-Sassandra,Cacao,Sablonneux,Seche,49.8,28.1,72.9,0,1.14
2022-08-26,2022,8,3,238,-0.866,-0.5,Nawa,Cacao,Limoneux,Seche,31.7,29.5,66.5,1,1.07
2024-08-05,2024,8,3,218,-0.866,-0.5,Poro,Anacarde,Argileux,Pluies,175.7,23.5,71.2,0,1.1
2021-12-03,2021,12,4,337,-0.0,1.0,Nawa,Cacao,Argileux,Seche,69.8,32.2,68.5,0,1.15
2023-03-21,2023,3,1,80,1.0,0.0,Nawa,Cacao,Argileux,Seche,3.7,29.9,71.1,0,1.21
2024-05-12,2024,5,2,133,0.5,-0.866,Nawa,Cacao,Argileux,Pluies,125.4,26.2,85.9,1,1.74
2024-06-15,2024,6,2,167,0.0,-1.0,Nawa,Cacao,Limoneux,Pluies,147.6,24.6,86.9,0,1.42
2024-11-06,2024,11,4,311,-0.5,0.866,Haut-Sassandra,Cacao,Argileux,Seche,32.2,29.8,56.6,0,1.06
2023-01-22,2023,1,1,22,0.5,0.866,Poro,Manioc,Sablonneux,Seche,6.5,32.4,40.0,1,5.04
2024-03-05,2024,3,1,65,1.0,0.0,Nawa,Manioc,Argileux,Seche,71.0,33.2,73.9,0,11.24
2024-12-01,2024,12,4,336,-0.0,1.0,Nawa,Cacao,Argileux,Seche,40.9,31.2,75.7,0,1.21
2024-10-17,2024,10,4,291,-0.866,0.5,Haut-Sassandra,Cacao,Argileux,Pluies,206.8,27.3,88.6,0,1.55
2024-11-05,2024,11,4,310,-0.5,0.866,Poro,Manioc,Limoneux,Seche,21.6,35.0,35.9,0,6.24
2023-05-31,2023,5,2,151,0.5,-0.866,Haut-Sassandra,Maïs,Argileux,Pluies,210.5,25.1,85.8,1,2.06
2022-09-27,2022,9,3,270,-1.0,-0.0,Poro,Maïs,Argileux,Pluies,239.2,29.6,68.7,0,1.34
2021-09-11,2021,9,3,254,-1.0,-0.0,Poro,Maïs,Argileux,Pluies,142.3,25.9,79.1,0,1.96
2024-02-12,2024,2,1,43,0.866,0.5,Haut-Sassandra,Manioc,Limoneux,Seche,36.1,34.7,62.0,0,11.86
2021-01-20,2021,1,1,20,0.5,0.866,Haut-Sassandra,Cacao,Argileux,Seche,60.7,28.7,71.9,0,1.01
2022-06-12,2022,6,2,163,0.0,-1.0,Nawa,Cacao,Argileux,Pluies,221.6,26.0,85.2,0,1.5
2024-03-14,2024,3,1,74,1.0,0.0,Poro,Manioc,Argileux,Seche,2.3,31.6,42.9,0,7.02
2024-05-16,2024,5,2,137,0.5,-0.866,Haut-Sassandra,Manioc,Argileux,Pluies,153.2,27.2,83.5,1,15.55
2022-01-11,2022,1,1,11,0.5,0.866,Nawa,Cacao,Sablonneux,Seche,29.8,25.3,60.5,0,1.11
2021-06-15,2021,6,2,166,0.0,-1.0,Poro,Anacarde,Sablonneux,Pluies,199.7,29.6,84.1,1,0.81
2024-04-19,2024,4,2,110,0.866,-0.5,Poro,Anacarde,Sablonneux,Seche,14.6,36.7,37.5,0,0.75
2023-05-11,2023,5,2,131,0.5,-0.866,Haut-Sassandra,Manioc,Limoneux,Pluies,237.3,28.7,84.5,1,11.26
2022-09-09,2022,9,3,252,-1.0,-0.0,Nawa,Cacao,Argileux,Pluies,134.5,25.1,90.9,1,1.87
2022-09-04,2022,9,3,247,-1.0,-0.0,Haut-Sassandra,Cacao,Argileux,Pluies,218.4,29.0,82.3,1,1.53
2024-09-17,2024,9,3,261,-1.0,-0.0,Haut-Sassandra,Maïs,Argileux,Pluies,179.2,22.5,88.6,1,1.26
2022-05-18,2022,5,2,138,0.5,-0.866,Nawa,Maïs,Limoneux,Pluies,160.4,25.8,84.9,1,1.79
2023-07-02,2023,7,3,183,-0.5,-0.866,Nawa,Cacao,Limoneux,Pluies,172.6,25.5,89.3,0,1.76
2021-03-20,2021,3,1,79,1.0,0.0,Haut-Sassandra,Cacao,Argileux,Seche,55.6,31.7,75.2,0,1.25
2022-08-08,2022,8,3,220,-0.866,-0.5,Nawa,Manioc,Limoneux,Seche,62.6,30.7,75.1,1,12.93
2022-11-19,2022,11,4,323,-0.5,0.866,Haut-Sassandra,Cacao,Limoneux,Seche,31.4,28.9,75.6,0,1.13
2022-01-31,2022,1,1,31,0.5,0.866,Haut-Sassandra,Manioc,Argileux,Seche,38.4,28.7,76.2,0,10.95
2024-02-01,2024,2,1,32,0.866,0.5,Nawa,Manioc,Argileux,Seche,41.3,28.2,62.9,0,12.97
2022-02-06,2022,2,1,37,0.866,0.5,Nawa,Maïs,Limoneux,Seche,32.2,30.4,73.2,0,1.19
2023-09-02,2023,9,3,245,-1.0,-0.0,Haut-Sassandra,Anacarde,Argileux,Pluies,159.4,28.7,83.4,1,0.63
2021-08-12,2021,8,3,224,-0.866,-0.5,Haut-Sassandra,Cacao,Limoneux,Seche,46.5,32.6,70.1,1,1.03
2022-06-02,2022,6,2,153,0.0,-1.0,Haut-Sassandra,Cacao,Argileux,Pluies,191.2,26.5,88.8,0,1.64
2022-09-26,2022,9,3,269,-1.0,-0.0,Poro,Maïs,Limoneux,Pluies,164.3,30.0,73.3,0,1.34
2021-08-24,2021,8,3,236,-0.866,-0.5,Haut-Sassandra,Cacao,Argileux,Seche,63.4,32.7,69.2,1,1.04
2024-12-21,2024,12,4,356,-0.0,1.0,Haut-Sassandra,Maïs,Argileux,Seche,44.9,31.5,62.8,0,1.35
2021-04-26,2021,4,2,116,0.866,-0.5,Nawa,Maïs,Limoneux,Seche,57.8,31.0,64.7,1,1.36
2024-04-01,2024,4,2,92,0.866,-0.5,Haut-Sassandra,Manioc,Sablonneux,Seche,73.5,27.5,63.7,1,11.03
2021-08-14,2021,8,3,226,-0.866,-0.5,Haut-Sassandra,Cacao,Limoneux,Seche,71.3,32.0,58.0,1,1.13
2021-08-18,2021,8,3,230,-0.866,-0.5,Poro,Maïs,Argileux,Pluies,156.5,27.7,75.3,0,1.72
2021-07-01,2021,7,3,182,-0.5,-0.866,Haut-Sassandra,Cacao,Argileux,Pluies,200.1,27.7,79.1,0,1.63
2024-06-26,2024,6,2,178,0.0,-1.0,Haut-Sassandra,Cacao,Limoneux,Pluies,200.9,27.5,83.5,0,1.65
2024-09-03,2024,9,3,247,-1.0,-0.0,Poro,Anacarde,Sablonneux,Pluies,181.1,28.7,76.7,0,0.96
2021-07-29,2021,7,3,210,-0.5,-0.866,Nawa,Anacarde,Limoneux,Pluies,192.9,24.8,85.1,0,0.59
2024-11-16,2024,11,4,321,-0.5,0.866,Haut-Sassandra,Cacao,Argileux,Seche,39.5,31.2,59.9,0,1.22
2021-04-06,2021,4,2,96,0.866,-0.5,Poro,Anacarde,Limoneux,Seche,13.7,33.7,49.4,0,0.72
2023-06-13,2023,6,2,164,0.0,-1.0,Nawa,Cacao,Argileux,Pluies,165.6,26.8,84.3,0,1.58
2023-01-26,2023,1,1,26,0.5,0.866,Haut-Sassandra,Cacao,Argileux,Seche,33.8,28.2,58.2,0,1.09
2024-01-15,2024,1,1,15,0.5,0.866,Haut-Sassandra,Manioc,Argileux,Seche,15.0,26.2,74.1,0,11.45
2022-02-19,2022,2,1,50,0.866,0.5,Nawa,Manioc,Argileux,Seche,40.1,29.6,69.5,1,11.83
2022-01-29,2022,1,1,29,0.5,0.866,Poro,Anacarde,Sablonneux,Seche,12.3,36.6,38.1,0,0.74
2022-11-27,2022,11,4,331,-0.5,0.866,Poro,Anacarde,Limoneux,Seche,10.6,38.7,34.4,0,0.79
2023-04-24,2023,4,2,114,0.866,-0.5,Nawa,Cacao,Sablonneux,Seche,37.1,28.2,61.9,1,1.13
2022-08-27,2022,8,3,239,-0.866,-0.5,Nawa,Cacao,Sablonneux,Seche,50.6,33.7,69.1,1,1.17
2022-08-05,2022,8,3,217,-0.866,-0.5,Nawa,Cacao,Limoneux,Seche,21.6,26.7,66.7,1,1.16
2021-05-13,2021,5,2,133,0.5,-0.866,Haut-Sassandra,Cacao,Limoneux,Pluies,160.6,25.5,83.3,1,1.76
2023-03-02,2023,3,1,61,1.0,0.0,Poro,Maïs,Argileux,Seche,14.0,33.0,42.7,0,1.38
2022-10-11,2022,10,4,284,-0.866,0.5,Haut-Sassandra,Cacao,Limoneux,Pluies,193.6,24.2,86.3,0,1.45
2024-08-30,2024,8,3,243,-0.866,-0.5,Haut-Sassandra,Maïs,Argileux,Seche,45.6,30.3,72.8,1,1.23
2021-08-09,2021,8,3,221,-0.866,-0.5,Nawa,Maïs,Sablonneux,Seche,24.3,31.7,70.5,1,1.37
2023-09-03,2023,9,3,246,-1.0,-0.0,Haut-Sassandra,Cacao,Argileux,Pluies,155.4,27.7,85.3,1,1.58
2023-12-06,2023,12,4,340,-0.0,1.0,Nawa,Maïs,Argileux,Seche,44.4,33.4,62.4,0,1.2
2024-04-30,2024,4,2,121,0.866,-0.5,Haut-Sassandra,Cacao,Limoneux,Seche,33.7,30.3,65.9,0,1.13
2024-11-03,2024,11,4,308,-0.5,0.866,Nawa,Cacao,Argileux,Seche,33.5,32.2,69.5,0,1.17
2023-02-27,2023,2,1,58,0.866,0.5,Haut-Sassandra,Manioc,Argileux,Seche,65.3,27.3,76.6,0,11.06
2022-11-22,2022,11,4,326,-0.5,0.866,Poro,Maïs,Sablonneux,Seche,17.0,32.1,50.7,0,1.36
2024-09-19,2024,9,3,263,-1.0,-0.0,Poro,Anacarde,Sablonneux,Pluies,145.0,29.1,76.0,0,0.72
2021-02-08,2021,2,1,39,0.866,0.5,Nawa,Cacao,Limoneux,Seche,58.2,28.0,67.3,0,1.17
2024-08-09,2024,8,3,222,-0.866,-0.5,Nawa,Cacao,Sablonneux,Seche,58.4,32.1,67.9,1,1.09
2022-11-21,2022,11,4,325,-0.5,0.866,Nawa,Cacao,Argileux,Seche,11.7,31.5,65.2,0,1.01
2021-06-11,2021,6,2,162,0.0,-1.0,Haut-Sassandra,Cacao,Limoneux,Pluies,182.8,26.8,87.4,0,1.8
2024-09-16,2024,9,3,260,-1.0,-0.0,Haut-Sassandra,Cacao,Argileux,Pluies,268.2,29.5,87.1,1,1.09
2024-02-02,2024,2,1,33,0.866,0.5,Haut-Sassandra,Manioc,Argileux,Seche,15.3,27.7,76.6,0,11.6
2021-06-10,2021,6,2,161,0.0,-1.0,Poro,Maïs,Limoneux,Pluies,171.4,25.6,83.6,1,1.88
2023-12-14,2023,12,4,348,-0.0,1.0,Haut-Sassandra,Cacao,Limoneux,Seche,51.5,22.9,64.2,0,1.03
2023-11-24,2023,11,4,328,-0.5,0.866,Nawa,Maïs,Argileux,Seche,47.6,26.2,58.4,0,1.22
2021-08-30,2021,8,3,242,-0.866,-0.5,Nawa,Manioc,Limoneux,Seche,60.9,30.3,75.3,1,11.99
2023-08-25,2023,8,3,237,-0.866,-0.5,Nawa,Manioc,Limoneux,Seche,54.5,27.3,70.9,0,12.19
2023-06-09,2023,6,2,160,0.0,-1.0,Poro,Anacarde,Limoneux,Pluies,190.8,29.1,79.7,1,0.81
2021-04-23,2021,4,2,113,0.866,-0.5,Nawa,Manioc,Limoneux,Seche,35.4,32.3,68.0,1,13.03
2023-10-11,2023,10,4,284,-0.866,0.5,Poro,Anacarde,Sablonneux,Seche,9.4,34.2,38.4,0,0.76
2021-11-14,2021,11,4,318,-0.5,0.866,Nawa,Anacarde,Argileux,Seche,58.8,28.9,66.9,0,0.4
2021-01-23,2021,1,1,23,0.5,0.866,Nawa,Manioc,Argileux,Seche,36.9,31.8,66.8,0,11.05
2023-04-04,2023,4,2,94,0.866,-0.5,Haut-Sassandra,Manioc,Limoneux,Seche,49.6,31.3,65.8,1,11.39
2024-02-16,2024,2,1,47,0.866,0.5,Poro,Anacarde,Limoneux,Seche,8.5,35.7,33.9,0,0.77
2022-12-02,2022,12,4,336,-0.0,1.0,Poro,Maïs,Argileux,Seche,11.1,32.8,36.9,0,1.17
2023-10-16,2023,10,4,289,-0.866,0.5,Haut-Sassandra,Cacao,Argileux,Pluies,232.6,29.1,85.1,0,1.15
2024-05-20,2024,5,2,141,0.5,-0.866,Nawa,Cacao,Limoneux,Pluies,192.6,24.9,88.9,1,1.79
2024-12-12,2024,12,4,347,-0.0,1.0,Poro,Maïs,Sablonneux,Seche,24.0,35.4,28.2,0,1.25
2024-02-11,2024,2,1,42,0.866,0.5,Haut-Sassandra,Manioc,Limoneux,Seche,59.2,30.5,72.2,0,12.34
2023-12-04,2023,12,4,338,-0.0,1.0,Haut-Sassandra,Manioc,Limoneux,Seche,64.6,31.1,65.1,0,10.9
2021-05-08,2021,5,2,128,0.5,-0.866,Nawa,Manioc,Argileux,Pluies,157.1,28.3,84.6,1,18.24
2023-05-26,2023,5,2,146,0.5,-0.866,Haut-Sassandra,Anacarde,Argileux,Pluies,221.1,25.7,83.0,1,0.58
2021-06-07,2021,6,2,158,0.0,-1.0,Nawa,Cacao,Argileux,Pluies,190.8,28.6,94.2,0,1.71
2023-04-07,2023,4,2,97,0.866,-0.5,Haut-Sassandra,Cacao,Argileux,Seche,18.6,31.4,65.9,1,1.19
2024-11-18,2024,11,4,323,-0.5,0.866,Haut-Sassandra,Cacao,Argileux,Seche,7.8,28.2,82.6,0,1.12
2023-05-02,2023,5,2,122,0.5,-0.866,Haut-Sassandra,Manioc,Limoneux,Pluies,190.9,24.6,89.0,1,17.27
2022-05-27,2022,5,2,147,0.5,-0.866,Nawa,Manioc,Argileux,Pluies,197.9,27.5,96.2,1,16.32
2021-02-14,2021,2,1,45,0.866,0.5,Poro,Anacarde,Limoneux,Seche,14.2,31.9,39.0,0,0.78
2024-02-06,2024,2,1,37,0.866,0.5,Haut-Sassandra,Manioc,Limoneux,Seche,95.1,32.3,60.3,0,11.11
2021-08-07,2021,8,3,219,-0.866,-0.5,Haut-Sassandra,Cacao,Limoneux,Seche,83.3,34.3,60.5,1,1.15
2022-03-19,2022,3,1,78,1.0,0.0,Nawa,Manioc,Sablonneux,Seche,36.3,29.3,77.6,0,12.6
2021-11-11,2021,11,4,315,-0.5,0.866,Haut-Sassandra,Maïs,Limoneux,Seche,43.1,28.9,79.1,0,1.27
2021-06-26,2021,6,2,177,0.0,-1.0,Haut-Sassandra,Maïs,Argileux,Pluies,227.0,27.3,83.6,0,1.82
2021-08-16,2021,8,3,228,-0.866,-0.5,Haut-Sassandra,Maïs,Argileux,Seche,28.0,28.1,73.2,1,1.43
2021-09-24,2021,9,3,267,-1.0,-0.0,Haut-Sassandra,Anacarde,Argileux,Pluies,173.0,28.6,88.4,1,0.56
2023-05-20,2023,5,2,140,0.5,-0.866,Poro,Manioc,Sablonneux,Seche,16.0,33.1,45.3,1,5.78
2023-04-18,2023,4,2,108,0.866,-0.5,Nawa,Maïs,Argileux,Seche,4.3,29.1,76.5,1,1.29
2024-11-03,2024,11,4,308,-0.5,0.866,Nawa,Manioc,Argileux,Seche,67.1,25.2,72.0,0,10.81
2022-05-04,2022,5,2,124,0.5,-0.866,Poro,Anacarde,Argileux,Seche,10.4,31.0,40.2,1,0.78
2022-12-03,2022,12,4,337,-0.0,1.0,Nawa,Cacao,Limoneux,Seche,32.8,33.3,74.3,0,1.26
2022-11-18,2022,11,4,322,-0.5,0.866,Poro,Anacarde,Sablonneux,Seche,11.1,32.6,42.1,0,0.74
2024-08-06,2024,8,3,219,-0.866,-0.5,Poro,Anacarde,Sablonneux,Pluies,173.3,23.7,81.6,0,1.18
2023-09-23,2023,9,3,266,-1.0,-0.0,Haut-Sassandra,Cacao,Argileux,Pluies,154.7,25.4,86.3,1,1.49
2021-12-23,2021,12,4,357,-0.0,1.0,Haut-Sassandra,Manioc,Limoneux,Seche,47.3,32.9,61.6,0,11.62
2023-05-22,2023,5,2,142,0.5,-0.866,Haut-Sassandra,Cacao,Sablonneux,Pluies,248.6,26.7,94.8,1,1.06
2021-07-23,2021,7,3,204,-0.5,-0.866,Haut-Sassandra,Cacao,Limoneux,Pluies,102.6,29.1,81.7,0,1.13
2024-05-21,2024,5,2,142,0.5,-0.866,Poro,Anacarde,Limoneux,Seche,10.5,36.3,53.5,1,0.74
2022-07-06,2022,7,3,187,-0.5,-0.866,Haut-Sassandra,Manioc,Limoneux,Pluies,194.6,26.0,89.6,0,15.69
2021-11-19,2021,11,4,323,-0.5,0.866,Haut-Sassandra,Manioc,Sablonneux,Seche,57.8,36.3,68.0,0,10.24
2022-08-17,2022,8,3,229,-0.866,-0.5,Haut-Sassandra,Cacao,Limoneux,Seche,38.7,30.9,64.6,1,1.2
2021-06-30,2021,6,2,181,0.0,-1.0,Nawa,Maïs,Argileux,Pluies,193.4,28.2,88.4,0,1.83
2022-05-14,2022,5,2,134,0.5,-0.866,Haut-Sassandra,Maïs,Sablonneux,Pluies,203.6,24.7,90.7,1,2.01
2024-09-05,2024,9,3,249,-1.0,-0.0,Nawa,Maïs,Limoneux,Pluies,163.3,30.5,89.8,1,1.28
2021-03-24,2021,3,1,83,1.0,0.0,Haut-Sassandra,Manioc,Sablonneux,Seche,42.3,31.4,67.0,0,9.77
2021-10-30,2021,10,4,303,-0.866,0.5,Nawa,Cacao,Limoneux,Pluies,159.6,24.7,88.6,0,1.64
2021-09-19,2021,9,3,262,-1.0,-0.0,Nawa,Cacao,Argileux,Pluies,223.3,26.2,87.5,1,1.42
2023-02-23,2023,2,1,54,0.866,0.5,Haut-Sassandra,Cacao,Limoneux,Seche,61.9,29.8,75.5,0,1.0
2024-05-08,2024,5,2,129,0.5,-0.866,Nawa,Cacao,Limoneux,Pluies,167.9,26.0,83.7,1,1.46
2024-06-17,2024,6,2,169,0.0,-1.0,Nawa,Cacao,Limoneux,Pluies,155.8,28.3,82.1,0,1.74
2023-07-03,2023,7,3,184,-0.5,-0.866,Haut-Sassandra,Cacao,Limoneux,Pluies,219.5,27.1,85.7,0,1.57
2022-11-23,2022,11,4,327,-0.5,0.866,Nawa,Cacao,Argileux,Seche,46.0,26.2,63.0,0,1.16
2023-08-02,2023,8,3,214,-0.866,-0.5,Nawa,Maïs,Argileux,Seche,65.5,29.3,58.1,1,1.18
2022-11-14,2022,11,4,318,-0.5,0.866,Haut-Sassandra,Manioc,Argileux,Seche,54.0,28.8,63.9,0,11.11
2024-08-11,2024,8,3,224,-0.866,-0.5,Nawa,Anacarde,Limoneux,Seche,51.7,30.2,66.3,1,0.37
2022-11-20,2022,11,4,324,-0.5,0.866,Nawa,Cacao,Limoneux,Seche,82.9,31.4,61.2,0,1.05
2022-01-31,2022,1,1,31,0.5,0.866,Haut-Sassandra,Cacao,Sablonneux,Seche,58.5,29.7,59.5,0,1.18
2024-03-07,2024,3,1,67,1.0,0.0,Nawa,Manioc,Argileux,Seche,31.2,32.5,72.5,0,10.75
2023-04-19,2023,4,2,109,0.866,-0.5,Haut-Sassandra,Manioc,Argileux,Seche,61.3,27.8,65.1,0,11.04
2023-05-28,2023,5,2,148,0.5,-0.866,Poro,Anacarde,Sablonneux,Seche,0.0,30.6,40.2,1,0.69
2023-04-03,2023,4,2,93,0.866,-0.5,Nawa,Manioc,Argileux,Seche,64.0,30.1,68.7,1,11.67
2024-02-27,2024,2,1,58,0.866,0.5,Haut-Sassandra,Manioc,Limoneux,Seche,32.4,25.5,67.4,0,10.61
2021-02-18,2021,2,1,49,0.866,0.5,Haut-Sassandra,Cacao,Limoneux,Seche,50.9,33.2,73.0,0,1.19
2023-02-28,2023,2,1,59,0.866,0.5,Nawa,Cacao,Argileux,Seche,11.8,27.5,74.0,0,1.03
2021-10-20,2021,10,4,293,-0.866,0.5,Haut-Sassandra,Manioc,Limoneux,Pluies,130.8,27.3,91.3,0,19.75
2022-06-20,2022,6,2,171,0.0,-1.0,Haut-Sassandra,Manioc,Limoneux,Pluies,199.5,27.5,87.1,0,19.97
2021-11-07,2021,11,4,311,-0.5,0.866,Haut-Sassandra,Cacao,Sablonneux,Seche,0.0,28.4,73.9,0,1.18
2022-06-21,2022,6,2,172,0.0,-1.0,Nawa,Manioc,Sablonneux,Pluies,170.3,24.8,87.4,0,17.51
2022-10-01,2022,10,4,274,-0.866,0.5,Poro,Anacarde,Sablonneux,Seche,25.9,33.6,39.2,0,0.74
2021-08-22,2021,8,3,234,-0.866,-0.5,Haut-Sassandra,Cacao,Argileux,Seche,73.1,29.8,65.1,1,1.21
2024-05-17,2024,5,2,138,0.5,-0.866,Poro,Anacarde,Sablonneux,Seche,16.6,30.3,49.2,1,0.78
2022-08-28,2022,8,3,240,-0.866,-0.5,Poro,Anacarde,Limoneux,Pluies,165.7,25.2,74.7,0,1.07
2021-04-04,2021,4,2,94,0.866,-0.5,Poro,Anacarde,Argileux,Seche,11.3,41.3,29.7,0,0.75
2021-11-23,2021,11,4,327,-0.5,0.866,Nawa,Manioc,Sablonneux,Seche,30.2,32.2,71.9,0,12.12
2021-08-13,2021,8,3,225,-0.866,-0.5,Nawa,Manioc,Limoneux,Seche,14.0,31.6,78.3,1,11.95
2023-08-25,2023,8,3,237,-0.866,-0.5,Haut-Sassandra,Manioc,Sablonneux,Seche,54.7,31.9,61.3,1,12.56
2023-06-09,2023,6,2,160,0.0,-1.0,Poro,Anacarde,Argileux,Pluies,163.9,28.6,79.3,1,1.13
2021-01-11,2021,1,1,11,0.5,0.866,Haut-Sassandra,Manioc,Argileux,Seche,28.5,26.6,72.5,0,11.58
2024-09-14,2024,9,3,258,-1.0,-0.0,Poro,Manioc,Limoneux,Pluies,163.3,26.2,73.9,0,7.69
2023-11-02,2023,11,4,306,-0.5,0.866,Poro,Anacarde,Limoneux,Seche,0.0,37.3,36.8,0,0.83
2021-02-04,2021,2,1,35,0.866,0.5,Nawa,Cacao,Argileux,Seche,46.3,29.5,69.8,0,0.94
2022-03-23,2022,3,1,82,1.0,0.0,Haut-Sassandra,Manioc,Limoneux,Seche,78.1,28.9,63.8,0,13.12
2024-05-28,2024,5,2,149,0.5,-0.866,Poro,Anacarde,Sablonneux,Seche,17.6,32.9,55.7,1,0.7
2022-03-17,2022,3,1,76,1.0,0.0,Nawa,Cacao,Sablonneux,Seche,4.9,29.1,67.6,0,1.03
2022-10-15,2022,10,4,288,-0.866,0.5,Haut-Sassandra,Cacao,Argileux,Pluies,204.7,27.2,88.2,0,1.61
2022-08-18,2022,8,3,230,-0.866,-0.5,Haut-Sassandra,Anacarde,Limoneux,Seche,71.7,30.3,59.0,1,0.38
2021-08-17,2021,8,3,229,-0.866,-0.5,Haut-Sassandra,Manioc,Limoneux,Seche,68.9,29.7,75.9,1,12.22
2021-12-10,2021,12,4,344,-0.0,1.0,Poro,Anacarde,Limoneux,Seche,7.4,36.3,41.5,0,0.79
2024-01-09,2024,1,1,9,0.5,0.866,Nawa,Manioc,Limoneux,Seche,57.1,32.7,70.9,0,12.48
2024-10-08,2024,10,4,282,-0.866,0.5,Nawa,Cacao,Argileux,Pluies,222.9,25.7,81.8,0,1.51
2024-11-20,2024,11,4,325,-0.5,0.866,Haut-Sassandra,Maïs,Argileux,Seche,64.6,31.5,69.4,0,1.22
2024-08-06,2024,8,3,219,-0.866,-0.5,Poro,Anacarde,Limoneux,Pluies,132.8,25.0,74.6,0,1.1
2023-09-16,2023,9,3,259,-1.0,-0.0,Poro,Anacarde,Sablonneux,Pluies,204.1,24.7,79.2,0,0.85
2024-02-26,2024,2,1,57,0.866,0.5,Haut-Sassandra,Cacao,Argileux,Seche,57.6,26.5,76.6,0,1.15
2023-06-28,2023,6,2,179,0.0,-1.0,Haut-Sassandra,Manioc,Argileux,Pluies,185.5,23.7,88.0,0,15.73
2024-10-14,2024,10,4,288,-0.866,0.5,Poro,Maïs,Argileux,Seche,7.7,33.9,33.9,1,1.52
2022-06-11,2022,6,2,162,0.0,-1.0,Nawa,Maïs,Sablonneux,Pluies,106.4,27.5,78.7,0,1.24
2024-08-29,2024,8,3,242,-0.866,-0.5,Nawa,Cacao,Limoneux,Seche,50.7,27.5,60.7,1,1.16
2021-03-16,2021,3,1,75,1.0,0.0,Haut-Sassandra,Maïs,Argileux,Seche,40.1,30.1,75.4,0,1.33
2021-07-15,2021,7,3,196,-0.5,-0.866,Nawa,Manioc,Limoneux,Pluies,233.5,28.2,87.7,0,12.0
2021-01-29,2021,1,1,29,0.5,0.866,Haut-Sassandra,Cacao,Limoneux,Seche,83.1,27.9,63.1,0,1.14
2022-12-07,2022,12,4,341,-0.0,1.0,Poro,Anacarde,Sablonneux,Seche,21.1,31.0,32.4,0,0.64
2023-10-18,2023,10,4,291,-0.866,0.5,Haut-Sassandra,Cacao,Argileux,Pluies,202.3,25.5,91.5,0,1.73
2021-01-16,2021,1,1,16,0.5,0.866,Haut-Sassandra,Cacao,Limoneux,Seche,28.9,30.6,69.9,0,0.99
2024-12-17,2024,12,4,352,-0.0,1.0,Nawa,Maïs,Limoneux,Seche,35.1,33.1,61.1,0,1.07
2023-03-16,2023,3,1,75,1.0,0.0,Haut-Sassandra,Manioc,Argileux,Seche,56.8,30.3,68.6,0,10.74
2024-11-29,2024,11,4,334,-0.5,0.866,Haut-Sassandra,Manioc,Argileux,Seche,51.0,27.3,59.7,0,12.21
2023-07-29,2023,7,3,210,-0.5,-0.866,Nawa,Cacao,Sablonneux,Pluies,169.4,27.9,83.2,0,1.41
2023-08-25,2023,8,3,237,-0.866,-0.5,Haut-Sassandra,Cacao,Sablonneux,Seche,48.9,31.5,69.1,0,1.05
2024-01-06,2024,1,1,6,0.5,0.866,Nawa,Cacao,Argileux,Seche,27.5,29.4,73.3,0,1.14
2021-08-17,2021,8,3,229,-0.866,-0.5,Haut-Sassandra,Maïs,Argileux,Seche,42.6,27.2,58.6,1,1.32
2023-08-20,2023,8,3,232,-0.866,-0.5,Haut-Sassandra,Manioc,Argileux,Seche,30.0,28.8,76.9,1,12.22
2024-08-13,2024,8,3,226,-0.866,-0.5,Poro,Cacao,Limoneux,Pluies,143.2,26.0,85.2,0,0.78
2022-12-16,2022,12,4,350,-0.0,1.0,Nawa,Manioc,Sablonneux,Seche,36.6,27.8,73.0,0,12.98
2023-09-11,2023,9,3,254,-1.0,-0.0,Haut-Sassandra,Cacao,Argileux,Pluies,164.3,25.4,86.2,1,1.51
2022-07-27,2022,7,3,208,-0.5,-0.866,Nawa,Cacao,Argileux,Pluies,210.5,26.9,86.7,0,2.02
2022-09-07,2022,9,3,250,-1.0,-0.0,Poro,Cacao,Sablonneux,Pluies,172.7,30.8,77.5,0,0.56
2021-11-22,2021,11,4,326,-0.5,0.866,Poro,Maïs,Sablonneux,Seche,10.3,35.6,44.3,0,1.28
2024-10-18,2024,10,4,292,-0.866,0.5,Nawa,Manioc,Limoneux,Pluies,173.8,26.3,85.8,0,18.13
2023-05-25,2023,5,2,145,0.5,-0.866,Poro,Anacarde,Limoneux,Seche,0.0,29.5,46.0,1,0.77
2021-12-25,2021,12,4,359,-0.0,1.0,Nawa,Cacao,Argileux,Seche,12.8,26.0,67.5,0,0.99
2021-11-20,2021,11,4,324,-0.5,0.866,Poro,Maïs,Sablonneux,Seche,13.6,34.2,56.5,0,1.15
2024-09-11,2024,9,3,255,-1.0,-0.0,Nawa,Cacao,Argileux,Pluies,203.2,27.5,88.0,1,1.78
2021-06-14,2021,6,2,165,0.0,-1.0,Poro,Anacarde,Limoneux,Pluies,130.5,22.6,77.6,1,0.81
2023-03-09,2023,3,1,68,1.0,0.0,Poro,Cacao,Sablonneux,Seche,10.4,34.3,39.9,0,0.56
2022-03-31,2022,3,1,90,1.0,0.0,Nawa,Manioc,Argileux,Seche,21.2,33.5,64.7,0,11.92
2024-03-22,2024,3,1,82,1.0,0.0,Poro,Anacarde,Sablonneux,Seche,17.0,31.3,34.3,0,0.75
2024-02-25,2024,2,1,56,0.866,0.5,Poro,Anacarde,Sablonneux,Seche,16.7,34.4,26.8,0,0.73
2021-07-12,2021,7,3,193,-0.5,-0.866,Nawa,Manioc,Limoneux,Pluies,235.0,26.2,86.9,0,11.89
2022-09-19,2022,9,3,262,-1.0,-0.0,Haut-Sassandra,Manioc,Argileux,Pluies,177.2,30.7,85.7,1,12.13
2022-06-14,2022,6,2,165,0.0,-1.0,Poro,Anacarde,Limoneux,Pluies,165.9,28.2,77.7,1,0.81
2023-10-31,2023,10,4,304,-0.866,0.5,Poro,Anacarde,Sablonneux,Seche,0.0,32.8,44.5,0,0.89
2021-04-02,2021,4,2,92,0.866,-0.5,Nawa,Cacao,Limoneux,Seche,55.1,28.3,73.0,1,1.02
2021-05-19,2021,5,2,139,0.5,-0.866,Nawa,Manioc,Argileux,Pluies,191.5,25.9,84.4,1,17.34
2022-04-26,2022,4,2,116,0.866,-0.5,Nawa,Manioc,Argileux,Seche,44.9,31.2,69.2,1,13.49
2022-03-25,2022,3,1,84,1.0,0.0,Poro,Anacarde,Sablonneux,Seche,22.3,37.8,36.0,0,0.7
2024-09-18,2024,9,3,262,-1.0,-0.0,Haut-Sassandra,Cacao,Argileux,Pluies,208.3,25.8,86.9,1,1.62
2023-05-19,2023,5,2,139,0.5,-0.866,Haut-Sassandra,Cacao,Limoneux,Pluies,163.5,24.8,80.2,1,1.73
2021-12-06,2021,12,4,340,-0.0,1.0,Haut-Sassandra,Cacao,Sablonneux,Seche,53.5,36.1,65.4,0,1.12
2023-12-12,2023,12,4,346,-0.0,1.0,Poro,Maïs,Sablonneux,Seche,0.0,36.1,38.4,0,1.23
2022-04-11,2022,4,2,101,0.866,-0.5,Poro,Maïs,Sablonneux,Seche,14.8,32.6,40.2,0,1.18
2022-12-19,2022,12,4,353,-0.0,1.0,Nawa,Cacao,Argileux,Seche,51.7,33.7,58.5,0,1.12
2023-03-10,2023,3,1,69,1.0,0.0,Nawa,Maïs,Argileux,Seche,61.4,27.5,65.9,0,1.16
2022-04-20,2022,4,2,110,0.866,-0.5,Haut-Sassandra,Maïs,Sablonneux,Seche,61.4,29.2,69.0,1,1.06
2022-02-05,2022,2,1,36,0.866,0.5,Nawa,Maïs,Limoneux,Seche,47.7,32.6,69.7,0,1.12
2022-08-28,2022,8,3,240,-0.866,-0.5,Nawa,Cacao,Argileux,Seche,17.0,32.1,69.1,1,1.12
2023-07-21,2023,7,3,202,-0.5,-0.866,Haut-Sassandra,Cacao,Limoneux,Pluies,203.7,26.5,85.1,0,1.31
2023-09-24,2023,9,3,267,-1.0,-0.0,Nawa,Cacao,Limoneux,Pluies,196.5,28.7,90.9,1,1.61
2023-07-11,2023,7,3,192,-0.5,-0.866,Nawa,Manioc,Limoneux,Pluies,190.9,26.7,83.4,0,14.58
2023-04-01,2023,4,2,91,0.866,-0.5,Haut-Sassandra,Cacao,Argileux,Seche,23.3,30.2,69.6,1,1.08
2022-10-19,2022,10,4,292,-0.866,0.5,Poro,Anacarde,Limoneux,Seche,5.9,39.5,68.1,0,0.81
2022-08-21,2022,8,3,233,-0.866,-0.5,Poro,Anacarde,Argileux,Pluies,188.9,28.0,82.0,0,1.23
2024-03-22,2024,3,1,82,1.0,0.0,Nawa,Manioc,Limoneux,Seche,46.8,28.2,68.8,0,11.62
2022-05-29,2022,5,2,149,0.5,-0.866,Nawa,Maïs,Limoneux,Pluies,196.0,29.2,87.1,1,1.32
2023-10-27,2023,10,4,300,-0.866,0.5,Nawa,Manioc,Sablonneux,Pluies,210.6,28.1,82.5,0,16.97
2022-05-15,2022,5,2,135,0.5,-0.866,Poro,Manioc,Sablonneux,Seche,21.1,32.9,39.9,1,5.96
2022-12-18,2022,12,4,352,-0.0,1.0,Haut-Sassandra,Cacao,Limoneux,Seche,72.3,29.5,64.6,0,1.22
2024-02-16,2024,2,1,47,0.866,0.5,Nawa,Cacao,Limoneux,Seche,63.9,29.5,70.2,0,1.06
2022-08-24,2022,8,3,236,-0.866,-0.5,Poro,Maïs,Limoneux,Pluies,190.5,26.3,77.8,0,1.9
2022-10-28,2022,10,4,301,-0.866,0.5,Haut-Sassandra,Cacao,Limoneux,Pluies,145.8,26.6,87.3,0,1.64
2022-04-13,2022,4,2,103,0.866,-0.5,Nawa,Manioc,Argileux,Seche,58.1,30.1,75.6,1,11.15
2021-06-10,2021,6,2,161,0.0,-1.0,Haut-Sassandra,Cacao,Argileux,Pluies,196.2,29.7,89.9,0,1.05
2021-09-27,2021,9,3,270,-1.0,-0.0,Poro,Cacao,Sablonneux,Pluies,170.9,30.3,78.4,0,0.58
2023-12-16,2023,12,4,350,-0.0,1.0,Nawa,Manioc,Limoneux,Seche,52.0,30.3,74.2,0,10.93
2021-08-16,2021,8,3,228,-0.866,-0.5,Poro,Maïs,Sablonneux,Pluies,190.6,24.4,79.0,0,1.89
2023-04-29,2023,4,2,119,0.866,-0.5,Nawa,Maïs,Limoneux,Seche,13.9,30.2,78.3,1,1.37
2021-05-29,2021,5,2,149,0.5,-0.866,Haut-Sassandra,Manioc,Limoneux,Pluies,178.6,23.3,83.9,1,16.41
2023-12-06,2023,12,4,340,-0.0,1.0,Haut-Sassandra,Maïs,Limoneux,Seche,50.3,34.4,77.0,0,1.46
2024-03-13,2024,3,1,73,1.0,0.0,Nawa,Manioc,Limoneux,Seche,67.6,28.3,76.2,0,10.55
2022-09-24,2022,9,3,267,-1.0,-0.0,Haut-Sassandra,Manioc,Sablonneux,Pluies,163.4,27.1,80.7,1,18.16
2024-09-25,2024,9,3,269,-1.0,-0.0,Haut-Sassandra,Maïs,Limoneux,Pluies,288.4,25.8,86.6,1,1.35
2022-02-17,2022,2,1,48,0.866,0.5,Poro,Anacarde,Sablonneux,Seche,13.5,33.0,45.7,0,0.76
2022-06-04,2022,6,2,155,0.0,-1.0,Poro,Manioc,Argileux,Pluies,145.4,29.2,69.0,1,5.32
2024-09-29,2024,9,3,273,-1.0,-0.0,Nawa,Cacao,Argileux,Pluies,217.7,27.5,88.4,1,1.7
2022-01-22,2022,1,1,22,0.5,0.866,Poro,Maïs,Sablonneux,Seche,21.4,33.7,35.5,0,1.23
2021-10-02,2021,10,4,275,-0.866,0.5,Haut-Sassandra,Anacarde,Limoneux,Pluies,132.0,28.3,82.9,0,0.53
2021-12-19,2021,12,4,353,-0.0,1.0,Nawa,Cacao,Limoneux,Seche,32.2,26.7,80.3,0,1.01
2023-12-26,2023,12,4,360,-0.0,1.0,Haut-Sassandra,Cacao,Limoneux,Seche,34.2,29.6,65.7,0,1.01
2024-01-08,2024,1,1,8,0.5,0.866,Haut-Sassandra,Cacao,Limoneux,Seche,25.8,32.8,66.8,0,1.01
2022-08-21,2022,8,3,233,-0.866,-0.5,Nawa,Manioc,Argileux,Seche,35.9,27.7,67.0,1,11.57
2024-05-10,2024,5,2,131,0.5,-0.866,Nawa,Maïs,Argileux,Pluies,126.3,26.7,87.3,1,2.0
2022-07-12,2022,7,3,193,-0.5,-0.866,Nawa,Cacao,Limoneux,Pluies,116.9,27.9,82.1,0,1.61
2021-04-23,2021,4,2,113,0.866,-0.5,Nawa,Maïs,Argileux,Seche,29.5,26.8,75.7,1,1.36
2024-01-20,2024,1,1,20,0.5,0.866,Haut-Sassandra,Manioc,Limoneux,Seche,26.8,29.2,68.9,0,12.22
2021-05-21,2021,5,2,141,0.5,-0.866,Haut-Sassandra,Cacao,Sablonneux,Pluies,213.7,26.6,89.9,1,1.49
2024-08-05,2024,8,3,218,-0.866,-0.5,Nawa,Manioc,Argileux,Seche,65.2,29.0,69.0,1,11.08
2022-12-31,2022,12,4,365,-0.0,1.0,Haut-Sassandra,Manioc,Limoneux,Seche,25.1,26.8,76.6,0,13.5
2022-08-12,2022,8,3,224,-0.866,-0.5,Haut-Sassandra,Cacao,Limoneux,Seche,63.3,28.7,67.7,1,1.01
2022-02-15,2022,2,1,46,0.866,0.5,Nawa,Manioc,Argileux,Seche,21.4,27.1,71.1,0,11.15
2022-01-12,2022,1,1,12,0.5,0.866,Poro,Anacarde,Limoneux,Seche,8.7,32.3,39.5,0,0.87
2024-11-08,2024,11,4,313,-0.5,0.866,Haut-Sassandra,Manioc,Argileux,Seche,96.9,30.3,69.9,0,10.67
2024-03-21,2024,3,1,81,1.0,0.0,Poro,Maïs,Sablonneux,Seche,18.3,34.0,36.0,0,1.37
2023-01-21,2023,1,1,21,0.5,0.866,Poro,Manioc,Sablonneux,Seche,8.3,29.9,50.9,0,6.44
2022-09-19,2022,9,3,262,-1.0,-0.0,Nawa,Cacao,Argileux,Pluies,220.4,27.5,83.1,1,1.39
2024-09-04,2024,9,3,248,-1.0,-0.0,Poro,Anacarde,Argileux,Pluies,151.4,26.0,72.5,0,1.23
2024-10-24,2024,10,4,298,-0.866,0.5,Poro,Anacarde,Sablonneux,Seche,22.6,37.7,39.2,0,0.7
2023-09-22,2023,9,3,265,-1.0,-0.0,Nawa,Cacao,Limoneux,Pluies,124.1,24.0,85.2,1,1.62
2022-12-04,2022,12,4,338,-0.0,1.0,Nawa,Cacao,Argileux,Seche,28.0,28.3,65.0,0,1.14
2022-04-07,2022,4,2,97,0.866,-0.5,Haut-Sassandra,Manioc,Argileux,Seche,40.4,32.7,67.8,1,10.98
2021-01-12,2021,1,1,12,0.5,0.866,Nawa,Manioc,Argileux,Seche,26.4,30.2,78.2,0,11.49
2024-03-25,2024,3,1,85,1.0,0.0,Nawa,Maïs,Limoneux,Seche,30.6,31.7,66.2,0,1.41
2022-04-22,2022,4,2,112,0.866,-0.5,Haut-Sassandra,Maïs,Limoneux,Seche,37.8,28.7,77.1,1,1.3
2023-07-28,2023,7,3,209,-0.5,-0.866,Poro,Cacao,Limoneux,Pluies,168.4,27.3,78.2,0,0.63
2022-02-05,2022,2,1,36,0.866,0.5,Nawa,Cacao,Limoneux,Seche,50.0,33.8,62.3,0,1.14
2023-03-19,2023,3,1,78,1.0,0.0,Poro,Maïs,Sablonneux,Seche,1.8,35.9,50.1,0,1.23
2021-06-26,2021,6,2,177,0.0,-1.0,Haut-Sassandra,Cacao,Argileux,Pluies,124.4,27.3,85.2,0,1.7
2024-09-26,2024,9,3,270,-1.0,-0.0,Nawa,Cacao,Argileux,Pluies,138.4,29.0,87.3,1,1.51
2021-02-26,2021,2,1,57,0.866,0.5,Haut-Sassandra,Cacao,Argileux,Seche,50.4,30.1,74.6,0,0.98
2022-03-24,2022,3,1,83,1.0,0.0,Nawa,Manioc,Argileux,Seche,88.4,33.6,64.4,0,11.72
2021-07-22,2021,7,3,203,-0.5,-0.866,Haut-Sassandra,Cacao,Sablonneux,Pluies,320.5,24.0,91.3,0,1.17
2023-01-08,2023,1,1,8,0.5,0.866,Poro,Manioc,Sablonneux,Seche,5.8,34.5,34.3,0,6.35
2021-07-21,2021,7,3,202,-0.5,-0.866,Nawa,Cacao,Limoneux,Pluies,155.0,23.8,81.5,0,1.48
2024-09-15,2024,9,3,259,-1.0,-0.0,Poro,Anacarde,Limoneux,Pluies,147.0,26.1,71.6,0,1.25
2021-12-29,2021,12,4,363,-0.0,1.0,Nawa,Manioc,Limoneux,Seche,18.4,30.8,66.0,0,11.1
2023-06-11,2023,6,2,162,0.0,-1.0,Poro,Anacarde,Sablonneux,Pluies,159.1,29.5,78.0,1,0.83
2022-03-30,2022,3,1,89,1.0,0.0,Nawa,Manioc,Argileux,Seche,69.6,28.8,63.6,0,13.2
2021-12-22,2021,12,4,356,-0.0,1.0,Nawa,Cacao,Limoneux,Seche,37.2,29.4,67.4,0,1.03
2021-08-04,2021,8,3,216,-0.866,-0.5,Nawa,Manioc,Sablonneux,Seche,36.7,28.5,67.0,1,12.77
2023-08-30,2023,8,3,242,-0.866,-0.5,Haut-Sassandra,Cacao,Limoneux,Seche,60.8,27.8,70.0,1,1.12
2022-07-09,2022,7,3,190,-0.5,-0.866,Poro,Maïs,Limoneux,Pluies,173.2,28.2,80.4,0,1.87
2023-06-06,2023,6,2,157,0.0,-1.0,Haut-Sassandra,Maïs,Argileux,Pluies,236.1,25.0,87.2,0,1.27
2021-01-23,2021,1,1,23,0.5,0.866,Haut-Sassandra,Anacarde,Limoneux,Seche,45.4,26.5,65.8,0,0.38
2021-06-04,2021,6,2,155,0.0,-1.0,Nawa,Maïs,Limoneux,Pluies,199.2,23.9,76.0,0,2.05
2024-04-24,2024,4,2,115,0.866,-0.5,Poro,Maïs,Sablonneux,Seche,11.2,38.0,37.7,0,1.35
2021-09-06,2021,9,3,249,-1.0,-0.0,Nawa,Manioc,Limoneux,Pluies,155.4,28.2,86.6,1,17.64
2023-01-19,2023,1,1,19,0.5,0.866,Nawa,Cacao,Sablonneux,Seche,74.5,28.3,75.2,0,1.08
2023-03-16,2023,3,1,75,1.0,0.0,Haut-Sassandra,Maïs,Argileux,Seche,27.5,31.6,78.6,0,1.35
2021-05-14,2021,5,2,134,0.5,-0.866,Haut-Sassandra,Maïs,Argileux,Pluies,147.7,27.0,91.2,1,1.75
2021-11-17,2021,11,4,321,-0.5,0.866,Haut-Sassandra,Cacao,Sablonneux,Seche,48.8,32.8,66.2,0,1.1
2022-01-25,2022,1,1,25,0.5,0.866,Nawa,Manioc,Limoneux,Seche,60.2,27.9,67.9,0,13.19
2022-03-10,2022,3,1,69,1.0,0.0,Nawa,Cacao,Sablonneux,Seche,57.3,26.7,66.3,0,0.97
2023-11-12,2023,11,4,316,-0.5,0.866,Poro,Manioc,Argileux,Seche,16.5,30.8,45.7,0,6.45
2023-05-23,2023,5,2,143,0.5,-0.866,Nawa,Anacarde,Limoneux,Pluies,260.8,28.7,83.9,1,0.37
2024-02-23,2024,2,1,54,0.866,0.5,Nawa,Manioc,Argileux,Seche,36.1,28.4,63.7,0,11.17
2024-01-08,2024,1,1,8,0.5,0.866,Nawa,Anacarde,Sablonneux,Seche,50.7,27.9,50.4,0,0.35
2023-05-08,2023,5,2,128,0.5,-0.866,Nawa,Manioc,Limoneux,Pluies,165.0,26.9,90.7,1,18.84
2021-02-20,2021,2,1,51,0.866,0.5,Poro,Maïs,Limoneux,Seche,13.1,33.2,33.8,0,1.19
2021-06-25,2021,6,2,176,0.0,-1.0,Nawa,Maïs,Sablonneux,Pluies,240.5,25.9,85.1,0,1.21
2023-05-20,2023,5,2,140,0.5,-0.866,Nawa,Cacao,Limoneux,Pluies,212.7,25.9,87.7,1,1.5
2021-09-10,2021,9,3,253,-1.0,-0.0,Nawa,Manioc,Limoneux,Pluies,137.4,26.1,83.2,1,17.05
2023-08-24,2023,8,3,236,-0.866,-0.5,Nawa,Cacao,Limoneux,Seche,38.6,31.5,71.9,1,1.11
2024-06-23,2024,6,2,175,0.0,-1.0,Nawa,Manioc,Limoneux,Pluies,146.0,29.0,85.2,0,15.63
2023-01-09,2023,1,1,9,0.5,0.866,Poro,Anacarde,Argileux,Seche,9.1,29.7,39.8,0,0.67
2024-02-04,2024,2,1,35,0.866,0.5,Nawa,Cacao,Limoneux,Seche,42.8,25.3,66.7,1,1.23
2024-05-01,2024,5,2,122,0.5,-0.866,Haut-Sassandra,Cacao,Limoneux,Pluies,236.6,27.3,82.8,1,1.14
2024-09-01,2024,9,3,245,-1.0,-0.0,Haut-Sassandra,Cacao,Argileux,Pluies,189.6,25.0,84.8,1,1.55
2021-10-29,2021,10,4,302,-0.866,0.5,Nawa,Manioc,Limoneux,Pluies,196.7,26.3,82.7,0,18.59
2022-07-02,2022,7,3,183,-0.5,-0.866,Haut-Sassandra,Manioc,Sablonneux,Pluies,246.6,25.8,90.1,0,10.74
2022-12-17,2022,12,4,351,-0.0,1.0,Poro,Anacarde,Sablonneux,Seche,8.5,35.1,33.0,0,0.81
2023-02-18,2023,2,1,49,0.866,0.5,Haut-Sassandra,Cacao,Sablonneux,Seche,47.2,33.3,67.7,0,1.16
2021-09-25,2021,9,3,268,-1.0,-0.0,Nawa,Maïs,Limoneux,Pluies,158.9,27.3,82.6,1,2.11
2024-04-08,2024,4,2,99,0.866,-0.5,Nawa,Cacao,Limoneux,Seche,35.0,28.2,72.1,1,1.18
2023-10-07,2023,10,4,280,-0.866,0.5,Poro,Maïs,Sablonneux,Seche,10.5,31.0,52.9,0,1.3
2022-07-05,2022,7,3,186,-0.5,-0.866,Nawa,Cacao,Argileux,Pluies,200.6,25.8,86.7,0,1.57
2024-08-08,2024,8,3,221,-0.866,-0.5,Haut-Sassandra,Manioc,Argileux,Seche,49.5,31.8,71.8,1,11.64
2024-03-10,2024,3,1,70,1.0,0.0,Nawa,Maïs,Limoneux,Seche,34.2,32.9,66.3,0,1.1
2024-03-15,2024,3,1,75,1.0,0.0,Poro,Manioc,Sablonneux,Seche,4.9,33.4,30.1,0,5.91
2024-12-19,2024,12,4,354,-0.0,1.0,Haut-Sassandra,Manioc,Limoneux,Seche,37.6,31.1,79.8,0,11.29
2021-11-10,2021,11,4,314,-0.5,0.866,Haut-Sassandra,Cacao,Limoneux,Seche,43.5,28.9,70.7,0,0.96
2021-07-03,2021,7,3,184,-0.5,-0.866,Nawa,Manioc,Sablonneux,Pluies,135.9,24.7,84.1,0,14.84
2022-12-14,2022,12,4,348,-0.0,1.0,Nawa,Cacao,Argileux,Seche,13.5,29.0,60.5,0,1.2
2021-05-08,2021,5,2,128,0.5,-0.866,Nawa,Manioc,Argileux,Pluies,171.3,26.5,90.0,1,17.96
2024-08-03,2024,8,3,216,-0.866,-0.5,Nawa,Cacao,Argileux,Seche,58.1,32.0,77.1,1,1.16
2024-06-30,2024,6,2,182,0.0,-1.0,Haut-Sassandra,Cacao,Sablonneux,Pluies,217.2,22.3,80.3,0,1.01
2022-12-01,2022,12,4,335,-0.0,1.0,Haut-Sassandra,Maïs,Limoneux,Seche,18.1,28.6,70.7,0,1.21
2022-01-21,2022,1,1,21,0.5,0.866,Poro,Anacarde,Limoneux,Seche,29.8,33.4,39.4,0,0.8
2024-06-07,2024,6,2,159,0.0,-1.0,Nawa,Cacao,Limoneux,Pluies,257.5,24.7,88.8,0,1.24
2021-09-28,2021,9,3,271,-1.0,-0.0,Haut-Sassandra,Cacao,Argileux,Pluies,132.3,26.3,79.2,1,1.55
2023-03-22,2023,3,1,81,1.0,0.0,Haut-Sassandra,Cacao,Argileux,Seche,37.3,26.8,66.5,0,1.11
2022-02-19,2022,2,1,50,0.866,0.5,Poro,Anacarde,Argileux,Seche,20.3,34.4,39.2,0,0.81
2021-07-17,2021,7,3,198,-0.5,-0.866,Haut-Sassandra,Manioc,Argileux,Pluies,201.7,24.9,83.4,0,17.19
2024-09-08,2024,9,3,252,-1.0,-0.0,Haut-Sassandra,Anacarde,Sablonneux,Pluies,215.4,26.0,75.0,1,0.63
2023-12-16,2023,12,4,350,-0.0,1.0,Haut-Sassandra,Maïs,Argileux,Seche,40.8,30.8,70.9,0,1.21
2023-04-11,2023,4,2,101,0.866,-0.5,Nawa,Cacao,Argileux,Seche,42.6,26.1,82.0,1,1.07
2024-05-11,2024,5,2,132,0.5,-0.866,Haut-Sassandra,Manioc,Argileux,Pluies,169.3,26.5,79.1,0,17.01
2022-09-20,2022,9,3,263,-1.0,-0.0,Poro,Maïs,Argileux,Pluies,149.8,29.2,76.2,0,1.19
2022-08-27,2022,8,3,239,-0.866,-0.5,Poro,Manioc,Limoneux,Pluies,164.6,28.7,69.2,0,7.93
2024-03-07,2024,3,1,67,1.0,0.0,Poro,Anacarde,Argileux,Seche,10.0,31.0,35.7,0,0.68
2024-12-16,2024,12,4,351,-0.0,1.0,Poro,Anacarde,Argileux,Seche,13.3,41.3,47.4,0,0.7
2023-12-17,2023,12,4,351,-0.0,1.0,Nawa,Cacao,Argileux,Seche,84.2,26.8,66.6,1,1.08
2023-10-07,2023,10,4,280,-0.866,0.5,Haut-Sassandra,Cacao,Argileux,Pluies,211.1,26.7,86.1,0,1.69
2021-03-12,2021,3,1,71,1.0,0.0,Nawa,Cacao,Limoneux,Seche,14.6,27.6,63.4,0,1.1
2023-06-30,2023,6,2,181,0.0,-1.0,Poro,Anacarde,Sablonneux,Pluies,179.4,30.3,83.4,1,0.75
2022-08-17,2022,8,3,229,-0.866,-0.5,Haut-Sassandra,Cacao,Argileux,Seche,82.2,26.9,79.4,1,1.0
2024-10-27,2024,10,4,301,-0.866,0.5,Nawa,Cacao,Sablonneux,Pluies,214.5,24.9,81.0,0,1.79
2022-08-23,2022,8,3,235,-0.866,-0.5,Haut-Sassandra,Cacao,Sablonneux,Seche,37.9,30.5,72.7,1,0.99
2022-05-29,2022,5,2,149,0.5,-0.866,Haut-Sassandra,Cacao,Argileux,Pluies,192.7,25.5,87.7,1,1.67
2021-03-25,2021,3,1,84,1.0,0.0,Poro,Anacarde,Argileux,Seche,0.0,31.1,42.8,0,0.7
2023-09-21,2023,9,3,264,-1.0,-0.0,Poro,Anacarde,Sablonneux,Pluies,188.7,30.6,71.9,0,0.73
2023-12-03,2023,12,4,337,-0.0,1.0,Haut-Sassandra,Cacao,Limoneux,Seche,48.6,31.9,62.5,0,1.19
2023-04-19,2023,4,2,109,0.866,-0.5,Haut-Sassandra,Manioc,Limoneux,Seche,9.4,32.0,77.3,1,11.25
2022-08-29,2022,8,3,241,-0.866,-0.5,Nawa,Cacao,Sablonneux,Seche,34.4,32.9,76.7,1,1.17
2023-03-21,2023,3,1,80,1.0,0.0,Nawa,Cacao,Argileux,Seche,28.1,32.6,70.0,0,1.06
2021-05-13,2021,5,2,133,0.5,-0.866,Nawa,Cacao,Argileux,Pluies,175.9,24.5,83.9,1,1.6
2024-11-19,2024,11,4,324,-0.5,0.866,Poro,Anacarde,Argileux,Seche,16.8,34.1,47.6,0,0.75
2023-12-25,2023,12,4,359,-0.0,1.0,Nawa,Manioc,Limoneux,Seche,14.4,31.4,70.9,0,12.22
2021-10-17,2021,10,4,290,-0.866,0.5,Poro,Anacarde,Argileux,Seche,14.6,30.0,57.0,0,0.83
2022-01-11,2022,1,1,11,0.5,0.866,Nawa,Manioc,Argileux,Seche,40.4,31.3,77.1,0,12.06
2023-02-08,2023,2,1,39,0.866,0.5,Haut-Sassandra,Manioc,Argileux,Seche,30.5,32.4,67.5,0,11.41
2022-04-12,2022,4,2,102,0.866,-0.5,Haut-Sassandra,Cacao,Limoneux,Seche,67.4,32.2,73.3,1,1.18
2024-05-21,2024,5,2,142,0.5,-0.866,Haut-Sassandra,Cacao,Argileux,Pluies,247.5,25.2,92.7,1,1.15
2024-03-17,2024,3,1,77,1.0,0.0,Haut-Sassandra,Manioc,Limoneux,Seche,46.0,31.1,71.3,0,10.55
2022-04-16,2022,4,2,106,0.866,-0.5,Haut-Sassandra,Manioc,Argileux,Seche,50.9,30.0,63.3,1,11.11
2021-05-29,2021,5,2,149,0.5,-0.866,Haut-Sassandra,Manioc,Limoneux,Pluies,165.1,26.6,91.5,1,15.6
2021-03-29,2021,3,1,88,1.0,0.0,Haut-Sassandra,Manioc,Argileux,Seche,49.1,29.6,68.2,0,12.02
2024-09-09,2024,9,3,253,-1.0,-0.0,Haut-Sassandra,Maïs,Limoneux,Pluies,236.2,27.2,87.9,1,1.51
2022-01-31,2022,1,1,31,0.5,0.866,Poro,Anacarde,Sablonneux,Seche,0.3,36.3,35.4,0,0.78
2023-03-01,2023,3,1,60,1.0,0.0,Haut-Sassandra,Cacao,Argileux,Seche,36.5,29.3,69.3,0,1.08
2024-11-28,2024,11,4,333,-0.5,0.866,Haut-Sassandra,Manioc,Argileux,Seche,67.6,32.7,70.7,0,13.16
2024-01-11,2024,1,1,11,0.5,0.866,Haut-Sassandra,Cacao,Argileux,Seche,35.9,29.1,70.8,0,1.12
2024-08-02,2024,8,3,215,-0.866,-0.5,Poro,Anacarde,Sablonneux,Pluies,126.8,29.7,69.6,0,0.78
2024-11-06,2024,11,4,311,-0.5,0.866,Poro,Maïs,Sablonneux,Seche,7.7,33.1,40.8,0,1.2
2023-05-15,2023,5,2,135,0.5,-0.866,Nawa,Anacarde,Argileux,Pluies,178.8,27.5,85.2,1,0.62
2024-07-17,2024,7,3,199,-0.5,-0.866,Poro,Anacarde,Sablonneux,Pluies,120.5,25.9,72.3,0,1.26
2024-08-08,2024,8,3,221,-0.866,-0.5,Haut-Sassandra,Cacao,Argileux,Seche,46.8,30.3,75.8,1,1.24
2021-01-24,2021,1,1,24,0.5,0.866,Haut-Sassandra,Cacao,Limoneux,Seche,43.8,29.5,73.1,0,1.08
2023-08-14,2023,8,3,226,-0.866,-0.5,Haut-Sassandra,Manioc,Argileux,Seche,0.0,29.2,67.9,1,11.95
2021-11-07,2021,11,4,311,-0.5,0.866,Poro,Cacao,Limoneux,Seche,13.9,34.4,46.2,0,0.57
2024-05-16,2024,5,2,137,0.5,-0.866,Haut-Sassandra,Maïs,Limoneux,Pluies,172.2,28.6,88.2,1,1.88
2022-10-26,2022,10,4,299,-0.866,0.5,Nawa,Maïs,Sablonneux,Pluies,242.9,22.8,78.2,0,1.24
2022-03-14,2022,3,1,73,1.0,0.0,Poro,Maïs,Sablonneux,Seche,10.4,34.1,42.4,0,1.22
2022-12-07,2022,12,4,341,-0.0,1.0,Haut-Sassandra,Cacao,Limoneux,Seche,118.7,28.4,66.2,0,1.68
2024-09-21,2024,9,3,265,-1.0,-0.0,Poro,Anacarde,Limoneux,Pluies,153.7,30.3,74.1,0,0.76
2022-02-26,2022,2,1,57,0.866,0.5,Haut-Sassandra,Cacao,Limoneux,Seche,44.0,32.0,65.6,0,1.09
2021-11-17,2021,11,4,321,-0.5,0.866,Poro,Anacarde,Limoneux,Seche,15.8,33.0,51.8,0,0.6
2022-08-10,2022,8,3,222,-0.866,-0.5,Haut-Sassandra,Manioc,Argileux,Seche,53.2,29.8,66.3,1,10.01
2023-08-05,2023,8,3,217,-0.866,-0.5,Nawa,Manioc,Argileux,Seche,88.0,29.3,73.0,1,12.19
2024-04-01,2024,4,2,92,0.866,-0.5,Nawa,Cacao,Limoneux,Seche,49.8,29.5,62.5,1,1.03
2024-04-03,2024,4,2,94,0.866,-0.5,Nawa,Manioc,Limoneux,Seche,21.2,30.9,66.5,1,11.66
2023-04-29,2023,4,2,119,0.866,-0.5,Nawa,Anacarde,Limoneux,Seche,86.0,27.1,75.7,1,0.46
2024-08-11,2024,8,3,224,-0.866,-0.5,Nawa,Manioc,Argileux,Seche,46.5,30.7,68.4,1,13.53
2021-02-11,2021,2,1,42,0.866,0.5,Haut-Sassandra,Manioc,Argileux,Seche,52.7,28.9,71.4,1,10.48
2024-08-01,2024,8,3,214,-0.866,-0.5,Nawa,Maïs,Argileux,Seche,37.8,30.6,71.9,1,1.22
2023-07-28,2023,7,3,209,-0.5,-0.866,Poro,Anacarde,Limoneux,Pluies,156.4,27.4,74.7,0,1.09
2022-01-22,2022,1,1,22,0.5,0.866,Haut-Sassandra,Cacao,Argileux,Seche,28.6,32.4,61.2,0,1.06
2024-03-07,2024,3,1,67,1.0,0.0,Nawa,Manioc,Limoneux,Seche,69.4,30.0,63.4,0,11.72
2024-04-25,2024,4,2,116,0.866,-0.5,Haut-Sassandra,Anacarde,Limoneux,Seche,58.2,27.7,63.5,1,0.34
2023-06-29,2023,6,2,180,0.0,-1.0,Haut-Sassandra,Cacao,Argileux,Pluies,140.4,29.4,86.0,0,1.08
2022-12-17,2022,12,4,351,-0.0,1.0,Poro,Manioc,Sablonneux,Seche,32.6,31.0,25.2,0,5.89
2022-03-07,2022,3,1,66,1.0,0.0,Nawa,Cacao,Argileux,Seche,19.1,29.8,65.9,0,1.06
2022-07-08,2022,7,3,189,-0.5,-0.866,Haut-Sassandra,Maïs,Argileux,Pluies,172.8,27.8,86.6,0,1.71
2024-12-10,2024,12,4,345,-0.0,1.0,Nawa,Cacao,Limoneux,Seche,4.7,30.2,59.9,0,1.08
2023-03-11,2023,3,1,70,1.0,0.0,Haut-Sassandra,Cacao,Argileux,Seche,49.6,25.9,61.6,0,1.09
2022-03-02,2022,3,1,61,1.0,0.0,Poro,Anacarde,Sablonneux,Seche,14.9,34.9,34.2,0,0.66
2024-12-10,2024,12,4,345,-0.0,1.0,Nawa,Maïs,Limoneux,Seche,67.1,27.0,66.6,0,1.35
2021-01-26,2021,1,1,26,0.5,0.866,Nawa,Cacao,Limoneux,Seche,60.7,31.6,67.1,0,1.07
2024-10-26,2024,10,4,300,-0.866,0.5,Poro,Manioc,Sablonneux,Seche,4.8,33.3,41.6,0,6.09
2022-01-20,2022,1,1,20,0.5,0.866,Haut-Sassandra,Cacao,Sablonneux,Seche,55.4,28.0,73.5,0,1.06
2021-02-25,2021,2,1,56,0.866,0.5,Haut-Sassandra,Cacao,Limoneux,Seche,72.2,34.1,68.2,0,1.07
2024-06-30,2024,6,2,182,0.0,-1.0,Poro,Anacarde,Sablonneux,Pluies,161.9,30.4,75.2,1,0.71
2022-09-26,2022,9,3,269,-1.0,-0.0,Nawa,Cacao,Limoneux,Pluies,141.4,28.5,81.9,1,1.68
2021-04-16,2021,4,2,106,0.866,-0.5,Nawa,Maïs,Argileux,Seche,36.9,35.4,76.7,1,1.38
2024-02-28,2024,2,1,59,0.866,0.5,Nawa,Manioc,Limoneux,Seche,33.3,29.6,61.5,0,11.15
2023-04-29,2023,4,2,119,0.866,-0.5,Haut-Sassandra,Manioc,Argileux,Seche,55.0,29.0,70.6,1,13.15
2022-11-01,2022,11,4,305,-0.5,0.866,Nawa,Manioc,Argileux,Seche,45.8,30.1,64.6,0,12.48
2022-01-11,2022,1,1,11,0.5,0.866,Poro,Anacarde,Sablonneux,Seche,8.9,28.9,35.6,0,0.8
2023-01-13,2023,1,1,13,0.5,0.866,Haut-Sassandra,Cacao,Limoneux,Seche,55.9,32.1,63.4,0,0.99
2023-08-25,2023,8,3,237,-0.866,-0.5,Haut-Sassandra,Cacao,Limoneux,Seche,44.0,32.6,53.9,1,1.07
2021-11-04,2021,11,4,308,-0.5,0.866,Nawa,Cacao,Sablonneux,Seche,48.9,26.9,64.3,0,1.27
2021-04-01,2021,4,2,91,0.866,-0.5,Poro,Anacarde,Sablonneux,Seche,24.4,40.3,32.1,0,0.76
2024-11-17,2024,11,4,322,-0.5,0.866,Nawa,Manioc,Argileux,Seche,48.3,30.0,58.2,0,11.4
2023-03-13,2023,3,1,72,1.0,0.0,Haut-Sassandra,Manioc,Argileux,Seche,55.7,30.6,63.3,0,8.91
2021-04-20,2021,4,2,110,0.866,-0.5,Haut-Sassandra,Maïs,Limoneux,Seche,60.1,30.6,61.4,1,1.15
2022-08-08,2022,8,3,220,-0.866,-0.5,Haut-Sassandra,Cacao,Limoneux,Seche,52.3,30.7,59.7,1,1.02
2021-12-06,2021,12,4,340,-0.0,1.0,Poro,Cacao,Sablonneux,Seche,6.4,29.4,35.9,0,0.52
2023-09-06,2023,9,3,249,-1.0,-0.0,Nawa,Maïs,Limoneux,Pluies,162.8,25.5,82.7,1,1.48
2021-12-22,2021,12,4,356,-0.0,1.0,Nawa,Anacarde,Limoneux,Seche,46.4,31.6,65.4,0,0.4
2021-06-17,2021,6,2,168,0.0,-1.0,Nawa,Manioc,Limoneux,Pluies,269.0,25.8,74.0,0,13.49
2022-07-11,2022,7,3,192,-0.5,-0.866,Nawa,Manioc,Argileux,Pluies,191.4,27.0,87.9,0,21.01
2023-06-24,2023,6,2,175,0.0,-1.0,Poro,Manioc,Sablonneux,Pluies,198.8,25.4,86.5,1,8.86
2021-04-15,2021,4,2,105,0.866,-0.5,Haut-Sassandra,Cacao,Sablonneux,Seche,30.5,29.7,54.2,1,0.97
2021-05-30,2021,5,2,150,0.5,-0.866,Nawa,Cacao,Limoneux,Pluies,210.7,27.6,83.6,1,1.71
2021-05-26,2021,5,2,146,0.5,-0.866,Haut-Sassandra,Cacao,Limoneux,Pluies,176.1,27.7,86.5,1,1.55
2022-12-17,2022,12,4,351,-0.0,1.0,Nawa,Cacao,Limoneux,Seche,23.1,27.2,56.2,0,1.15
2023-05-24,2023,5,2,144,0.5,-0.866,Nawa,Cacao,Argileux,Pluies,194.9,24.9,86.6,1,1.4
2021-10-26,2021,10,4,299,-0.866,0.5,Haut-Sassandra,Manioc,Limoneux,Pluies,78.2,25.2,84.6,0,9.55
2024-04-05,2024,4,2,96,0.866,-0.5,Nawa,Cacao,Argileux,Seche,34.1,35.1,65.1,1,1.04
2022-10-08,2022,10,4,281,-0.866,0.5,Haut-Sassandra,Manioc,Argileux,Pluies,247.9,27.8,87.7,0,12.16
2022-12-24,2022,12,4,358,-0.0,1.0,Haut-Sassandra,Manioc,Sablonneux,Seche,50.7,30.4,67.1,0,11.78
2023-12-08,2023,12,4,342,-0.0,1.0,Haut-Sassandra,Manioc,Limoneux,Seche,37.5,28.2,75.2,0,12.35
2022-09-30,2022,9,3,273,-1.0,-0.0,Haut-Sassandra,Cacao,Argileux,Pluies,186.7,23.4,87.4,1,1.61
2021-08-27,2021,8,3,239,-0.866,-0.5,Nawa,Maïs,Limoneux,Seche,29.7,27.7,66.0,1,1.2
2023-10-28,2023,10,4,301,-0.866,0.5,Poro,Anacarde,Argileux,Seche,6.3,37.9,36.6,0,0.74
2022-04-09,2022,4,2,99,0.866,-0.5,Haut-Sassandra,Manioc,Sablonneux,Seche,80.5,28.0,64.9,1,11.33
2022-03-29,2022,3,1,88,1.0,0.0,Nawa,Cacao,Argileux,Seche,49.0,32.1,63.7,0,0.94
2023-02-23,2023,2,1,54,0.866,0.5,Haut-Sassandra,Manioc,Sablonneux,Seche,29.0,32.2,56.2,0,11.09
2023-06-16,2023,6,2,167,0.0,-1.0,Nawa,Anacarde,Limoneux,Pluies,133.4,26.0,83.9,0,0.53
2022-01-06,2022,1,1,6,0.5,0.866,Haut-Sassandra,Manioc,Argileux,Seche,25.4,35.1,73.7,0,13.7
2022-05-02,2022,5,2,122,0.5,-0.866,Poro,Anacarde,Sablonneux,Seche,15.2,32.2,47.8,1,0.74
2024-05-19,2024,5,2,140,0.5,-0.866,Haut-Sassandra,Cacao,Limoneux,Pluies,183.4,24.4,82.3,1,1.56
2021-06-14,2021,6,2,165,0.0,-1.0,Haut-Sassandra,Anacarde,Limoneux,Pluies,210.6,24.5,86.1,0,0.66
2024-02-23,2024,2,1,54,0.866,0.5,Poro,Maïs,Argileux,Seche,5.6,31.8,42.1,0,1.29
2024-09-22,2024,9,3,266,-1.0,-0.0,Nawa,Manioc,Argileux,Pluies,205.7,23.4,84.2,1,14.47
2021-07-11,2021,7,3,192,-0.5,-0.866,Haut-Sassandra,Cacao,Argileux,Pluies,177.4,27.1,85.7,0,1.67
2022-12-31,2022,12,4,365,-0.0,1.0,Haut-Sassandra,Manioc,Limoneux,Seche,26.7,28.8,69.9,0,12.84
2021-08-02,2021,8,3,214,-0.866,-0.5,Nawa,Manioc,Argileux,Seche,90.4,29.1,68.6,1,11.33
2022-07-28,2022,7,3,209,-0.5,-0.866,Haut-Sassandra,Cacao,Argileux,Pluies,156.3,26.1,88.7,0,1.8
2024-09-13,2024,9,3,257,-1.0,-0.0,Poro,Maïs,Argileux,Pluies,115.2,26.6,75.2,0,2.06
2023-08-15,2023,8,3,227,-0.866,-0.5,Nawa,Manioc,Limoneux,Seche,26.3,30.1,59.6,1,13.08
2022-01-16,2022,1,1,16,0.5,0.866,Haut-Sassandra,Manioc,Argileux,Seche,19.2,32.9,67.8,0,9.98
2022-11-04,2022,11,4,308,-0.5,0.866,Poro,Anacarde,Limoneux,Seche,6.8,29.6,46.1,0,0.87
2023-03-09,2023,3,1,68,1.0,0.0,Nawa,Manioc,Argileux,Seche,40.7,29.1,62.2,0,11.1
2021-08-27,2021,8,3,239,-0.866,-0.5,Poro,Manioc,Argileux,Pluies,163.2,30.9,72.3,0,6.19
2022-12-01,2022,12,4,335,-0.0,1.0,Poro,Maïs,Sablonneux,Seche,9.9,34.5,34.5,0,1.32
2024-01-11,2024,1,1,11,0.5,0.866,Haut-Sassandra,Cacao,Limoneux,Seche,64.2,27.8,62.5,0,1.14
2024-10-18,2024,10,4,292,-0.866,0.5,Haut-Sassandra,Cacao,Limoneux,Pluies,177.9,27.9,82.4,0,1.53
2022-05-20,2022,5,2,140,0.5,-0.866,Nawa,Cacao,Argileux,Pluies,143.8,28.4,85.0,1,1.45
2021-07-21,2021,7,3,202,-0.5,-0.866,Nawa,Manioc,Limoneux,Pluies,228.8,27.8,80.3,0,17.48
2023-07-09,2023,7,3,190,-0.5,-0.866,Haut-Sassandra,Manioc,Limoneux,Pluies,249.5,25.6,85.3,0,11.25
2021-02-06,2021,2,1,37,0.866,0.5,Nawa,Manioc,Sablonneux,Seche,44.0,31.1,71.4,0,11.4
2022-10-06,2022,10,4,279,-0.866,0.5,Haut-Sassandra,Cacao,Argileux,Pluies,216.3,26.5,85.6,0,1.7
2024-11-26,2024,11,4,331,-0.5,0.866,Haut-Sassandra,Cacao,Limoneux,Seche,22.5,31.9,64.9,0,1.19
2023-02-04,2023,2,1,35,0.866,0.5,Nawa,Cacao,Sablonneux,Seche,79.9,33.0,81.5,0,1.09
2022-12-07,2022,12,4,341,-0.0,1.0,Nawa,Cacao,Limoneux,Seche,29.7,27.7,63.5,0,1.17
2024-04-14,2024,4,2,105,0.866,-0.5,Nawa,Manioc,Limoneux,Seche,69.1,31.3,66.7,0,13.48
2022-06-29,2022,6,2,180,0.0,-1.0,Poro,Maïs,Limoneux,Pluies,144.4,27.2,65.3,1,1.83
2024-05-09,2024,5,2,130,0.5,-0.866,Poro,Anacarde,Sablonneux,Seche,6.7,36.2,29.6,1,0.72
2022-06-24,2022,6,2,175,0.0,-1.0,Nawa,Manioc,Argileux,Pluies,197.2,26.7,83.0,0,18.64
2023-10-14,2023,10,4,287,-0.866,0.5,Haut-Sassandra,Cacao,Argileux,Pluies,209.3,28.7,88.7,0,1.48
2022-01-29,2022,1,1,29,0.5,0.866,Haut-Sassandra,Anacarde,Argileux,Seche,66.6,30.3,48.0,0,0.47
2023-04-13,2023,4,2,103,0.866,-0.5,Nawa,Cacao,Limoneux,Seche,54.2,32.5,61.4,1,1.16
2023-12-02,2023,12,4,336,-0.0,1.0,Nawa,Cacao,Argileux,Seche,61.9,27.6,60.1,0,1.01
2022-08-20,2022,8,3,232,-0.866,-0.5,Nawa,Maïs,Argileux,Seche,44.8,28.5,68.3,1,1.34
2022-01-28,2022,1,1,28,0.5,0.866,Poro,Maïs,Sablonneux,Seche,15.1,31.7,42.7,0,1.29
2022-12-01,2022,12,4,335,-0.0,1.0,Haut-Sassandra,Cacao,Argileux,Seche,28.9,26.5,66.3,0,0.98
2022-03-17,2022,3,1,76,1.0,0.0,Haut-Sassandra,Maïs,Argileux,Seche,39.4,25.5,74.0,1,1.37
2023-07-07,2023,7,3,188,-0.5,-0.866,Haut-Sassandra,Anacarde,Limoneux,Pluies,183.9,26.9,81.9,0,0.48
2021-11-16,2021,11,4,320,-0.5,0.866,Poro,Anacarde,Sablonneux,Seche,14.7,33.4,50.7,0,0.79
2022-07-07,2022,7,3,188,-0.5,-0.866,Nawa,Maïs,Sablonneux,Pluies,178.3,25.8,81.5,0,1.84
2024-05-23,2024,5,2,144,0.5,-0.866,Poro,Anacarde,Limoneux,Seche,1.2,36.7,34.6,1,0.73
2023-12-31,2023,12,4,365,-0.0,1.0,Poro,Maïs,Limoneux,Seche,20.8,37.4,35.3,0,1.27
2022-07-22,2022,7,3,203,-0.5,-0.866,Haut-Sassandra,Anacarde,Limoneux,Pluies,137.8,26.8,82.5,0,0.55
2023-07-08,2023,7,3,189,-0.5,-0.866,Haut-Sassandra,Maïs,Limoneux,Pluies,157.9,28.5,95.5,0,1.92
2021-08-24,2021,8,3,236,-0.866,-0.5,Nawa,Cacao,Argileux,Seche,64.9,27.3,69.4,1,1.09
2024-07-28,2024,7,3,210,-0.5,-0.866,Haut-Sassandra,Manioc,Limoneux,Pluies,187.1,27.2,87.6,0,17.95
2023-09-14,2023,9,3,257,-1.0,-0.0,Nawa,Cacao,Limoneux,Pluies,221.8,23.4,88.9,1,1.51
2024-03-31,2024,3,1,91,1.0,0.0,Haut-Sassandra,Cacao,Argileux,Seche,24.4,26.9,60.6,0,1.39
2024-04-29,2024,4,2,120,0.866,-0.5,Haut-Sassandra,Manioc,Limoneux,Seche,74.4,27.6,64.7,1,11.72
2023-10-30,2023,10,4,303,-0.866,0.5,Poro,Anacarde,Sablonneux,Seche,18.9,28.6,46.0,0,0.7
2021-03-01,2021,3,1,60,1.0,0.0,Poro,Anacarde,Limoneux,Seche,10.2,28.4,30.5,0,0.76
2023-06-12,2023,6,2,163,0.0,-1.0,Poro,Anacarde,Sablonneux,Pluies,183.4,28.5,76.5,1,1.07
2021-08-13,2021,8,3,225,-0.866,-0.5,Poro,Cacao,Sablonneux,Pluies,169.8,29.4,84.6,0,0.58
2022-12-01,2022,12,4,335,-0.0,1.0,Nawa,Cacao,Limoneux,Seche,63.8,29.3,66.5,0,1.23
2022-08-05,2022,8,3,217,-0.866,-0.5,Nawa,Cacao,Limoneux,Seche,62.0,32.9,71.4,1,1.08
2024-08-03,2024,8,3,216,-0.866,-0.5,Haut-Sassandra,Cacao,Limoneux,Seche,4.7,29.8,69.5,1,1.31
2023-09-21,2023,9,3,264,-1.0,-0.0,Nawa,Maïs,Sablonneux,Pluies,250.2,27.9,88.5,1,1.22
2021-06-18,2021,6,2,169,0.0,-1.0,Haut-Sassandra,Manioc,Argileux,Pluies,157.0,27.2,89.2,0,17.1
2023-12-22,2023,12,4,356,-0.0,1.0,Nawa,Manioc,Limoneux,Seche,65.6,28.2,70.4,0,13.89
2024-10-04,2024,10,4,278,-0.866,0.5,Haut-Sassandra,Manioc,Argileux,Pluies,172.8,25.7,82.6,0,17.72
2021-01-14,2021,1,1,14,0.5,0.866,Nawa,Cacao,Limoneux,Seche,75.5,30.3,78.7,0,1.12
2021-06-13,2021,6,2,164,0.0,-1.0,Haut-Sassandra,Maïs,Argileux,Pluies,198.2,25.2,86.1,0,1.78
2024-12-14,2024,12,4,349,-0.0,1.0,Haut-Sassandra,Cacao,Sablonneux,Seche,49.6,27.7,72.3,0,1.09
2023-01-27,2023,1,1,27,0.5,0.866,Poro,Anacarde,Limoneux,Seche,0.0,25.7,34.7,0,0.82
2023-11-18,2023,11,4,322,-0.5,0.866,Nawa,Cacao,Limoneux,Seche,39.2,31.2,70.9,0,1.27
2022-03-22,2022,3,1,81,1.0,0.0,Poro,Anacarde,Sablonneux,Seche,27.5,30.3,40.3,0,0.71
2024-05-16,2024,5,2,137,0.5,-0.866,Nawa,Cacao,Limoneux,Pluies,162.7,26.9,92.0,1,1.7
2022-12-17,2022,12,4,351,-0.0,1.0,Nawa,Cacao,Sablonneux,Seche,24.8,25.4,66.6,0,1.0
2023-09-03,2023,9,3,246,-1.0,-0.0,Nawa,Manioc,Limoneux,Pluies,158.7,27.2,83.6,1,17.51
2023-03-30,2023,3,1,89,1.0,0.0,Haut-Sassandra,Cacao,Limoneux,Seche,93.1,25.8,70.3,0,1.02
2021-04-14,2021,4,2,104,0.866,-0.5,Poro,Anacarde,Limoneux,Seche,15.7,31.7,54.9,0,0.71
2023-01-12,2023,1,1,12,0.5,0.866,Haut-Sassandra,Cacao,Argileux,Seche,47.7,32.4,62.6,0,1.09
2022-03-02,2022,3,1,61,1.0,0.0,Poro,Anacarde,Limoneux,Seche,12.2,32.7,32.9,0,0.64
2024-01-30,2024,1,1,30,0.5,0.866,Nawa,Cacao,Limoneux,Seche,0.0,36.0,73.0,0,0.99
2022-10-01,2022,10,4,274,-0.866,0.5,Haut-Sassandra,Cacao,Argileux,Pluies,187.0,28.1,90.6,0,1.51
2023-04-30,2023,4,2,120,0.866,-0.5,Nawa,Cacao,Argileux,Seche,7.4,32.0,63.4,1,1.11
2024-02-04,2024,2,1,35,0.866,0.5,Haut-Sassandra,Cacao,Argileux,Seche,53.3,25.0,64.9,0,1.39
2023-02-08,2023,2,1,39,0.866,0.5,Haut-Sassandra,Maïs,Limoneux,Seche,51.6,28.7,76.4,1,1.33
2021-10-04,2021,10,4,277,-0.866,0.5,Nawa,Cacao,Argileux,Pluies,186.9,28.3,80.6,0,1.57
2023-12-25,2023,12,4,359,-0.0,1.0,Haut-Sassandra,Cacao,Sablonneux,Seche,29.4,27.0,60.7,0,1.09
2023-06-19,2023,6,2,170,0.0,-1.0,Nawa,Manioc,Limoneux,Pluies,208.1,25.8,81.9,0,16.63
2021-07-07,2021,7,3,188,-0.5,-0.866,Nawa,Maïs,Limoneux,Pluies,133.5,27.4,89.7,0,1.78
2024-09-02,2024,9,3,246,-1.0,-0.0,Haut-Sassandra,Cacao,Limoneux,Pluies,153.2,28.2,90.0,1,1.77
2024-03-07,2024,3,1,67,1.0,0.0,Poro,Anacarde,Sablonneux,Seche,17.6,34.8,42.3,0,0.84
2024-09-28,2024,9,3,272,-1.0,-0.0,Nawa,Anacarde,Limoneux,Pluies,152.2,27.2,88.0,1,0.59
2021-04-15,2021,4,2,105,0.866,-0.5,Nawa,Manioc,Argileux,Seche,13.8,31.1,65.3,1,13.17
2022-06-30,2022,6,2,181,0.0,-1.0,Haut-Sassandra,Manioc,Argileux,Pluies,149.8,24.4,89.5,0,16.54
2022-01-15,2022,1,1,15,0.5,0.866,Poro,Manioc,Sablonneux,Seche,10.4,37.5,47.9,0,6.44
2021-04-20,2021,4,2,110,0.866,-0.5,Haut-Sassandra,Manioc,Argileux,Seche,56.3,27.2,71.0,1,12.8
2022-06-29,2022,6,2,180,0.0,-1.0,Nawa,Maïs,Limoneux,Pluies,158.8,29.8,84.3,0,1.36
2021-12-20,2021,12,4,354,-0.0,1.0,Poro,Anacarde,Limoneux,Seche,22.3,37.0,41.2,0,0.81
2023-01-13,2023,1,1,13,0.5,0.866,Haut-Sassandra,Cacao,Argileux,Seche,53.0,28.9,63.9,0,0.96
2021-11-13,2021,11,4,317,-0.5,0.866,Poro,Maïs,Argileux,Seche,22.1,33.0,35.0,0,1.45
2024-07-13,2024,7,3,195,-0.5,-0.866,Haut-Sassandra,Manioc,Limoneux,Pluies,202.1,28.8,83.8,0,17.23
2023-12-25,2023,12,4,359,-0.0,1.0,Nawa,Manioc,Limoneux,Seche,42.8,28.3,70.0,1,13.3
2021-11-29,2021,11,4,333,-0.5,0.866,Poro,Maïs,Argileux,Seche,4.2,31.6,39.6,0,1.25
2024-03-02,2024,3,1,62,1.0,0.0,Poro,Cacao,Sablonneux,Seche,6.1,31.6,51.8,0,0.61
2022-08-15,2022,8,3,227,-0.866,-0.5,Nawa,Manioc,Argileux,Seche,77.6,34.8,70.4,1,12.89
2023-02-22,2023,2,1,53,0.866,0.5,Nawa,Cacao,Limoneux,Seche,66.9,25.7,76.9,0,0.97
2022-06-24,2022,6,2,175,0.0,-1.0,Nawa,Cacao,Limoneux,Pluies,193.5,28.5,85.8,0,1.61
2023-01-05,2023,1,1,5,0.5,0.866,Haut-Sassandra,Maïs,Argileux,Seche,15.2,32.4,72.4,0,1.26
2022-09-13,2022,9,3,256,-1.0,-0.0,Haut-Sassandra,Anacarde,Limoneux,Pluies,220.7,26.1,94.0,1,0.59
2022-09-11,2022,9,3,254,-1.0,-0.0,Haut-Sassandra,Maïs,Limoneux,Pluies,256.0,24.8,90.7,1,1.28
2024-10-24,2024,10,4,298,-0.866,0.5,Poro,Anacarde,Sablonneux,Seche,0.0,34.1,43.7,0,0.75
2023-06-28,2023,6,2,179,0.0,-1.0,Poro,Anacarde,Limoneux,Pluies,191.8,31.2,81.3,1,0.75
2023-09-19,2023,9,3,262,-1.0,-0.0,Nawa,Cacao,Limoneux,Pluies,146.1,25.0,86.1,1,1.61
2021-04-09,2021,4,2,99,0.866,-0.5,Haut-Sassandra,Cacao,Limoneux,Seche,61.9,30.9,71.5,1,0.94
2021-11-13,2021,11,4,317,-0.5,0.866,Nawa,Manioc,Limoneux,Seche,49.3,30.6,73.4,0,10.9
2021-05-03,2021,5,2,123,0.5,-0.866,Haut-Sassandra,Manioc,Argileux,Pluies,209.8,27.4,83.0,1,15.51
2024-09-05,2024,9,3,249,-1.0,-0.0,Haut-Sassandra,Manioc,Limoneux,Pluies,200.0,28.8,88.1,1,18.77
2023-03-10,2023,3,1,69,1.0,0.0,Poro,Anacarde,Sablonneux,Seche,15.8,34.6,49.0,0,0.76
2022-04-02,2022,4,2,92,0.866,-0.5,Haut-Sassandra,Manioc,Argileux,Seche,55.9,30.6,66.0,1,12.28
2022-06-06,2022,6,2,157,0.0,-1.0,Haut-Sassandra,Cacao,Argileux,Pluies,231.7,28.0,89.1,0,1.18
2022-06-04,2022,6,2,155,0.0,-1.0,Haut-Sassandra,Cacao,Limoneux,Pluies,145.6,27.6,81.4,0,1.73
2023-07-06,2023,7,3,187,-0.5,-0.866,Poro,Anacarde,Limoneux,Pluies,160.3,30.8,80.1,0,0.71
2022-12-18,2022,12,4,352,-0.0,1.0,Haut-Sassandra,Cacao,Argileux,Seche,60.0,31.3,66.4,0,1.24
2021-11-11,2021,11,4,315,-0.5,0.866,Haut-Sassandra,Anacarde,Sablonneux,Seche,26.1,30.6,76.3,0,0.41
2022-12-10,2022,12,4,344,-0.0,1.0,Haut-Sassandra,Cacao,Sablonneux,Seche,52.9,27.9,78.7,0,1.23
2022-12-11,2022,12,4,345,-0.0,1.0,Haut-Sassandra,Manioc,Limoneux,Seche,47.8,25.2,71.3,0,11.41
2023-11-10,2023,11,4,314,-0.5,0.866,Haut-Sassandra,Manioc,Argileux,Seche,36.9,30.5,74.6,0,12.2
2022-07-14,2022,7,3,195,-0.5,-0.866,Nawa,Maïs,Sablonneux,Pluies,241.2,28.5,88.9,0,1.34
2023-08-27,2023,8,3,239,-0.866,-0.5,Nawa,Cacao,Argileux,Seche,59.8,29.6,65.9,1,1.21
2024-02-28,2024,2,1,59,0.866,0.5,Nawa,Cacao,Limoneux,Seche,42.8,33.1,66.3,0,0.99
2024-08-09,2024,8,3,222,-0.866,-0.5,Nawa,Maïs,Sablonneux,Seche,47.6,29.5,64.8,1,1.31
2024-03-01,2024,3,1,61,1.0,0.0,Nawa,Cacao,Sablonneux,Seche,40.0,29.5,62.6,0,1.16
2021-12-22,2021,12,4,356,-0.0,1.0,Nawa,Manioc,Sablonneux,Seche,52.2,30.7,77.2,0,10.52
2023-12-14,2023,12,4,348,-0.0,1.0,Haut-Sassandra,Manioc,Limoneux,Seche,28.0,30.3,73.5,0,9.96
2023-06-09,2023,6,2,160,0.0,-1.0,Poro,Anacarde,Sablonneux,Pluies,243.2,31.2,75.6,1,0.72
2023-03-04,2023,3,1,63,1.0,0.0,Nawa,Cacao,Argileux,Seche,50.9,34.0,69.2,1,1.05
2024-11-11,2024,11,4,316,-0.5,0.866,Haut-Sassandra,Cacao,Sablonneux,Seche,57.3,30.4,73.9,0,1.27
2021-09-22,2021,9,3,265,-1.0,-0.0,Nawa,Manioc,Argileux,Pluies,163.5,24.1,89.9,1,16.38
2023-09-09,2023,9,3,252,-1.0,-0.0,Haut-Sassandra,Cacao,Limoneux,Pluies,156.3,24.7,83.5,0,1.74
2024-05-23,2024,5,2,144,0.5,-0.866,Poro,Anacarde,Sablonneux,Seche,31.1,37.2,46.1,1,0.68
2023-03-13,2023,3,1,72,1.0,0.0,Poro,Anacarde,Sablonneux,Seche,9.4,31.2,56.5,0,0.69
2021-02-12,2021,2,1,43,0.866,0.5,Poro,Maïs,Argileux,Seche,10.6,32.2,33.5,0,1.46
2023-05-12,2023,5,2,132,0.5,-0.866,Haut-Sassandra,Cacao,Argileux,Pluies,230.6,26.9,82.0,1,1.12
2024-07-25,2024,7,3,207,-0.5,-0.866,Haut-Sassandra,Cacao,Argileux,Pluies,201.7,25.1,77.8,0,1.7
2024-02-28,2024,2,1,59,0.866,0.5,Poro,Manioc,Sablonneux,Seche,12.0,34.8,31.4,0,6.46
2021-12-16,2021,12,4,350,-0.0,1.0,Nawa,Cacao,Sablonneux,Seche,24.3,28.6,67.5,0,1.08
2024-02-04,2024,2,1,35,0.866,0.5,Haut-Sassandra,Cacao,Argileux,Seche,77.2,30.4,57.5,0,1.05
2023-07-01,2023,7,3,182,-0.5,-0.866,Poro,Anacarde,Limoneux,Pluies,112.2,29.1,81.4,0,0.67
2021-01-01,2021,1,1,1,0.5,0.866,Haut-Sassandra,Maïs,Limoneux,Seche,49.9,30.6,61.8,1,1.23
2022-08-07,2022,8,3,219,-0.866,-0.5,Poro,Maïs,Sablonneux,Pluies,150.5,30.2,77.7,0,1.21
2022-03-08,2022,3,1,67,1.0,0.0,Nawa,Cacao,Sablonneux,Seche,56.4,32.0,78.8,0,1.23
2024-08-22,2024,8,3,235,-0.866,-0.5,Haut-Sassandra,Cacao,Argileux,Seche,58.4,29.5,73.6,1,1.13
2021-02-22,2021,2,1,53,0.866,0.5,Nawa,Maïs,Argileux,Seche,34.4,30.3,67.6,0,1.23
2023-07-29,2023,7,3,210,-0.5,-0.866,Poro,Maïs,Sablonneux,Pluies,175.7,27.4,78.7,0,1.74
2022-06-04,2022,6,2,155,0.0,-1.0,Poro,Cacao,Argileux,Pluies,175.0,30.3,75.5,1,0.6
2024-09-15,2024,9,3,259,-1.0,-0.0,Haut-Sassandra,Manioc,Argileux,Pluies,168.0,25.8,90.3,1,16.14
2024-09-10,2024,9,3,254,-1.0,-0.0,Haut-Sassandra,Cacao,Argileux,Pluies,213.1,25.5,83.8,1,1.65
2024-02-12,2024,2,1,43,0.866,0.5,Haut-Sassandra,Manioc,Argileux,Seche,3.9,30.3,64.4,0,11.31
2021-05-27,2021,5,2,147,0.5,-0.866,Haut-Sassandra,Cacao,Argileux,Pluies,212.6,24.3,87.7,1,1.71
2024-04-04,2024,4,2,95,0.866,-0.5,Poro,Anacarde,Sablonneux,Seche,15.0,36.0,35.4,0,0.81
2024-11-03,2024,11,4,308,-0.5,0.866,Haut-Sassandra,Manioc,Limoneux,Seche,25.8,28.0,66.9,0,11.1
2024-03-08,2024,3,1,68,1.0,0.0,Poro,Maïs,Limoneux,Seche,12.7,30.2,35.2,0,1.12
2022-09-21,2022,9,3,264,-1.0,-0.0,Haut-Sassandra,Cacao,Argileux,Pluies,183.5,25.2,85.9,1,1.66
2021-10-26,2021,10,4,299,-0.866,0.5,Poro,Manioc,Sablonneux,Seche,2.6,28.7,34.8,0,6.04
2024-07-23,2024,7,3,205,-0.5,-0.866,Nawa,Manioc,Argileux,Pluies,134.0,27.6,84.0,0,17.69
2023-02-28,2023,2,1,59,0.866,0.5,Poro,Anacarde,Sablonneux,Seche,13.7,30.9,40.8,0,0.84
2023-04-30,2023,4,2,120,0.866,-0.5,Haut-Sassandra,Manioc,Limoneux,Seche,49.9,31.9,80.1,1,10.52
2021-06-27,2021,6,2,178,0.0,-1.0,Haut-Sassandra,Cacao,Sablonneux,Pluies,170.5,27.1,89.7,0,1.56
2023-04-22,2023,4,2,112,0.866,-0.5,Nawa,Cacao,Argileux,Seche,24.1,31.2,68.1,1,1.11
2024-10-09,2024,10,4,283,-0.866,0.5,Haut-Sassandra,Cacao,Argileux,Pluies,186.7,25.9,91.6,0,1.63
2024-03-23,2024,3,1,83,1.0,0.0,Haut-Sassandra,Manioc,Limoneux,Seche,49.2,26.1,75.4,0,13.07
2024-05-09,2024,5,2,130,0.5,-0.866,Poro,Anacarde,Argileux,Seche,21.4,30.4,38.9,1,0.71
2023-05-28,2023,5,2,148,0.5,-0.866,Nawa,Cacao,Limoneux,Pluies,128.6,27.6,81.7,1,1.38
2024-02-13,2024,2,1,44,0.866,0.5,Nawa,Manioc,Argileux,Seche,49.4,26.2,65.3,0,12.29
2023-01-29,2023,1,1,29,0.5,0.866,Nawa,Cacao,Sablonneux,Seche,55.6,30.4,74.6,0,0.95
2023-12-28,2023,12,4,362,-0.0,1.0,Haut-Sassandra,Cacao,Limoneux,Seche,38.7,29.8,71.5,0,1.25
2022-03-21,2022,3,1,80,1.0,0.0,Poro,Anacarde,Limoneux,Seche,8.9,35.4,42.7,0,0.74
2024-09-11,2024,9,3,255,-1.0,-0.0,Haut-Sassandra,Manioc,Argileux,Pluies,204.4,27.1,83.4,1,18.07
2022-12-09,2022,12,4,343,-0.0,1.0,Nawa,Cacao,Limoneux,Seche,74.8,28.8,63.9,0,1.27
2022-08-25,2022,8,3,237,-0.866,-0.5,Haut-Sassandra,Anacarde,Sablonneux,Seche,32.6,29.5,68.0,1,0.35
2024-10-14,2024,10,4,288,-0.866,0.5,Poro,Anacarde,Limoneux,Seche,8.1,36.4,43.5,0,0.81
2021-05-25,2021,5,2,145,0.5,-0.866,Nawa,Cacao,Argileux,Pluies,190.7,24.4,84.5,1,1.87
2021-10-02,2021,10,4,275,-0.866,0.5,Poro,Anacarde,Sablonneux,Seche,0.0,30.5,50.4,0,0.77
2022-05-24,2022,5,2,144,0.5,-0.866,Nawa,Manioc,Sablonneux,Pluies,190.7,28.5,91.7,1,16.49
2024-04-17,2024,4,2,108,0.866,-0.5,Poro,Anacarde,Sablonneux,Seche,26.9,31.2,40.7,0,0.82
2023-01-23,2023,1,1,23,0.5,0.866,Poro,Manioc,Limoneux,Seche,34.2,33.8,44.4,0,6.43
2022-04-22,2022,4,2,112,0.866,-0.5,Haut-Sassandra,Manioc,Argileux,Seche,31.6,30.5,70.0,1,13.32
2024-12-08,2024,12,4,343,-0.0,1.0,Nawa,Cacao,Limoneux,Seche,83.4,25.9,77.4,0,1.11
2024-03-22,2024,3,1,82,1.0,0.0,Nawa,Cacao,Sablonneux,Seche,83.9,25.7,72.4,0,1.29
2024-02-02,2024,2,1,33,0.866,0.5,Poro,Anacarde,Limoneux,Seche,14.0,31.9,37.6,0,0.78
2024-01-04,2024,1,1,4,0.5,0.866,Haut-Sassandra,Cacao,Argileux,Seche,81.2,27.6,65.4,0,1.08
2024-02-26,2024,2,1,57,0.866,0.5,Nawa,Maïs,Limoneux,Seche,48.7,32.5,62.3,0,1.19
2022-10-28,2022,10,4,301,-0.866,0.5,Nawa,Cacao,Sablonneux,Pluies,164.8,29.4,86.3,0,0.93
2022-07-22,2022,7,3,203,-0.5,-0.866,Poro,Anacarde,Limoneux,Pluies,198.7,28.3,65.8,0,1.13
2024-09-30,2024,9,3,274,-1.0,-0.0,Haut-Sassandra,Cacao,Argileux,Pluies,152.8,28.2,90.3,0,1.84
2022-06-15,2022,6,2,166,0.0,-1.0,Nawa,Cacao,Sablonneux,Pluies,187.7,24.0,87.9,0,1.4
2021-06-08,2021,6,2,159,0.0,-1.0,Nawa,Cacao,Argileux,Pluies,155.9,25.4,85.7,0,1.72
2024-12-20,2024,12,4,355,-0.0,1.0,Haut-Sassandra,Maïs,Sablonneux,Seche,39.4,30.2,75.7,0,1.3
2022-11-12,2022,11,4,316,-0.5,0.866,Haut-Sassandra,Anacarde,Argileux,Seche,55.4,30.8,72.5,0,0.39
2021-01-23,2021,1,1,23,0.5,0.866,Haut-Sassandra,Maïs,Argileux,Seche,46.8,30.9,72.5,0,1.33
2023-12-07,2023,12,4,341,-0.0,1.0,Poro,Anacarde,Argileux,Seche,0.0,42.5,39.7,0,0.71
2022-06-09,2022,6,2,160,0.0,-1.0,Haut-Sassandra,Cacao,Argileux,Pluies,232.7,28.5,92.4,0,1.08
2022-12-30,2022,12,4,364,-0.0,1.0,Haut-Sassandra,Manioc,Argileux,Seche,45.0,27.9,59.6,0,11.13
2021-05-24,2021,5,2,144,0.5,-0.866,Nawa,Manioc,Argileux,Pluies,138.7,26.4,85.2,1,16.19
2022-10-30,2022,10,4,303,-0.866,0.5,Poro,Maïs,Argileux,Seche,6.2,32.9,49.9,0,1.41
2024-12-13,2024,12,4,348,-0.0,1.0,Poro,Manioc,Sablonneux,Seche,19.4,36.6,58.2,0,5.59
2022-11-12,2022,11,4,316,-0.5,0.866,Nawa,Cacao,Limoneux,Seche,23.1,31.6,68.5,0,1.14
2023-08-31,2023,8,3,243,-0.866,-0.5,Haut-Sassandra,Cacao,Argileux,Seche,53.8,28.4,66.4,1,1.03
2023-03-10,2023,3,1,69,1.0,0.0,Nawa,Cacao,Argileux,Seche,58.7,32.8,83.8,0,1.07
2021-03-26,2021,3,1,85,1.0,0.0,Poro,Maïs,Argileux,Seche,14.9,34.8,50.6,0,1.25
2022-02-20,2022,2,1,51,0.866,0.5,Nawa,Cacao,Argileux,Seche,84.0,30.6,77.0,0,1.26
2022-11-25,2022,11,4,329,-0.5,0.866,Nawa,Cacao,Argileux,Seche,57.5,33.2,61.1,0,1.04
2022-04-27,2022,4,2,117,0.866,-0.5,Nawa,Maïs,Limoneux,Seche,28.8,34.7,69.4,1,1.37
2022-04-01,2022,4,2,91,0.866,-0.5,Haut-Sassandra,Cacao,Limoneux,Seche,59.6,30.5,65.6,1,1.22
2023-04-07,2023,4,2,97,0.866,-0.5,Nawa,Manioc,Limoneux,Seche,36.4,29.0,67.6,1,13.05
2021-10-24,2021,10,4,297,-0.866,0.5,Haut-Sassandra,Cacao,Sablonneux,Pluies,198.5,24.2,84.3,0,1.56
2024-02-10,2024,2,1,41,0.866,0.5,Nawa,Cacao,Sablonneux,Seche,42.9,29.8,71.5,0,1.1
2024-06-07,2024,6,2,159,0.0,-1.0,Poro,Anacarde,Limoneux,Pluies,177.8,26.9,73.7,1,0.97
2024-01-25,2024,1,1,25,0.5,0.866,Haut-Sassandra,Cacao,Sablonneux,Seche,46.5,31.7,71.9,0,1.21
2023-08-08,2023,8,3,220,-0.866,-0.5,Nawa,Cacao,Argileux,Seche,71.6,26.9,58.4,1,1.12
2022-11-11,2022,11,4,315,-0.5,0.866,Haut-Sassandra,Manioc,Argileux,Seche,25.2,30.2,57.8,0,12.24
2022-01-13,2022,1,1,13,0.5,0.866,Nawa,Manioc,Limoneux,Seche,25.9,29.6,71.1,0,12.14
2024-03-25,2024,3,1,85,1.0,0.0,Poro,Cacao,Sablonneux,Seche,3.0,29.0,45.3,0,0.58
2022-02-25,2022,2,1,56,0.866,0.5,Poro,Anacarde,Sablonneux,Seche,10.2,31.2,30.4,0,0.83
2021-04-15,2021,4,2,105,0.866,-0.5,Haut-Sassandra,Cacao,Argileux,Seche,57.7,33.1,62.7,1,1.04
2021-11-26,2021,11,4,330,-0.5,0.866,Haut-Sassandra,Manioc,Sablonneux,Seche,54.8,29.3,69.7,0,11.22
2022-03-15,2022,3,1,74,1.0,0.0,Poro,Anacarde,Limoneux,Seche,9.0,31.0,46.7,0,0.78
2024-03-01,2024,3,1,61,1.0,0.0,Haut-Sassandra,Cacao,Argileux,Seche,43.4,27.3,74.6,0,1.11
2022-01-17,2022,1,1,17,0.5,0.866,Poro,Cacao,Sablonneux,Seche,8.7,29.8,43.5,0,0.64
2021-05-18,2021,5,2,138,0.5,-0.866,Nawa,Anacarde,Limoneux,Pluies,180.2,25.3,83.0,1,0.6
2023-08-01,2023,8,3,213,-0.866,-0.5,Haut-Sassandra,Manioc,Argileux,Seche,75.1,33.2,53.8,1,12.35
2023-04-23,2023,4,2,113,0.866,-0.5,Poro,Anacarde,Sablonneux,Seche,9.0,31.7,41.8,0,0.78
2021-09-27,2021,9,3,270,-1.0,-0.0,Nawa,Cacao,Argileux,Pluies,205.2,28.0,80.9,1,1.77
2022-01-31,2022,1,1,31,0.5,0.866,Poro,Anacarde,Sablonneux,Seche,24.1,31.0,67.5,0,0.75
2023-07-02,2023,7,3,183,-0.5,-0.866,Haut-Sassandra,Cacao,Argileux,Pluies,230.1,26.9,92.2,0,1.11
2022-04-09,2022,4,2,99,0.866,-0.5,Haut-Sassandra,Cacao,Sablonneux,Seche,19.6,31.3,70.3,1,1.04
2022-03-26,2022,3,1,85,1.0,0.0,Poro,Anacarde,Argileux,Seche,7.2,37.3,45.1,0,0.84
2024-09-16,2024,9,3,260,-1.0,-0.0,Poro,Manioc,Argileux,Pluies,170.1,23.4,81.2,0,8.63
2024-06-30,2024,6,2,182,0.0,-1.0,Poro,Maïs,Limoneux,Pluies,162.9,26.3,84.5,1,1.85
2024-08-01,2024,8,3,214,-0.866,-0.5,Poro,Anacarde,Sablonneux,Pluies,220.2,27.0,80.3,0,1.11
2024-07-21,2024,7,3,203,-0.5,-0.866,Poro,Maïs,Sablonneux,Pluies,183.8,26.6,79.4,0,1.57
2021-01-20,2021,1,1,20,0.5,0.866,Haut-Sassandra,Manioc,Argileux,Seche,66.8,30.8,60.0,0,11.97
2021-08-27,2021,8,3,239,-0.866,-0.5,Poro,Maïs,Limoneux,Pluies,146.1,25.6,70.9,0,1.81
2024-07-17,2024,7,3,199,-0.5,-0.866,Poro,Anacarde,Limoneux,Pluies,163.0,23.9,77.2,0,1.09
2022-02-22,2022,2,1,53,0.866,0.5,Poro,Manioc,Limoneux,Seche,4.2,33.6,38.8,0,5.88
2024-08-26,2024,8,3,239,-0.866,-0.5,Poro,Anacarde,Argileux,Pluies,145.6,26.3,83.5,0,1.2
2023-11-21,2023,11,4,325,-0.5,0.866,Nawa,Manioc,Argileux,Seche,36.5,33.1,65.5,0,12.01
2024-02-02,2024,2,1,33,0.866,0.5,Nawa,Maïs,Argileux,Seche,75.8,32.4,77.9,1,1.45
2021-07-05,2021,7,3,186,-0.5,-0.866,Haut-Sassandra,Cacao,Argileux,Pluies,244.2,25.2,86.2,0,1.1
2024-02-26,2024,2,1,57,0.866,0.5,Haut-Sassandra,Cacao,Sablonneux,Seche,36.0,31.4,78.3,0,1.15
2024-05-18,2024,5,2,139,0.5,-0.866,Poro,Anacarde,Sablonneux,Seche,10.3,34.1,51.5,1,0.82
2024-12-08,2024,12,4,343,-0.0,1.0,Haut-Sassandra,Cacao,Limoneux,Seche,36.7,30.2,61.3,0,1.12
2024-07-28,2024,7,3,210,-0.5,-0.866,Haut-Sassandra,Manioc,Limoneux,Pluies,243.5,27.8,88.6,0,12.1
2021-09-10,2021,9,3,253,-1.0,-0.0,Haut-Sassandra,Cacao,Argileux,Pluies,120.2,27.4,93.1,1,1.63
2021-01-19,2021,1,1,19,0.5,0.866,Nawa,Cacao,Limoneux,Seche,97.2,35.6,66.2,0,1.16
2022-12-13,2022,12,4,347,-0.0,1.0,Nawa,Manioc,Limoneux,Seche,53.5,31.2,67.5,0,11.12
2024-03-05,2024,3,1,65,1.0,0.0,Haut-Sassandra,Cacao,Limoneux,Seche,0.0,30.6,67.7,0,1.28
2021-08-11,2021,8,3,223,-0.866,-0.5,Haut-Sassandra,Maïs,Limoneux,Seche,29.8,31.2,64.9,1,1.26
2021-01-03,2021,1,1,3,0.5,0.866,Haut-Sassandra,Cacao,Argileux,Seche,61.4,27.8,73.0,0,0.97
2024-06-13,2024,6,2,165,0.0,-1.0,Nawa,Maïs,Limoneux,Pluies,153.7,28.3,92.9,0,2.0
2023-05-04,2023,5,2,124,0.5,-0.866,Haut-Sassandra,Maïs,Limoneux,Pluies,146.3,24.7,89.7,1,1.76
2021-08-16,2021,8,3,228,-0.866,-0.5,Haut-Sassandra,Cacao,Limoneux,Seche,30.1,24.4,61.0,1,0.98
2023-07-02,2023,7,3,183,-0.5,-0.866,Nawa,Cacao,Argileux,Pluies,192.8,29.1,86.3,0,1.18
2022-05-14,2022,5,2,134,0.5,-0.866,Haut-Sassandra,Maïs,Limoneux,Pluies,201.4,24.9,86.0,1,1.85
2022-06-05,2022,6,2,156,0.0,-1.0,Haut-Sassandra,Cacao,Limoneux,Pluies,188.0,24.1,84.6,0,1.63
2022-12-03,2022,12,4,337,-0.0,1.0,Haut-Sassandra,Manioc,Argileux,Seche,0.0,29.7,75.7,0,11.29
2023-07-06,2023,7,3,187,-0.5,-0.866,Nawa,Cacao,Limoneux,Pluies,192.4,27.6,91.7,0,1.69
2024-03-08,2024,3,1,68,1.0,0.0,Haut-Sassandra,Manioc,Sablonneux,Seche,48.6,29.1,68.5,0,9.83
2024-07-23,2024,7,3,205,-0.5,-0.866,Poro,Anacarde,Sablonneux,Pluies,154.7,28.7,83.5,0,1.03
2021-10-18,2021,10,4,291,-0.866,0.5,Nawa,Cacao,Sablonneux,Pluies,180.4,22.0,85.5,0,1.05
2023-12-13,2023,12,4,347,-0.0,1.0,Haut-Sassandra,Cacao,Argileux,Seche,12.7,30.2,67.0,0,1.17
2024-02-08,2024,2,1,39,0.866,0.5,Poro,Maïs,Sablonneux,Seche,7.5,36.0,46.5,0,1.32
2022-12-16,2022,12,4,350,-0.0,1.0,Nawa,Maïs,Argileux,Seche,15.2,32.3,82.7,0,1.23
2023-08-06,2023,8,3,218,-0.866,-0.5,Haut-Sassandra,Cacao,Argileux,Seche,80.1,31.6,69.1,1,1.2
2022-10-10,2022,10,4,283,-0.866,0.5,Poro,Anacarde,Limoneux,Seche,17.3,35.1,42.0,0,0.65
2023-10-25,2023,10,4,298,-0.866,0.5,Nawa,Maïs,Sablonneux,Pluies,187.2,25.3,85.2,0,1.97
2022-11-15,2022,11,4,319,-0.5,0.866,Nawa,Cacao,Argileux,Seche,61.4,30.2,66.6,0,1.05
2023-05-20,2023,5,2,140,0.5,-0.866,Poro,Anacarde,Sablonneux,Seche,20.6,36.1,32.2,1,0.79
2023-12-07,2023,12,4,341,-0.0,1.0,Nawa,Manioc,Argileux,Seche,49.6,28.6,70.1,0,10.45
2021-04-04,2021,4,2,94,0.866,-0.5,Poro,Anacarde,Limoneux,Seche,13.8,34.8,24.7,0,0.64
2023-07-29,2023,7,3,210,-0.5,-0.866,Nawa,Cacao,Sablonneux,Pluies,155.1,26.4,88.7,0,1.7
2022-07-14,2022,7,3,195,-0.5,-0.866,Nawa,Maïs,Limoneux,Pluies,228.5,25.4,85.3,0,1.83
2021-08-01,2021,8,3,213,-0.866,-0.5,Nawa,Maïs,Limoneux,Seche,58.8,29.6,73.2,1,1.2
2022-03-12,2022,3,1,71,1.0,0.0,Nawa,Maïs,Sablonneux,Seche,19.1,33.0,79.7,0,1.48
2023-05-02,2023,5,2,122,0.5,-0.866,Nawa,Anacarde,Limoneux,Pluies,170.3,29.2,86.1,1,0.41
2022-05-23,2022,5,2,143,0.5,-0.866,Poro,Maïs,Limoneux,Seche,11.2,33.8,34.0,1,1.13
2023-04-16,2023,4,2,106,0.866,-0.5,Nawa,Cacao,Limoneux,Seche,44.4,28.7,71.2,1,1.07
2022-10-13,2022,10,4,286,-0.866,0.5,Poro,Maïs,Limoneux,Seche,3.0,27.2,51.9,0,1.36
2021-07-24,2021,7,3,205,-0.5,-0.866,Haut-Sassandra,Maïs,Sablonneux,Pluies,237.8,30.1,83.8,0,1.29
2022-01-16,2022,1,1,16,0.5,0.866,Nawa,Manioc,Limoneux,Seche,88.7,31.7,66.7,0,12.39
2024-01-02,2024,1,1,2,0.5,0.866,Haut-Sassandra,Cacao,Argileux,Seche,41.8,28.6,62.9,0,1.1
2024-01-05,2024,1,1,5,0.5,0.866,Haut-Sassandra,Cacao,Sablonneux,Seche,41.1,30.2,63.1,0,1.17
2021-03-18,2021,3,1,77,1.0,0.0,Haut-Sassandra,Cacao,Sablonneux,Seche,66.0,31.2,78.0,0,1.15
2023-03-27,2023,3,1,86,1.0,0.0,Haut-Sassandra,Cacao,Limoneux,Seche,68.3,30.7,61.8,0,1.26
2023-02-07,2023,2,1,38,0.866,0.5,Haut-Sassandra,Anacarde,Sablonneux,Seche,42.0,31.2,68.9,0,0.39
2022-02-14,2022,2,1,45,0.866,0.5,Nawa,Maïs,Sablonneux,Seche,61.1,32.6,69.3,0,1.17
2021-04-16,2021,4,2,106,0.866,-0.5,Haut-Sassandra,Manioc,Argileux,Seche,35.6,32.7,72.9,1,12.72
2022-07-05,2022,7,3,186,-0.5,-0.866,Nawa,Cacao,Argileux,Pluies,110.7,29.9,86.5,0,1.1
2023-04-06,2023,4,2,96,0.866,-0.5,Poro,Anacarde,Sablonneux,Seche,15.7,33.2,48.5,0,0.84
2024-07-22,2024,7,3,204,-0.5,-0.866,Poro,Anacarde,Sablonneux,Pluies,173.8,27.4,71.3,0,1.04
2021-03-29,2021,3,1,88,1.0,0.0,Haut-Sassandra,Manioc,Limoneux,Seche,67.7,29.4,69.7,0,13.13
2023-05-31,2023,5,2,151,0.5,-0.866,Haut-Sassandra,Manioc,Limoneux,Pluies,191.9,30.7,84.6,1,11.43
2024-01-06,2024,1,1,6,0.5,0.866,Poro,Anacarde,Limoneux,Seche,13.6,35.4,34.4,0,0.65
2024-01-06,2024,1,1,6,0.5,0.866,Nawa,Cacao,Sablonneux,Seche,71.7,29.6,63.4,0,1.03
2022-06-24,2022,6,2,175,0.0,-1.0,Poro,Anacarde,Sablonneux,Pluies,220.0,25.0,78.4,1,1.17
2021-09-02,2021,9,3,245,-1.0,-0.0,Poro,Anacarde,Sablonneux,Pluies,195.3,29.0,73.6,0,1.02
2022-08-01,2022,8,3,213,-0.866,-0.5,Haut-Sassandra,Maïs,Argileux,Seche,88.2,31.4,69.2,1,1.29
2024-11-06,2024,11,4,311,-0.5,0.866,Poro,Manioc,Limoneux,Seche,0.0,33.7,38.3,0,6.24
2023-09-09,2023,9,3,252,-1.0,-0.0,Nawa,Cacao,Argileux,Pluies,181.6,26.1,89.2,1,1.57
2022-12-18,2022,12,4,352,-0.0,1.0,Nawa,Manioc,Limoneux,Seche,45.4,33.5,63.3,0,11.26
2021-05-22,2021,5,2,142,0.5,-0.866,Nawa,Cacao,Argileux,Pluies,184.6,25.5,87.4,1,1.71
2023-06-12,2023,6,2,163,0.0,-1.0,Nawa,Maïs,Limoneux,Pluies,222.8,26.8,83.3,0,1.89
2024-10-23,2024,10,4,297,-0.866,0.5,Haut-Sassandra,Maïs,Sablonneux,Pluies,168.8,26.1,84.4,1,1.61
2024-01-13,2024,1,1,13,0.5,0.866,Poro,Anacarde,Limoneux,Seche,0.0,37.4,42.4,0,0.66
2024-03-12,2024,3,1,72,1.0,0.0,Haut-Sassandra,Cacao,Limoneux,Seche,56.4,26.6,72.5,0,1.06
2021-12-18,2021,12,4,352,-0.0,1.0,Poro,Anacarde,Argileux,Seche,11.1,31.4,46.2,0,0.73
2022-06-29,2022,6,2,180,0.0,-1.0,Haut-Sassandra,Maïs,Limoneux,Pluies,222.7,23.7,80.1,0,1.72
2023-07-02,2023,7,3,183,-0.5,-0.866,Haut-Sassandra,Cacao,Argileux,Pluies,200.8,25.8,83.4,0,1.77
2021-06-01,2021,6,2,152,0.0,-1.0,Poro,Maïs,Argileux,Pluies,192.7,27.0,76.6,1,1.55
2024-03-27,2024,3,1,87,1.0,0.0,Nawa,Maïs,Limoneux,Seche,30.6,30.2,55.9,0,1.18
2022-10-15,2022,10,4,288,-0.866,0.5,Nawa,Cacao,Argileux,Pluies,150.4,23.0,91.1,0,1.43
2023-08-16,2023,8,3,228,-0.866,-0.5,Nawa,Cacao,Sablonneux,Seche,44.8,32.5,75.4,1,0.95
2023-02-02,2023,2,1,33,0.866,0.5,Haut-Sassandra,Maïs,Limoneux,Seche,83.4,30.5,70.0,0,1.21
2024-08-19,2024,8,3,232,-0.866,-0.5,Poro,Anacarde,Limoneux,Pluies,127.8,27.3,71.7,0,1.02
2022-09-16,2022,9,3,259,-1.0,-0.0,Poro,Anacarde,Sablonneux,Pluies,230.2,27.0,80.1,0,0.74
2022-10-18,2022,10,4,291,-0.866,0.5,Haut-Sassandra,Maïs,Sablonneux,Pluies,109.4,26.7,91.6,0,1.41
2022-03-26,2022,3,1,85,1.0,0.0,Poro,Anacarde,Sablonneux,Seche,11.4,31.9,46.9,0,0.73
2022-12-22,2022,12,4,356,-0.0,1.0,Nawa,Maïs,Sablonneux,Seche,87.7,27.4,77.9,0,1.39
2024-06-01,2024,6,2,153,0.0,-1.0,Poro,Manioc,Sablonneux,Pluies,151.2,22.4,73.3,1,6.35
2021-02-12,2021,2,1,43,0.866,0.5,Haut-Sassandra,Cacao,Argileux,Seche,38.0,30.6,60.9,0,1.3
2021-09-21,2021,9,3,264,-1.0,-0.0,Nawa,Maïs,Argileux,Pluies,140.0,28.6,90.2,1,1.68
2023-10-24,2023,10,4,297,-0.866,0.5,Nawa,Cacao,Limoneux,Pluies,211.8,29.7,92.2,0,1.12
2024-07-15,2024,7,3,197,-0.5,-0.866,Poro,Manioc,Sablonneux,Pluies,218.3,26.3,76.2,0,9.22
2022-08-19,2022,8,3,231,-0.866,-0.5,Poro,Anacarde,Limoneux,Pluies,125.3,27.9,79.1,0,1.1
2023-11-06,2023,11,4,310,-0.5,0.866,Nawa,Anacarde,Limoneux,Seche,20.0,29.8,69.3,0,0.43
2024-09-19,2024,9,3,263,-1.0,-0.0,Nawa,Manioc,Argileux,Pluies,195.0,27.9,86.2,1,17.15
2023-12-19,2023,12,4,353,-0.0,1.0,Nawa,Maïs,Argileux,Seche,59.6,29.2,70.7,1,1.21
2023-10-10,2023,10,4,283,-0.866,0.5,Haut-Sassandra,Cacao,Limoneux,Pluies,146.4,26.1,90.2,0,1.67
2021-06-26,2021,6,2,177,0.0,-1.0,Haut-Sassandra,Manioc,Argileux,Pluies,192.2,26.1,85.9,0,14.99
2021-03-04,2021,3,1,63,1.0,0.0,Haut-Sassandra,Manioc,Limoneux,Seche,0.0,30.7,62.5,0,12.15
2023-08-16,2023,8,3,228,-0.866,-0.5,Poro,Maïs,Sablonneux,Pluies,88.4,26.5,79.6,0,1.27
2023-09-30,2023,9,3,273,-1.0,-0.0,Nawa,Manioc,Argileux,Pluies,174.6,25.4,81.9,1,17.16
2022-07-15,2022,7,3,196,-0.5,-0.866,Poro,Anacarde,Sablonneux,Pluies,166.4,28.0,72.8,0,1.05
2024-08-23,2024,8,3,236,-0.866,-0.5,Nawa,Cacao,Argileux,Seche,105.7,34.0,75.8,1,1.15
2024-06-23,2024,6,2,175,0.0,-1.0,Poro,Maïs,Limoneux,Pluies,153.9,26.8,72.0,1,1.82
2024-08-05,2024,8,3,218,-0.866,-0.5,Poro,Anacarde,Argileux,Pluies,149.5,27.5,77.9,0,1.01
2023-08-13,2023,8,3,225,-0.866,-0.5,Nawa,Maïs,Limoneux,Seche,0.0,27.1,69.1,1,1.17
2024-09-17,2024,9,3,261,-1.0,-0.0,Nawa,Cacao,Sablonneux,Pluies,221.5,26.4,84.8,1,1.76
2023-04-30,2023,4,2,120,0.866,-0.5,Poro,Anacarde,Limoneux,Seche,12.9,34.0,49.8,0,0.7
2024-07-02,2024,7,3,184,-0.5,-0.866,Haut-Sassandra,Anacarde,Argileux,Pluies,157.6,29.4,79.6,0,0.39
2022-08-27,2022,8,3,239,-0.866,-0.5,Haut-Sassandra,Maïs,Limoneux,Seche,90.2,28.6,59.8,1,1.16
2022-08-29,2022,8,3,241,-0.866,-0.5,Haut-Sassandra,Manioc,Argileux,Seche,29.7,32.7,63.1,1,10.97
2023-04-10,2023,4,2,100,0.866,-0.5,Haut-Sassandra,Manioc,Argileux,Seche,55.9,29.1,71.9,1,13.14
2024-05-07,2024,5,2,128,0.5,-0.866,Haut-Sassandra,Maïs,Argileux,Pluies,227.7,28.7,86.1,1,1.89
2024-07-18,2024,7,3,200,-0.5,-0.866,Haut-Sassandra,Maïs,Limoneux,Pluies,165.3,25.8,80.8,0,1.92
2023-01-16,2023,1,1,16,0.5,0.866,Haut-Sassandra,Manioc,Limoneux,Seche,47.3,27.0,54.9,0,12.64
2022-07-12,2022,7,3,193,-0.5,-0.866,Nawa,Cacao,Limoneux,Pluies,176.8,24.4,88.5,0,1.62
2021-03-05,2021,3,1,64,1.0,0.0,Haut-Sassandra,Manioc,Limoneux,Seche,29.9,31.3,55.5,0,11.26
2024-06-07,2024,6,2,159,0.0,-1.0,Haut-Sassandra,Manioc,Limoneux,Pluies,173.7,29.0,84.9,0,16.23
2023-07-31,2023,7,3,212,-0.5,-0.866,Haut-Sassandra,Maïs,Argileux,Pluies,227.0,26.5,84.8,0,1.84
2021-09-06,2021,9,3,249,-1.0,-0.0,Nawa,Maïs,Argileux,Pluies,230.8,26.7,82.8,1,1.25
2024-06-23,2024,6,2,175,0.0,-1.0,Poro,Anacarde,Sablonneux,Pluies,160.7,28.2,75.4,1,1.11
2023-07-29,2023,7,3,210,-0.5,-0.866,Nawa,Manioc,Limoneux,Pluies,175.0,23.4,78.0,0,17.39
2021-06-06,2021,6,2,157,0.0,-1.0,Haut-Sassandra,Manioc,Limoneux,Pluies,195.0,24.8,87.4,0,18.41
2023-01-05,2023,1,1,5,0.5,0.866,Nawa,Manioc,Argileux,Seche,52.9,28.6,65.2,0,11.49
2023-09-12,2023,9,3,255,-1.0,-0.0,Haut-Sassandra,Manioc,Limoneux,Pluies,246.9,26.0,88.0,1,11.07
2024-01-17,2024,1,1,17,0.5,0.866,Nawa,Manioc,Limoneux,Seche,54.1,30.9,62.4,0,10.1
2024-08-29,2024,8,3,242,-0.866,-0.5,Poro,Maïs,Limoneux,Pluies,184.7,22.3,68.5,0,1.24
2023-12-26,2023,12,4,360,-0.0,1.0,Nawa,Maïs,Argileux,Seche,62.5,25.6,66.7,0,1.2
2022-10-24,2022,10,4,297,-0.866,0.5,Nawa,Manioc,Limoneux,Pluies,203.3,28.3,91.4,0,16.21
2023-11-10,2023,11,4,314,-0.5,0.866,Poro,Anacarde,Sablonneux,Seche,3.5,32.3,44.9,0,0.86
2021-02-02,2021,2,1,33,0.866,0.5,Haut-Sassandra,Cacao,Argileux,Seche,44.3,26.6,60.6,0,1.08
2022-07-12,2022,7,3,193,-0.5,-0.866,Nawa,Anacarde,Argileux,Pluies,190.8,22.2,89.1,0,0.42
2021-03-14,2021,3,1,73,1.0,0.0,Poro,Manioc,Sablonneux,Seche,14.4,33.9,41.4,0,6.95
2023-04-05,2023,4,2,95,0.866,-0.5,Poro,Manioc,Sablonneux,Seche,23.8,35.3,44.5,0,7.05
2024-09-28,2024,9,3,272,-1.0,-0.0,Nawa,Manioc,Sablonneux,Pluies,119.5,22.1,79.6,1,10.87
2024-03-02,2024,3,1,62,1.0,0.0,Poro,Anacarde,Sablonneux,Seche,2.6,34.7,34.3,0,0.83
2023-12-15,2023,12,4,349,-0.0,1.0,Poro,Maïs,Limoneux,Seche,9.4,41.1,32.3,0,1.21
2021-03-02,2021,3,1,61,1.0,0.0,Poro,Anacarde,Limoneux,Seche,24.5,27.1,42.6,1,0.69
2021-09-29,2021,9,3,272,-1.0,-0.0,Haut-Sassandra,Cacao,Argileux,Pluies,196.4,29.0,84.2,1,1.87
2021-09-03,2021,9,3,246,-1.0,-0.0,Poro,Anacarde,Sablonneux,Pluies,147.5,29.5,73.6,0,0.72
2024-04-14,2024,4,2,105,0.866,-0.5,Nawa,Cacao,Argileux,Seche,21.0,27.0,64.0,1,1.01
2022-09-20,2022,9,3,263,-1.0,-0.0,Poro,Maïs,Limoneux,Pluies,150.7,26.3,83.8,0,1.89
2024-09-02,2024,9,3,246,-1.0,-0.0,Haut-Sassandra,Maïs,Limoneux,Pluies,155.1,27.2,89.9,1,1.74
2022-12-06,2022,12,4,340,-0.0,1.0,Haut-Sassandra,Manioc,Argileux,Seche,75.5,33.4,67.8,0,11.82
2022-10-24,2022,10,4,297,-0.866,0.5,Haut-Sassandra,Manioc,Argileux,Pluies,182.5,25.3,90.9,0,14.74
2024-02-29,2024,2,1,60,0.866,0.5,Poro,Cacao,Sablonneux,Seche,8.0,36.3,42.1,0,0.53
2024-01-31,2024,1,1,31,0.5,0.866,Poro,Anacarde,Sablonneux,Seche,21.6,33.0,33.1,0,0.83
2021-11-06,2021,11,4,310,-0.5,0.866,Nawa,Cacao,Argileux,Seche,30.0,31.0,76.0,0,1.16
2024-08-08,2024,8,3,221,-0.866,-0.5,Haut-Sassandra,Manioc,Sablonneux,Seche,52.9,30.7,68.1,1,11.1
2022-05-10,2022,5,2,130,0.5,-0.866,Haut-Sassandra,Cacao,Argileux,Pluies,184.5,27.7,85.6,1,1.69
2024-10-16,2024,10,4,290,-0.866,0.5,Haut-Sassandra,Manioc,Argileux,Pluies,164.0,27.7,87.3,0,16.82
2021-12-04,2021,12,4,338,-0.0,1.0,Nawa,Cacao,Argileux,Seche,31.3,26.9,61.7,0,1.11
2022-08-02,2022,8,3,214,-0.866,-0.5,Nawa,Cacao,Limoneux,Seche,47.2,28.0,74.8,0,1.05
2021-01-10,2021,1,1,10,0.5,0.866,Nawa,Manioc,Limoneux,Seche,52.4,30.6,72.1,0,13.63
2021-02-18,2021,2,1,49,0.866,0.5,Nawa,Cacao,Limoneux,Seche,25.5,34.0,58.4,0,1.0
2022-09-15,2022,9,3,258,-1.0,-0.0,Haut-Sassandra,Maïs,Limoneux,Pluies,165.5,27.1,80.4,1,2.16
2024-09-06,2024,9,3,250,-1.0,-0.0,Haut-Sassandra,Cacao,Sablonneux,Pluies,201.9,26.2,85.2,1,1.43
2023-01-01,2023,1,1,1,0.5,0.866,Haut-Sassandra,Cacao,Limoneux,Seche,29.2,29.0,62.4,0,1.11
2023-03-06,2023,3,1,65,1.0,0.0,Nawa,Maïs,Argileux,Seche,19.6,28.1,58.8,0,1.33
2023-08-29,2023,8,3,241,-0.866,-0.5,Haut-Sassandra,Cacao,Argileux,Seche,30.7,31.0,71.8,1,1.09
2021-05-13,2021,5,2,133,0.5,-0.866,Haut-Sassandra,Cacao,Argileux,Pluies,131.2,23.8,86.2,1,1.67
2021-03-24,2021,3,1,83,1.0,0.0,Nawa,Manioc,Argileux,Seche,45.9,29.4,70.0,0,9.92
2021-02-26,2021,2,1,57,0.866,0.5,Haut-Sassandra,Manioc,Argileux,Seche,33.8,26.7,76.2,0,10.19
2022-01-11,2022,1,1,11,0.5,0.866,Poro,Anacarde,Sablonneux,Seche,14.6,32.9,28.5,0,0.87
2021-12-15,2021,12,4,349,-0.0,1.0,Nawa,Cacao,Argileux,Seche,19.3,35.6,71.2,0,1.25
2021-09-28,2021,9,3,271,-1.0,-0.0,Nawa,Cacao,Limoneux,Pluies,211.6,26.7,87.1,1,1.54
2021-04-21,2021,4,2,111,0.866,-0.5,Haut-Sassandra,Manioc,Limoneux,Seche,50.5,28.2,80.7,1,12.94
2023-05-19,2023,5,2,139,0.5,-0.866,Nawa,Cacao,Limoneux,Pluies,124.1,29.7,90.3,0,1.07
2023-06-06,2023,6,2,157,0.0,-1.0,Nawa,Maïs,Limoneux,Pluies,166.3,26.8,92.0,0,1.92
2021-03-17,2021,3,1,76,1.0,0.0,Poro,Anacarde,Sablonneux,Seche,5.2,31.4,52.2,0,0.68
2024-03-27,2024,3,1,87,1.0,0.0,Nawa,Cacao,Limoneux,Seche,52.5,29.1,68.9,0,1.06
2021-11-25,2021,11,4,329,-0.5,0.866,Nawa,Cacao,Argileux,Seche,44.3,30.2,63.3,0,1.16
2021-05-02,2021,5,2,122,0.5,-0.866,Haut-Sassandra,Maïs,Limoneux,Pluies,181.7,28.6,80.9,1,1.99
2021-02-10,2021,2,1,41,0.866,0.5,Haut-Sassandra,Maïs,Sablonneux,Seche,61.0,31.1,62.0,0,1.25
2024-04-05,2024,4,2,96,0.866,-0.5,Poro,Anacarde,Limoneux,Seche,19.8,33.5,55.3,0,0.67
2023-07-11,2023,7,3,192,-0.5,-0.866,Poro,Manioc,Sablonneux,Pluies,127.9,27.7,78.6,0,8.11
2022-10-04,2022,10,4,277,-0.866,0.5,Nawa,Manioc,Argileux,Pluies,201.8,27.2,82.0,1,18.16
2023-11-13,2023,11,4,317,-0.5,0.866,Poro,Anacarde,Sablonneux,Seche,9.7,32.8,38.6,0,0.71
2021-10-06,2021,10,4,279,-0.866,0.5,Nawa,Cacao,Limoneux,Pluies,170.7,25.0,88.2,0,1.64
2023-02-02,2023,2,1,33,0.866,0.5,Poro,Maïs,Sablonneux,Seche,8.6,34.4,51.2,0,1.2
2022-04-14,2022,4,2,104,0.866,-0.5,Nawa,Cacao,Argileux,Seche,37.0,32.0,70.8,1,1.09
2024-11-24,2024,11,4,329,-0.5,0.866,Haut-Sassandra,Cacao,Sablonneux,Seche,49.4,31.1,67.8,0,1.16
2021-01-09,2021,1,1,9,0.5,0.866,Haut-Sassandra,Maïs,Limoneux,Seche,50.4,31.8,54.4,0,1.35
